ISO-10303-21;
HEADER;
/* Generated by software containing ST-Developer
 * from STEP Tools, Inc. (www.steptools.com) 
 */

FILE_DESCRIPTION(
/* description */ (''),
/* implementation_level */ '2;1');

FILE_NAME(
/* name */ 'BusStop852 Pole.step',
/* time_stamp */ '2026-07-30T16:54:21+08:00',
/* author */ (''),
/* organization */ (''),
/* preprocessor_version */ 'ST-DEVELOPER v20.1',
/* originating_system */ 'Autodesk Translation Framework v15.8.0.0',
/* authorisation */ '');

FILE_SCHEMA (('AUTOMOTIVE_DESIGN { 1 0 10303 214 3 1 1 }'));
ENDSEC;

DATA;
#10=MECHANICAL_DESIGN_GEOMETRIC_PRESENTATION_REPRESENTATION('',(#22,#23,
#24,#25,#26,#27),#2477);
#11=SHAPE_REPRESENTATION_RELATIONSHIP('SRR','None',#2483,#12);
#12=ADVANCED_BREP_SHAPE_REPRESENTATION('',(#13),#2476);
#13=MANIFOLD_SOLID_BREP('Pole',#343);
#14=PLANE('',#360);
#15=PLANE('',#365);
#16=PLANE('',#368);
#17=PLANE('',#369);
#18=B_SPLINE_SURFACE_WITH_KNOTS('',3,3,((#864,#865,#866,#867,#868,#869,
#870,#871,#872,#873,#874,#875,#876,#877,#878,#879,#880,#881,#882,#883,#884,
#885,#886,#887,#888,#889,#890,#891,#892,#893,#894,#895,#896),(#897,#898,
#899,#900,#901,#902,#903,#904,#905,#906,#907,#908,#909,#910,#911,#912,#913,
#914,#915,#916,#917,#918,#919,#920,#921,#922,#923,#924,#925,#926,#927,#928,
#929),(#930,#931,#932,#933,#934,#935,#936,#937,#938,#939,#940,#941,#942,
#943,#944,#945,#946,#947,#948,#949,#950,#951,#952,#953,#954,#955,#956,#957,
#958,#959,#960,#961,#962),(#963,#964,#965,#966,#967,#968,#969,#970,#971,
#972,#973,#974,#975,#976,#977,#978,#979,#980,#981,#982,#983,#984,#985,#986,
#987,#988,#989,#990,#991,#992,#993,#994,#995)),.UNSPECIFIED.,.F.,.F.,.F.,
(4,4),(4,1,1,1,1,1,1,1,1,1,1,1,1,1,1,1,1,1,1,1,1,1,1,1,1,1,1,1,1,1,4),(0.,
0.164689164286341),(8.30638927278256,8.7942531290809,9.28211698537925,9.7699808416776,
10.2578446979759,10.7457085542743,11.2335724105726,11.721436266871,12.2093001231693,
12.6971639794677,13.185027835766,13.6728916920644,14.1607555483627,14.6486194046611,
15.1364832609594,15.6243471172578,16.1122109735561,16.6000748298545,17.0879386861528,
17.5758025424512,18.0636663987495,18.5515302550479,19.0393941113462,19.5272579676446,
20.0151218239429,20.5029856802413,20.9908495365396,21.478713392838,21.9665772491363,
22.4544411054347,22.942304961733),.UNSPECIFIED.);
#19=B_SPLINE_SURFACE_WITH_KNOTS('',3,3,((#1420,#1421,#1422,#1423,#1424,
#1425,#1426,#1427,#1428,#1429,#1430,#1431,#1432,#1433,#1434,#1435,#1436,
#1437,#1438,#1439,#1440,#1441,#1442,#1443,#1444,#1445,#1446,#1447,#1448,
#1449,#1450,#1451,#1452),(#1453,#1454,#1455,#1456,#1457,#1458,#1459,#1460,
#1461,#1462,#1463,#1464,#1465,#1466,#1467,#1468,#1469,#1470,#1471,#1472,
#1473,#1474,#1475,#1476,#1477,#1478,#1479,#1480,#1481,#1482,#1483,#1484,
#1485),(#1486,#1487,#1488,#1489,#1490,#1491,#1492,#1493,#1494,#1495,#1496,
#1497,#1498,#1499,#1500,#1501,#1502,#1503,#1504,#1505,#1506,#1507,#1508,
#1509,#1510,#1511,#1512,#1513,#1514,#1515,#1516,#1517,#1518),(#1519,#1520,
#1521,#1522,#1523,#1524,#1525,#1526,#1527,#1528,#1529,#1530,#1531,#1532,
#1533,#1534,#1535,#1536,#1537,#1538,#1539,#1540,#1541,#1542,#1543,#1544,
#1545,#1546,#1547,#1548,#1549,#1550,#1551)),.UNSPECIFIED.,.F.,.F.,.F.,(4,
4),(4,1,1,1,1,1,1,1,1,1,1,1,1,1,1,1,1,1,1,1,1,1,1,1,1,1,1,1,1,1,4),(0.,
0.164689164286341),(11.6152142277547,12.1030780840531,12.5909419403514,
13.0788057966498,13.5666696529481,14.0545335092465,14.5423973655448,15.0302612218432,
15.5181250781415,16.0059889344399,16.4938527907382,16.9817166470366,17.4695805033349,
17.9574443596333,18.4453082159316,18.93317207223,19.4210359285283,19.9088997848267,
20.396763641125,20.8846274974234,21.3724913537217,21.8603552100201,22.3482190663184,
22.8360829226168,23.3239467789151,23.8118106352135,24.2996744915118,24.7875383478101,
25.2754022041085,25.7632660604068,26.2511299167052),.UNSPECIFIED.);
#20=B_SPLINE_SURFACE_WITH_KNOTS('',3,3,((#1938,#1939,#1940,#1941,#1942,
#1943,#1944,#1945,#1946,#1947,#1948,#1949,#1950,#1951,#1952,#1953,#1954,
#1955,#1956,#1957,#1958,#1959,#1960,#1961,#1962,#1963,#1964,#1965,#1966,
#1967,#1968,#1969,#1970),(#1971,#1972,#1973,#1974,#1975,#1976,#1977,#1978,
#1979,#1980,#1981,#1982,#1983,#1984,#1985,#1986,#1987,#1988,#1989,#1990,
#1991,#1992,#1993,#1994,#1995,#1996,#1997,#1998,#1999,#2000,#2001,#2002,
#2003),(#2004,#2005,#2006,#2007,#2008,#2009,#2010,#2011,#2012,#2013,#2014,
#2015,#2016,#2017,#2018,#2019,#2020,#2021,#2022,#2023,#2024,#2025,#2026,
#2027,#2028,#2029,#2030,#2031,#2032,#2033,#2034,#2035,#2036),(#2037,#2038,
#2039,#2040,#2041,#2042,#2043,#2044,#2045,#2046,#2047,#2048,#2049,#2050,
#2051,#2052,#2053,#2054,#2055,#2056,#2057,#2058,#2059,#2060,#2061,#2062,
#2063,#2064,#2065,#2066,#2067,#2068,#2069)),.UNSPECIFIED.,.F.,.F.,.F.,(4,
4),(4,1,1,1,1,1,1,1,1,1,1,1,1,1,1,1,1,1,1,1,1,1,1,1,1,1,1,1,1,1,4),(0.,
0.164689164286341),(8.30638927278253,8.79425312908088,9.28211698537923,
9.76998084167758,10.2578446979759,10.7457085542743,11.2335724105726,11.721436266871,
12.2093001231693,12.6971639794677,13.185027835766,13.6728916920644,14.1607555483627,
14.6486194046611,15.1364832609594,15.6243471172577,16.1122109735561,16.6000748298544,
17.0879386861528,17.5758025424511,18.0636663987495,18.5515302550478,19.0393941113462,
19.5272579676445,20.0151218239429,20.5029856802412,20.9908495365396,21.4787133928379,
21.9665772491363,22.4544411054346,22.942304961733),.UNSPECIFIED.);
#21=B_SPLINE_SURFACE_WITH_KNOTS('',3,3,((#2219,#2220,#2221,#2222,#2223,
#2224,#2225,#2226,#2227,#2228,#2229,#2230,#2231,#2232,#2233,#2234,#2235,
#2236,#2237,#2238,#2239,#2240,#2241,#2242,#2243,#2244,#2245,#2246,#2247,
#2248,#2249,#2250,#2251),(#2252,#2253,#2254,#2255,#2256,#2257,#2258,#2259,
#2260,#2261,#2262,#2263,#2264,#2265,#2266,#2267,#2268,#2269,#2270,#2271,
#2272,#2273,#2274,#2275,#2276,#2277,#2278,#2279,#2280,#2281,#2282,#2283,
#2284),(#2285,#2286,#2287,#2288,#2289,#2290,#2291,#2292,#2293,#2294,#2295,
#2296,#2297,#2298,#2299,#2300,#2301,#2302,#2303,#2304,#2305,#2306,#2307,
#2308,#2309,#2310,#2311,#2312,#2313,#2314,#2315,#2316,#2317),(#2318,#2319,
#2320,#2321,#2322,#2323,#2324,#2325,#2326,#2327,#2328,#2329,#2330,#2331,
#2332,#2333,#2334,#2335,#2336,#2337,#2338,#2339,#2340,#2341,#2342,#2343,
#2344,#2345,#2346,#2347,#2348,#2349,#2350)),.UNSPECIFIED.,.F.,.F.,.F.,(4,
4),(4,1,1,1,1,1,1,1,1,1,1,1,1,1,1,1,1,1,1,1,1,1,1,1,1,1,1,1,1,1,4),(0.,
0.164689164286341),(11.6152142277547,12.1030780840531,12.5909419403514,
13.0788057966498,13.5666696529481,14.0545335092465,14.5423973655448,15.0302612218432,
15.5181250781415,16.0059889344398,16.4938527907382,16.9817166470365,17.4695805033349,
17.9574443596332,18.4453082159316,18.9331720722299,19.4210359285283,19.9088997848266,
20.396763641125,20.8846274974233,21.3724913537217,21.86035521002,22.3482190663184,
22.8360829226167,23.3239467789151,23.8118106352134,24.2996744915118,24.7875383478101,
25.2754022041085,25.7632660604068,26.2511299167052),.UNSPECIFIED.);
#22=STYLED_ITEM('',(#2494),#326);
#23=STYLED_ITEM('',(#2494),#327);
#24=STYLED_ITEM('',(#2494),#328);
#25=STYLED_ITEM('',(#2494),#329);
#26=STYLED_ITEM('',(#2494),#336);
#27=STYLED_ITEM('',(#2492),#13);
#28=FACE_OUTER_BOUND('',#47,.T.);
#29=FACE_OUTER_BOUND('',#48,.T.);
#30=FACE_OUTER_BOUND('',#49,.T.);
#31=FACE_OUTER_BOUND('',#50,.T.);
#32=FACE_OUTER_BOUND('',#51,.T.);
#33=FACE_OUTER_BOUND('',#52,.T.);
#34=FACE_OUTER_BOUND('',#53,.T.);
#35=FACE_OUTER_BOUND('',#54,.T.);
#36=FACE_OUTER_BOUND('',#55,.T.);
#37=FACE_OUTER_BOUND('',#56,.T.);
#38=FACE_OUTER_BOUND('',#57,.T.);
#39=FACE_OUTER_BOUND('',#58,.T.);
#40=FACE_OUTER_BOUND('',#59,.T.);
#41=FACE_OUTER_BOUND('',#60,.T.);
#42=FACE_OUTER_BOUND('',#61,.T.);
#43=FACE_OUTER_BOUND('',#62,.T.);
#44=FACE_OUTER_BOUND('',#63,.T.);
#45=FACE_OUTER_BOUND('',#64,.T.);
#46=FACE_OUTER_BOUND('',#65,.T.);
#47=EDGE_LOOP('',(#211,#212,#213,#214));
#48=EDGE_LOOP('',(#215,#216,#217,#218));
#49=EDGE_LOOP('',(#219,#220,#221,#222));
#50=EDGE_LOOP('',(#223,#224,#225,#226,#227,#228,#229,#230,#231,#232,#233,
#234));
#51=EDGE_LOOP('',(#235,#236,#237,#238));
#52=EDGE_LOOP('',(#239,#240,#241,#242));
#53=EDGE_LOOP('',(#243,#244,#245,#246));
#54=EDGE_LOOP('',(#247,#248,#249,#250));
#55=EDGE_LOOP('',(#251,#252,#253,#254,#255,#256,#257,#258));
#56=EDGE_LOOP('',(#259,#260,#261,#262,#263));
#57=EDGE_LOOP('',(#264,#265,#266,#267));
#58=EDGE_LOOP('',(#268,#269,#270,#271,#272,#273,#274,#275));
#59=EDGE_LOOP('',(#276,#277,#278,#279));
#60=EDGE_LOOP('',(#280,#281,#282,#283,#284));
#61=EDGE_LOOP('',(#285,#286,#287,#288,#289,#290,#291,#292));
#62=EDGE_LOOP('',(#293,#294,#295,#296));
#63=EDGE_LOOP('',(#297,#298,#299,#300,#301,#302,#303,#304));
#64=EDGE_LOOP('',(#305,#306,#307,#308));
#65=EDGE_LOOP('',(#309,#310,#311,#312));
#66=CIRCLE('',#346,8.469);
#67=CIRCLE('',#349,9.89525);
#68=CIRCLE('',#351,9.89525);
#69=CIRCLE('',#352,9.89525);
#70=CIRCLE('',#353,9.89525);
#71=CIRCLE('',#354,9.89525);
#72=CIRCLE('',#358,8.469);
#73=CIRCLE('',#361,8.469);
#74=CIRCLE('',#364,9.89525);
#75=CIRCLE('',#367,8.469);
#76=B_SPLINE_CURVE_WITH_KNOTS('',3,(#437,#438,#439,#440,#441,#442,#443,
#444),.UNSPECIFIED.,.F.,.F.,(4,1,1,1,1,4),(21.9911485751286,22.3482190663184,
22.8360829226167,23.3239467789151,23.8118106352134,24.1815848421139),
 .UNSPECIFIED.);
#77=B_SPLINE_CURVE_WITH_KNOTS('',3,(#447,#448,#449,#450,#451),
 .UNSPECIFIED.,.F.,.F.,(4,1,4),(21.9911485751286,22.4544411054346,22.942304961733),
 .UNSPECIFIED.);
#78=B_SPLINE_CURVE_WITH_KNOTS('',3,(#456,#457,#458,#459,#460,#461,#462,
#463,#464,#465,#466,#467,#468,#469,#470,#471,#472),.UNSPECIFIED.,.F.,.F.,
(4,1,1,1,1,1,1,1,1,1,1,1,1,1,4),(15.707963267949,16.0059889344398,16.4938527907382,
16.9817166470365,17.4695805033349,17.9574443596332,18.4453082159316,18.9331720722299,
19.4210359285283,19.9088997848266,20.396763641125,20.8846274974233,21.3724913537217,
21.86035521002,21.9911485751286),.UNSPECIFIED.);
#79=B_SPLINE_CURVE_WITH_KNOTS('',3,(#473,#474,#475,#476,#477,#478,#479,
#480,#481,#482,#483,#484,#485,#486,#487,#488,#489),.UNSPECIFIED.,.F.,.F.,
(4,1,1,1,1,1,1,1,1,1,1,1,1,1,4),(15.707963267949,16.1122109735561,16.6000748298544,
17.0879386861528,17.5758025424511,18.0636663987495,18.5515302550478,19.0393941113462,
19.5272579676445,20.0151218239429,20.5029856802412,20.9908495365396,21.4787133928379,
21.9665772491363,21.9911485751286),.UNSPECIFIED.);
#80=B_SPLINE_CURVE_WITH_KNOTS('',3,(#495,#496,#497,#498,#499,#500,#501,
#502,#503,#504,#505,#506,#507,#508,#509,#510),.UNSPECIFIED.,.F.,.F.,(4,
3,3,3,3,4),(-4.09274904019425,-3.90291085038678,-3.41504699408844,-2.92718313779009,
-2.43931928149174,-2.06954507459124),.UNSPECIFIED.);
#81=B_SPLINE_CURVE_WITH_KNOTS('',3,(#513,#514,#515,#516,#517,#518,#519,
#520,#521,#522),.UNSPECIFIED.,.F.,.F.,(4,3,3,4),(0.,0.487863856298348,0.975727712596695,
1.11838868798685),.UNSPECIFIED.);
#82=B_SPLINE_CURVE_WITH_KNOTS('',3,(#528,#529,#530,#531,#532,#533,#534,
#535,#536,#537,#538,#539,#540,#541,#542,#543),.UNSPECIFIED.,.F.,.F.,(4,
3,3,3,3,4),(-4.09274904019423,-3.90291085038679,-3.41504699408844,-2.92718313779009,
-2.43931928149174,-2.06954507459126),.UNSPECIFIED.);
#83=B_SPLINE_CURVE_WITH_KNOTS('',3,(#551,#552,#553,#554,#555,#556,#557,
#558,#559,#560,#561,#562,#563,#564,#565,#566,#567,#568,#569,#570,#571,#572,
#573,#574,#575,#576,#577,#578),.UNSPECIFIED.,.F.,.F.,(4,3,3,3,3,3,3,3,3,
4),(-14.6359156889504,-14.1480518326521,-13.6601879763537,-13.1723241200554,
-12.684460263757,-12.1965964074587,-11.7087325511604,-11.220868694862,-10.7330048385637,
-10.3759343473738),.UNSPECIFIED.);
#84=B_SPLINE_CURVE_WITH_KNOTS('',3,(#582,#583,#584,#585,#586,#587,#588,
#589,#590,#591,#592,#593,#594,#595,#596,#597,#598,#599,#600,#601,#602,#603,
#604,#605,#606,#607,#608,#609,#610,#611,#612,#613,#614,#615),
 .UNSPECIFIED.,.F.,.F.,(4,3,3,3,3,3,3,3,3,3,3,4),(7.40157399516643,7.80582170077356,
8.29368555707191,8.78154941337026,9.26941326966861,9.75727712596696,10.2451409822653,
10.7330048385636,11.220868694862,11.7087325511603,12.1965964074587,12.5663706143591),
 .UNSPECIFIED.);
#85=B_SPLINE_CURVE_WITH_KNOTS('',3,(#619,#620,#621,#622,#623,#624,#625,
#626,#627,#628),.UNSPECIFIED.,.F.,.F.,(4,3,3,4),(0.,0.48786385629835,0.975727712596697,
1.11838868798682),.UNSPECIFIED.);
#86=B_SPLINE_CURVE_WITH_KNOTS('',3,(#630,#631,#632,#633,#634,#635,#636,
#637,#638,#639,#640,#641,#642,#643,#644,#645,#646,#647,#648,#649,#650,#651,
#652,#653,#654,#655,#656,#657,#658,#659,#660,#661,#662,#663,#664,#665,#666,
#667,#668,#669,#670,#671,#672),.UNSPECIFIED.,.F.,.F.,(4,3,3,3,3,3,3,3,3,
3,3,3,3,3,4),(-10.3759343473738,-10.2451409822653,-9.75727712596696,-9.26941326966861,
-8.78154941337026,-8.29368555707192,-7.80582170077357,-7.31795784447522,
-6.83009398817687,-6.34223013187852,-5.85436627558017,-5.36650241928183,
-4.87863856298348,-4.39077470668513,-4.09274904019425),.UNSPECIFIED.);
#87=B_SPLINE_CURVE_WITH_KNOTS('',3,(#673,#674,#675,#676,#677,#678,#679,
#680,#681,#682,#683,#684,#685,#686,#687,#688,#689,#690,#691,#692,#693,#694,
#695,#696,#697,#698,#699,#700,#701,#702,#703,#704,#705,#706,#707,#708,#709,
#710,#711,#712,#713,#714,#715),.UNSPECIFIED.,.F.,.F.,(4,3,3,3,3,3,3,3,3,
3,3,3,3,3,4),(1.11838868798685,1.46359156889504,1.95145542519339,2.43931928149174,
2.92718313779009,3.41504699408843,3.90291085038678,4.39077470668513,4.87863856298348,
5.36650241928182,5.85436627558017,6.34223013187852,6.83009398817687,7.31795784447521,
7.40157399516643),.UNSPECIFIED.);
#88=B_SPLINE_CURVE_WITH_KNOTS('',3,(#720,#721,#722,#723,#724,#725,#726,
#727,#728,#729,#730,#731,#732,#733,#734,#735,#736,#737,#738,#739,#740,#741,
#742,#743,#744,#745,#746,#747,#748,#749,#750,#751,#752,#753,#754,#755,#756,
#757,#758,#759,#760,#761,#762),.UNSPECIFIED.,.F.,.F.,(4,3,3,3,3,3,3,3,3,
3,3,3,3,3,4),(-10.3759343473738,-10.2451409822653,-9.75727712596698,-9.26941326966863,
-8.78154941337028,-8.29368555707193,-7.80582170077359,-7.31795784447523,
-6.83009398817688,-6.34223013187854,-5.85436627558019,-5.36650241928184,
-4.87863856298349,-4.39077470668514,-4.09274904019423),.UNSPECIFIED.);
#89=B_SPLINE_CURVE_WITH_KNOTS('',3,(#763,#764,#765,#766,#767,#768,#769,
#770,#771,#772,#773,#774,#775,#776,#777,#778,#779,#780,#781,#782,#783,#784,
#785,#786,#787,#788,#789,#790,#791,#792,#793,#794,#795,#796,#797,#798,#799,
#800,#801,#802,#803,#804,#805),.UNSPECIFIED.,.F.,.F.,(4,3,3,3,3,3,3,3,3,
3,3,3,3,3,4),(1.11838868798682,1.46359156889505,1.9514554251934,2.43931928149174,
2.92718313779009,3.41504699408844,3.90291085038679,4.39077470668514,4.87863856298348,
5.36650241928183,5.85436627558018,6.34223013187853,6.83009398817688,7.31795784447523,
7.40157399516641),.UNSPECIFIED.);
#90=B_SPLINE_CURVE_WITH_KNOTS('',3,(#811,#812,#813,#814,#815,#816,#817,
#818),.UNSPECIFIED.,.F.,.F.,(4,1,1,1,1,4),(21.9911485751286,22.3482190663184,
22.8360829226168,23.3239467789151,23.8118106352135,24.1815848421139),
 .UNSPECIFIED.);
#91=B_SPLINE_CURVE_WITH_KNOTS('',3,(#821,#822,#823,#824,#825),
 .UNSPECIFIED.,.F.,.F.,(4,1,4),(21.9911485751286,22.4544411054347,22.942304961733),
 .UNSPECIFIED.);
#92=B_SPLINE_CURVE_WITH_KNOTS('',3,(#830,#831,#832,#833,#834,#835,#836,
#837,#838,#839,#840,#841,#842,#843,#844,#845,#846),.UNSPECIFIED.,.F.,.F.,
(4,1,1,1,1,1,1,1,1,1,1,1,1,1,4),(15.707963267949,16.0059889344399,16.4938527907382,
16.9817166470366,17.4695805033349,17.9574443596333,18.4453082159316,18.93317207223,
19.4210359285283,19.9088997848267,20.396763641125,20.8846274974234,21.3724913537217,
21.8603552100201,21.9911485751286),.UNSPECIFIED.);
#93=B_SPLINE_CURVE_WITH_KNOTS('',3,(#847,#848,#849,#850,#851,#852,#853,
#854,#855,#856,#857,#858,#859,#860,#861,#862,#863),.UNSPECIFIED.,.F.,.F.,
(4,1,1,1,1,1,1,1,1,1,1,1,1,1,4),(15.707963267949,16.1122109735561,16.6000748298545,
17.0879386861528,17.5758025424512,18.0636663987495,18.5515302550479,19.0393941113462,
19.5272579676446,20.0151218239429,20.5029856802413,20.9908495365396,21.478713392838,
21.9665772491363,21.9911485751286),.UNSPECIFIED.);
#94=B_SPLINE_CURVE_WITH_KNOTS('',3,(#997,#998,#999,#1000,#1001,#1002,#1003,
#1004,#1005,#1006,#1007,#1008,#1009,#1010,#1011,#1012,#1013,#1014,#1015,
#1016,#1017,#1018,#1019,#1020,#1021,#1022,#1023,#1024,#1025,#1026,#1027,
#1028,#1029,#1030,#1031,#1032,#1033,#1034,#1035,#1036,#1037,#1038,#1039,
#1040,#1041,#1042,#1043,#1044,#1045,#1046,#1047,#1048,#1049,#1050,#1051,
#1052,#1053,#1054,#1055,#1056,#1057,#1058,#1059,#1060,#1061,#1062,#1063,
#1064,#1065,#1066,#1067,#1068,#1069,#1070,#1071,#1072,#1073,#1074,#1075,
#1076,#1077,#1078,#1079,#1080,#1081,#1082,#1083,#1084,#1085,#1086,#1087,
#1088,#1089,#1090,#1091,#1092,#1093,#1094,#1095,#1096,#1097,#1098,#1099,
#1100,#1101,#1102,#1103,#1104,#1105,#1106,#1107,#1108,#1109,#1110,#1111,
#1112,#1113,#1114,#1115,#1116,#1117),.UNSPECIFIED.,.F.,.F.,(4,3,3,3,3,3,
3,3,3,3,3,3,3,3,3,3,3,3,3,3,3,3,3,3,3,3,3,3,3,3,3,3,3,3,3,3,3,3,3,3,4),
(0.,0.073152737904223,0.11694350010944,0.190275301617824,0.2635560381344,
0.336244140387964,0.368043007457595,0.378012940698079,0.385942608720069,
0.45772733395854,0.529101929739573,0.590635076945012,0.662405263516268,
0.710627071515167,0.733946084690188,0.746590002157253,0.75637289337696,
0.829324601909586,0.899558459774972,0.969331594935429,1.03800744660333,
1.04817972750746,1.10333085927519,1.11163852665509,1.18007939002362,1.24892852489053,
1.3173759577473,1.38513007361487,1.43725942763206,1.45838407006755,1.4667261256381,
1.48938878164926,1.55692991618904,1.62448328289202,1.66065558207172,1.68365954267555,
1.69605145891633,1.76250484034539,1.82854967651814,1.89352082892244,1.91386167632965),
 .UNSPECIFIED.);
#95=B_SPLINE_CURVE_WITH_KNOTS('',3,(#1118,#1119,#1120,#1121,#1122,#1123,
#1124,#1125,#1126,#1127,#1128,#1129,#1130,#1131,#1132,#1133,#1134,#1135,
#1136,#1137,#1138,#1139,#1140,#1141,#1142,#1143,#1144,#1145,#1146,#1147,
#1148,#1149,#1150,#1151),.UNSPECIFIED.,.F.,.F.,(4,3,3,3,3,3,3,3,3,3,3,4),
(7.40157399516641,7.80582170077358,8.29368555707192,8.78154941337027,9.26941326966862,
9.75727712596697,10.2451409822653,10.7330048385637,11.220868694862,11.7087325511604,
12.1965964074587,12.5663706143592),.UNSPECIFIED.);
#96=B_SPLINE_CURVE_WITH_KNOTS('',3,(#1153,#1154,#1155,#1156,#1157,#1158,
#1159,#1160,#1161,#1162,#1163,#1164,#1165,#1166,#1167,#1168,#1169,#1170,
#1171,#1172,#1173,#1174,#1175,#1176,#1177,#1178,#1179,#1180,#1181,#1182,
#1183,#1184,#1185,#1186,#1187,#1188,#1189,#1190,#1191,#1192,#1193,#1194,
#1195,#1196,#1197,#1198,#1199,#1200,#1201,#1202,#1203,#1204,#1205,#1206,
#1207,#1208,#1209,#1210,#1211,#1212,#1213,#1214,#1215,#1216,#1217,#1218,
#1219,#1220,#1221,#1222,#1223,#1224,#1225,#1226,#1227,#1228,#1229,#1230,
#1231,#1232,#1233,#1234,#1235,#1236,#1237,#1238,#1239,#1240,#1241,#1242,
#1243,#1244,#1245,#1246,#1247,#1248,#1249,#1250,#1251,#1252,#1253,#1254,
#1255,#1256,#1257,#1258,#1259,#1260,#1261,#1262,#1263,#1264,#1265,#1266,
#1267,#1268,#1269,#1270),.UNSPECIFIED.,.F.,.F.,(4,3,3,3,3,3,3,3,3,3,3,3,
3,3,3,3,3,3,3,3,3,3,3,3,3,3,3,3,3,3,3,3,3,3,3,3,3,3,3,4),(-1.91386167632966,
-1.8473898597235,-1.81262230260142,-1.74659314245427,-1.7012952462038,-1.69015813697661,
-1.68059156015892,-1.61384223193517,-1.54627182711545,-1.47873474609762,
-1.46637780669454,-1.45500976795779,-1.38420997245056,-1.31655417743638,
-1.24811259372183,-1.17930195165107,-1.11918326111771,-1.11114057888053,
-1.10358673641001,-1.03386230222138,-0.963508991155744,-0.938827189517629,
-0.868931722181218,-0.798667841556688,-0.758501086161631,-0.750262385268381,
-0.679222918723076,-0.607574196014051,-0.535737481357462,-0.47733379839623,
-0.417667073596701,-0.391562881496907,-0.381413896754795,-0.373020318605703,
-0.301300279821687,-0.225975209866266,-0.152604642804658,-0.076302321402329,
-0.00392271542283666,0.),.UNSPECIFIED.);
#97=B_SPLINE_CURVE_WITH_KNOTS('',3,(#1271,#1272,#1273,#1274,#1275,#1276,
#1277,#1278,#1279,#1280,#1281,#1282,#1283,#1284,#1285),.UNSPECIFIED.,.F.,
 .F.,(4,1,1,1,1,1,1,1,1,1,1,1,4),(10.3759343473738,10.7457085542743,11.2335724105726,
11.721436266871,12.2093001231693,12.6971639794677,13.185027835766,13.6728916920644,
14.1607555483627,14.6486194046611,15.1364832609594,15.6243471172578,15.707963267949),
 .UNSPECIFIED.);
#98=B_SPLINE_CURVE_WITH_KNOTS('',3,(#1288,#1289,#1290,#1291,#1292,#1293,
#1294,#1295,#1296,#1297,#1298,#1299,#1300,#1301,#1302,#1303,#1304,#1305,
#1306,#1307,#1308,#1309,#1310,#1311,#1312,#1313,#1314,#1315,#1316,#1317,
#1318,#1319,#1320,#1321,#1322,#1323,#1324,#1325,#1326,#1327,#1328,#1329,
#1330,#1331,#1332,#1333,#1334,#1335,#1336,#1337,#1338,#1339,#1340,#1341,
#1342,#1343,#1344,#1345,#1346,#1347,#1348,#1349,#1350,#1351,#1352,#1353,
#1354,#1355,#1356,#1357,#1358,#1359,#1360,#1361,#1362,#1363,#1364,#1365,
#1366,#1367,#1368,#1369,#1370,#1371,#1372,#1373,#1374,#1375,#1376,#1377,
#1378,#1379,#1380,#1381,#1382,#1383,#1384,#1385,#1386,#1387,#1388,#1389,
#1390,#1391,#1392,#1393,#1394,#1395,#1396,#1397,#1398,#1399,#1400,#1401,
#1402,#1403,#1404,#1405),.UNSPECIFIED.,.F.,.F.,(4,3,3,3,3,3,3,3,3,3,3,3,
3,3,3,3,3,3,3,3,3,3,3,3,3,3,3,3,3,3,3,3,3,3,3,3,3,3,3,4),(-1.90760546354383,
-1.83464263795547,-1.79112322320154,-1.71775664499119,-1.66802152217967,
-1.65448461023189,-1.64486436346203,-1.57252444601042,-1.5005387652815,
-1.42923748413085,-1.405841670483,-1.39462776215199,-1.32373639344072,-1.31987566249901,
-1.24887544307032,-1.17776008202743,-1.10707917664335,-1.04626375855212,
-1.03590802033474,-1.02776555685821,-0.95824933310134,-0.889118431928195,
-0.863817504278425,-0.794212879914765,-0.725054945274272,-0.687395825015517,
-0.679275494567493,-0.611226377497661,-0.543265235836542,-0.476160444049502,
-0.423781983204233,-0.370809235303704,-0.347633658097223,-0.337023800436496,
-0.329591323828513,-0.263290552926366,-0.196775144225497,-0.130669196543425,
-0.0653345982717127,0.),.UNSPECIFIED.);
#99=B_SPLINE_CURVE_WITH_KNOTS('',3,(#1408,#1409,#1410,#1411,#1412,#1413,
#1414,#1415,#1416,#1417,#1418,#1419),.UNSPECIFIED.,.F.,.F.,(4,1,1,1,1,1,
1,1,1,4),(11.6152142277547,12.1030780840531,12.5909419403514,13.0788057966498,
13.5666696529481,14.0545335092465,14.5423973655448,15.0302612218432,15.5181250781415,
15.707963267949),.UNSPECIFIED.);
#100=B_SPLINE_CURVE_WITH_KNOTS('',3,(#1553,#1554,#1555,#1556,#1557,#1558,
#1559,#1560,#1561,#1562,#1563,#1564,#1565,#1566,#1567,#1568,#1569,#1570,
#1571,#1572,#1573,#1574,#1575,#1576,#1577,#1578,#1579,#1580,#1581,#1582,
#1583,#1584,#1585,#1586,#1587,#1588,#1589,#1590,#1591,#1592,#1593,#1594,
#1595,#1596,#1597,#1598,#1599,#1600,#1601,#1602,#1603,#1604,#1605,#1606,
#1607,#1608,#1609,#1610,#1611,#1612,#1613,#1614,#1615,#1616,#1617,#1618,
#1619,#1620,#1621,#1622,#1623,#1624,#1625,#1626,#1627,#1628,#1629,#1630,
#1631,#1632,#1633,#1634,#1635,#1636,#1637,#1638,#1639,#1640,#1641,#1642,
#1643,#1644,#1645,#1646,#1647,#1648,#1649,#1650,#1651,#1652,#1653,#1654,
#1655,#1656,#1657,#1658,#1659,#1660,#1661,#1662,#1663,#1664,#1665,#1666,
#1667,#1668,#1669,#1670),.UNSPECIFIED.,.F.,.F.,(4,3,3,3,3,3,3,3,3,3,3,3,
3,3,3,3,3,3,3,3,3,3,3,3,3,3,3,3,3,3,3,3,3,3,3,3,3,3,3,4),(0.,0.0662257425671254,
0.10103938292185,0.166702575609502,0.233023663253917,0.299559856946613,
0.328231335708209,0.335988797872851,0.403351172026833,0.471449756136838,
0.52893168703938,0.596716155540226,0.643728227603357,0.664296009130977,
0.676479373357181,0.684481215606139,0.752700734826867,0.822095870341805,
0.89173694606306,0.961043051130702,0.972812732045274,1.03026784662388,1.04052141151721,
1.10985353425767,1.18018886310988,1.25130130183093,1.3223279454634,1.37739079706875,
1.39705756900077,1.406243120481,1.4324536486741,1.50367275831044,1.57565843270387,
1.61715181155887,1.64462465261482,1.65859477883581,1.73167277121448,1.80505338761174,
1.87813593087573,1.90760546354384),.UNSPECIFIED.);
#101=B_SPLINE_CURVE_WITH_KNOTS('',3,(#1671,#1672,#1673,#1674,#1675,#1676,
#1677,#1678,#1679,#1680,#1681,#1682,#1683,#1684,#1685,#1686,#1687,#1688,
#1689,#1690,#1691,#1692,#1693,#1694,#1695,#1696,#1697,#1698),
 .UNSPECIFIED.,.F.,.F.,(4,3,3,3,3,3,3,3,3,4),(-14.6359156889505,-14.1480518326521,
-13.6601879763538,-13.1723241200554,-12.6844602637571,-12.1965964074587,
-11.7087325511604,-11.220868694862,-10.7330048385637,-10.3759343473738),
 .UNSPECIFIED.);
#102=B_SPLINE_CURVE_WITH_KNOTS('',3,(#1702,#1703,#1704,#1705,#1706,#1707,
#1708,#1709,#1710,#1711,#1712,#1713,#1714,#1715,#1716,#1717,#1718,#1719,
#1720,#1721,#1722,#1723,#1724,#1725,#1726,#1727,#1728,#1729,#1730,#1731,
#1732,#1733,#1734,#1735,#1736,#1737,#1738,#1739,#1740,#1741,#1742,#1743,
#1744,#1745,#1746,#1747,#1748,#1749,#1750,#1751,#1752,#1753,#1754,#1755,
#1756,#1757,#1758,#1759,#1760,#1761,#1762,#1763,#1764,#1765,#1766,#1767,
#1768,#1769,#1770,#1771,#1772,#1773,#1774,#1775,#1776,#1777,#1778,#1779,
#1780,#1781,#1782,#1783,#1784,#1785,#1786,#1787,#1788,#1789,#1790,#1791,
#1792,#1793,#1794,#1795,#1796,#1797,#1798,#1799,#1800,#1801,#1802,#1803,
#1804,#1805,#1806,#1807,#1808,#1809,#1810,#1811,#1812,#1813,#1814,#1815,
#1816,#1817,#1818,#1819),.UNSPECIFIED.,.F.,.F.,(4,3,3,3,3,3,3,3,3,3,3,3,
3,3,3,3,3,3,3,3,3,3,3,3,3,3,3,3,3,3,3,3,3,3,3,3,3,3,3,4),(-1.91386167632966,
-1.84738985565265,-1.81262230260142,-1.7465932557821,-1.70129534536566,
-1.69015863210891,-1.68059168487464,-1.61384251405651,-1.54627211813369,
-1.4787349904321,-1.46637814096864,-1.45500979966112,-1.38420997245058,
-1.3165540072147,-1.24811236461278,-1.1793016832106,-1.11918305978736,-1.1111404037438,
-1.1035867036004,-1.03386219953241,-0.963508841750281,-0.938827189517634,
-0.868931416517519,-0.798667562952974,-0.758500842383382,-0.750262302652688,
-0.679222467835565,-0.607573567775501,-0.53573743094317,-0.477333798396238,
-0.417667073596708,-0.391562881496914,-0.381413812028069,-0.373020287520387,
-0.301302203608041,-0.225976652706031,-0.152606157313239,-0.0763030786566195,
-0.0039209274107028,0.),.UNSPECIFIED.);
#103=B_SPLINE_CURVE_WITH_KNOTS('',3,(#1820,#1821,#1822,#1823,#1824,#1825,
#1826,#1827,#1828,#1829,#1830,#1831,#1832,#1833,#1834,#1835,#1836,#1837,
#1838,#1839,#1840,#1841,#1842,#1843,#1844,#1845,#1846,#1847,#1848,#1849,
#1850,#1851,#1852,#1853,#1854,#1855,#1856,#1857,#1858,#1859,#1860,#1861,
#1862,#1863,#1864,#1865,#1866,#1867,#1868,#1869,#1870,#1871,#1872,#1873,
#1874,#1875,#1876,#1877,#1878,#1879,#1880,#1881,#1882,#1883,#1884,#1885,
#1886,#1887,#1888,#1889,#1890,#1891,#1892,#1893,#1894,#1895,#1896,#1897,
#1898,#1899,#1900,#1901,#1902,#1903,#1904,#1905,#1906,#1907,#1908,#1909,
#1910,#1911,#1912,#1913,#1914,#1915,#1916,#1917,#1918,#1919,#1920,#1921,
#1922,#1923,#1924,#1925,#1926,#1927,#1928,#1929,#1930,#1931,#1932,#1933,
#1934,#1935,#1936,#1937),.UNSPECIFIED.,.F.,.F.,(4,3,3,3,3,3,3,3,3,3,3,3,
3,3,3,3,3,3,3,3,3,3,3,3,3,3,3,3,3,3,3,3,3,3,3,3,3,3,3,4),(-1.90760546354385,
-1.83464269799475,-1.79112322320155,-1.71775662801624,-1.66802150732658,
-1.65448460503022,-1.64486436496544,-1.57252443918559,-1.50053875722457,
-1.42923751828737,-1.40584179787308,-1.39462779584712,-1.32373641143623,
-1.31987566249901,-1.24887540704711,-1.17775985285988,-1.1070785153374,
-1.04626326257266,-1.0359076857885,-1.02776552486522,-0.958249125919464,
-0.889117761918845,-0.863817504278424,-0.794213411991135,-0.725056772257516,
-0.687397423625856,-0.679276214239817,-0.611227396225552,-0.543267166728989,
-0.476164237318999,-0.423781983204238,-0.370809235303708,-0.347633658097227,
-0.337023755331274,-0.329591276874975,-0.263291383810123,-0.196775066852699,
-0.130667298139988,-0.065333649069994,0.),.UNSPECIFIED.);
#104=B_SPLINE_CURVE_WITH_KNOTS('',3,(#2071,#2072,#2073,#2074,#2075,#2076,
#2077,#2078,#2079,#2080,#2081,#2082,#2083,#2084,#2085,#2086,#2087,#2088,
#2089,#2090,#2091,#2092,#2093,#2094,#2095,#2096,#2097,#2098,#2099,#2100,
#2101,#2102,#2103,#2104,#2105,#2106,#2107,#2108,#2109,#2110,#2111,#2112,
#2113,#2114,#2115,#2116,#2117,#2118,#2119,#2120,#2121,#2122,#2123,#2124,
#2125,#2126,#2127,#2128,#2129,#2130,#2131,#2132,#2133,#2134,#2135,#2136,
#2137,#2138,#2139,#2140,#2141,#2142,#2143,#2144,#2145,#2146,#2147,#2148,
#2149,#2150,#2151,#2152,#2153,#2154,#2155,#2156,#2157,#2158,#2159,#2160,
#2161,#2162,#2163,#2164,#2165,#2166,#2167,#2168,#2169,#2170,#2171,#2172,
#2173,#2174,#2175,#2176,#2177,#2178,#2179,#2180,#2181,#2182,#2183,#2184,
#2185,#2186,#2187,#2188),.UNSPECIFIED.,.F.,.F.,(4,3,3,3,3,3,3,3,3,3,3,3,
3,3,3,3,3,3,3,3,3,3,3,3,3,3,3,3,3,3,3,3,3,3,3,3,3,3,3,4),(0.,0.0662257869558221,
0.101039382921862,0.166702413597073,0.233023435199233,0.299559643091892,
0.328231148585329,0.33598855727191,0.403350804823561,0.471449391101511,
0.528931687039392,0.596716196057507,0.643728263055977,0.664296042367808,
0.676479421116198,0.684481214124105,0.752700903871952,0.822096074834031,
0.89173720377078,0.961043529678068,0.972812732045272,1.03026784662387,1.04052138918788,
1.1098538417389,1.18018952014361,1.25130186901134,1.32232791272307,1.37739078069858,
1.39705747561372,1.40624313419048,1.4324536486741,1.50367106345997,1.57565560642618,
1.61714933856589,1.64462787193745,1.6585944916433,1.73167151730764,1.80505202464971,
1.87813600135991,1.90760546354384),.UNSPECIFIED.);
#105=B_SPLINE_CURVE_WITH_KNOTS('',3,(#2189,#2190,#2191,#2192,#2193,#2194,
#2195,#2196,#2197,#2198,#2199,#2200,#2201,#2202,#2203),.UNSPECIFIED.,.F.,
 .F.,(4,1,1,1,1,1,1,1,1,1,1,1,4),(10.3759343473738,10.7457085542743,11.2335724105726,
11.721436266871,12.2093001231693,12.6971639794677,13.185027835766,13.6728916920644,
14.1607555483627,14.6486194046611,15.1364832609594,15.6243471172577,15.707963267949),
 .UNSPECIFIED.);
#106=B_SPLINE_CURVE_WITH_KNOTS('',3,(#2207,#2208,#2209,#2210,#2211,#2212,
#2213,#2214,#2215,#2216,#2217,#2218),.UNSPECIFIED.,.F.,.F.,(4,1,1,1,1,1,
1,1,1,4),(11.6152142277547,12.1030780840531,12.5909419403514,13.0788057966498,
13.5666696529481,14.0545335092465,14.5423973655448,15.0302612218432,15.5181250781415,
15.707963267949),.UNSPECIFIED.);
#107=B_SPLINE_CURVE_WITH_KNOTS('',3,(#2351,#2352,#2353,#2354,#2355,#2356,
#2357,#2358,#2359,#2360,#2361,#2362,#2363,#2364,#2365,#2366,#2367,#2368,
#2369,#2370,#2371,#2372,#2373,#2374,#2375,#2376,#2377,#2378,#2379,#2380,
#2381,#2382,#2383,#2384,#2385,#2386,#2387,#2388,#2389,#2390,#2391,#2392,
#2393,#2394,#2395,#2396,#2397,#2398,#2399,#2400,#2401,#2402,#2403,#2404,
#2405,#2406,#2407,#2408,#2409,#2410,#2411,#2412,#2413,#2414,#2415,#2416,
#2417,#2418,#2419,#2420,#2421,#2422,#2423,#2424,#2425,#2426,#2427,#2428,
#2429,#2430,#2431,#2432,#2433,#2434,#2435,#2436,#2437,#2438,#2439,#2440,
#2441,#2442,#2443,#2444,#2445,#2446,#2447,#2448,#2449,#2450,#2451,#2452,
#2453,#2454,#2455,#2456,#2457,#2458,#2459,#2460,#2461,#2462,#2463,#2464,
#2465,#2466,#2467,#2468,#2469,#2470,#2471),.UNSPECIFIED.,.F.,.F.,(4,3,3,
3,3,3,3,3,3,3,3,3,3,3,3,3,3,3,3,3,3,3,3,3,3,3,3,3,3,3,3,3,3,3,3,3,3,3,3,
3,4),(0.,0.0731526882499408,0.11694350010946,0.190275302401183,0.263556057593196,
0.336244147183914,0.368043013404054,0.378012912281428,0.385942589097422,
0.457727330630334,0.52910191984646,0.590635076945032,0.662405525191083,
0.710627300480634,0.733946066896009,0.746590011745509,0.75637289743198,
0.829324604950858,0.899558778164426,0.969332456646652,1.03800916895514,
1.04817972750749,1.10333085927522,1.11163851238702,1.18007974065316,1.24892862817811,
1.31737464126447,1.38512672576424,1.43725775370677,1.45838368562099,1.46672585377716,
1.4893887816493,1.55692943068859,1.62448358365808,1.66065584524203,1.68365949725603,
1.69605147296058,1.76250586344113,1.82855266039451,1.89352676554135,1.91386167632966),
 .UNSPECIFIED.);
#108=LINE('',#435,#117);
#109=LINE('',#455,#118);
#110=LINE('',#493,#119);
#111=LINE('',#526,#120);
#112=LINE('',#547,#121);
#113=LINE('',#580,#122);
#114=LINE('',#719,#123);
#115=LINE('',#809,#124);
#116=LINE('',#829,#125);
#117=VECTOR('',#374,8.469);
#118=VECTOR('',#379,8.469);
#119=VECTOR('',#382,10.);
#120=VECTOR('',#387,10.);
#121=VECTOR('',#390,10.);
#122=VECTOR('',#393,10.);
#123=VECTOR('',#402,10.);
#124=VECTOR('',#405,8.469);
#125=VECTOR('',#410,8.469);
#126=VERTEX_POINT('',#433);
#127=VERTEX_POINT('',#434);
#128=VERTEX_POINT('',#436);
#129=VERTEX_POINT('',#445);
#130=VERTEX_POINT('',#453);
#131=VERTEX_POINT('',#454);
#132=VERTEX_POINT('',#491);
#133=VERTEX_POINT('',#492);
#134=VERTEX_POINT('',#494);
#135=VERTEX_POINT('',#511);
#136=VERTEX_POINT('',#524);
#137=VERTEX_POINT('',#525);
#138=VERTEX_POINT('',#527);
#139=VERTEX_POINT('',#544);
#140=VERTEX_POINT('',#546);
#141=VERTEX_POINT('',#548);
#142=VERTEX_POINT('',#550);
#143=VERTEX_POINT('',#579);
#144=VERTEX_POINT('',#581);
#145=VERTEX_POINT('',#617);
#146=VERTEX_POINT('',#717);
#147=VERTEX_POINT('',#718);
#148=VERTEX_POINT('',#807);
#149=VERTEX_POINT('',#808);
#150=VERTEX_POINT('',#810);
#151=VERTEX_POINT('',#819);
#152=VERTEX_POINT('',#827);
#153=VERTEX_POINT('',#828);
#154=VERTEX_POINT('',#996);
#155=VERTEX_POINT('',#1152);
#156=VERTEX_POINT('',#1287);
#157=VERTEX_POINT('',#1552);
#158=VERTEX_POINT('',#2070);
#159=VERTEX_POINT('',#2205);
#160=EDGE_CURVE('',#126,#127,#108,.T.);
#161=EDGE_CURVE('',#126,#128,#76,.T.);
#162=EDGE_CURVE('',#129,#128,#66,.T.);
#163=EDGE_CURVE('',#127,#129,#77,.T.);
#164=EDGE_CURVE('',#130,#131,#109,.T.);
#165=EDGE_CURVE('',#130,#126,#78,.T.);
#166=EDGE_CURVE('',#131,#127,#79,.T.);
#167=EDGE_CURVE('',#132,#133,#110,.T.);
#168=EDGE_CURVE('',#132,#134,#80,.T.);
#169=EDGE_CURVE('',#134,#135,#67,.F.);
#170=EDGE_CURVE('',#135,#133,#81,.T.);
#171=EDGE_CURVE('',#136,#137,#111,.T.);
#172=EDGE_CURVE('',#136,#138,#82,.T.);
#173=EDGE_CURVE('',#138,#139,#68,.T.);
#174=EDGE_CURVE('',#139,#140,#112,.T.);
#175=EDGE_CURVE('',#140,#141,#69,.T.);
#176=EDGE_CURVE('',#141,#142,#83,.T.);
#177=EDGE_CURVE('',#142,#143,#113,.T.);
#178=EDGE_CURVE('',#143,#144,#84,.T.);
#179=EDGE_CURVE('',#144,#140,#70,.T.);
#180=EDGE_CURVE('',#139,#145,#71,.T.);
#181=EDGE_CURVE('',#145,#137,#85,.T.);
#182=EDGE_CURVE('',#142,#132,#86,.T.);
#183=EDGE_CURVE('',#133,#143,#87,.T.);
#184=EDGE_CURVE('',#146,#147,#114,.T.);
#185=EDGE_CURVE('',#146,#136,#88,.T.);
#186=EDGE_CURVE('',#137,#147,#89,.T.);
#187=EDGE_CURVE('',#148,#149,#115,.T.);
#188=EDGE_CURVE('',#148,#150,#90,.T.);
#189=EDGE_CURVE('',#151,#150,#72,.T.);
#190=EDGE_CURVE('',#149,#151,#91,.T.);
#191=EDGE_CURVE('',#152,#153,#116,.T.);
#192=EDGE_CURVE('',#152,#148,#92,.T.);
#193=EDGE_CURVE('',#153,#149,#93,.T.);
#194=EDGE_CURVE('',#154,#151,#94,.T.);
#195=EDGE_CURVE('',#147,#154,#95,.T.);
#196=EDGE_CURVE('',#155,#145,#96,.T.);
#197=EDGE_CURVE('',#155,#153,#97,.T.);
#198=EDGE_CURVE('',#138,#156,#98,.T.);
#199=EDGE_CURVE('',#156,#155,#73,.T.);
#200=EDGE_CURVE('',#156,#152,#99,.T.);
#201=EDGE_CURVE('',#150,#157,#100,.T.);
#202=EDGE_CURVE('',#157,#146,#101,.T.);
#203=EDGE_CURVE('',#154,#157,#74,.T.);
#204=EDGE_CURVE('',#128,#141,#102,.T.);
#205=EDGE_CURVE('',#144,#129,#103,.T.);
#206=EDGE_CURVE('',#158,#135,#104,.T.);
#207=EDGE_CURVE('',#158,#131,#105,.T.);
#208=EDGE_CURVE('',#159,#158,#75,.T.);
#209=EDGE_CURVE('',#159,#130,#106,.T.);
#210=EDGE_CURVE('',#134,#159,#107,.T.);
#211=ORIENTED_EDGE('',*,*,#160,.F.);
#212=ORIENTED_EDGE('',*,*,#161,.T.);
#213=ORIENTED_EDGE('',*,*,#162,.F.);
#214=ORIENTED_EDGE('',*,*,#163,.F.);
#215=ORIENTED_EDGE('',*,*,#164,.F.);
#216=ORIENTED_EDGE('',*,*,#165,.T.);
#217=ORIENTED_EDGE('',*,*,#160,.T.);
#218=ORIENTED_EDGE('',*,*,#166,.F.);
#219=ORIENTED_EDGE('',*,*,#167,.F.);
#220=ORIENTED_EDGE('',*,*,#168,.T.);
#221=ORIENTED_EDGE('',*,*,#169,.T.);
#222=ORIENTED_EDGE('',*,*,#170,.T.);
#223=ORIENTED_EDGE('',*,*,#171,.F.);
#224=ORIENTED_EDGE('',*,*,#172,.T.);
#225=ORIENTED_EDGE('',*,*,#173,.T.);
#226=ORIENTED_EDGE('',*,*,#174,.T.);
#227=ORIENTED_EDGE('',*,*,#175,.T.);
#228=ORIENTED_EDGE('',*,*,#176,.T.);
#229=ORIENTED_EDGE('',*,*,#177,.T.);
#230=ORIENTED_EDGE('',*,*,#178,.T.);
#231=ORIENTED_EDGE('',*,*,#179,.T.);
#232=ORIENTED_EDGE('',*,*,#174,.F.);
#233=ORIENTED_EDGE('',*,*,#180,.T.);
#234=ORIENTED_EDGE('',*,*,#181,.T.);
#235=ORIENTED_EDGE('',*,*,#177,.F.);
#236=ORIENTED_EDGE('',*,*,#182,.T.);
#237=ORIENTED_EDGE('',*,*,#167,.T.);
#238=ORIENTED_EDGE('',*,*,#183,.T.);
#239=ORIENTED_EDGE('',*,*,#184,.F.);
#240=ORIENTED_EDGE('',*,*,#185,.T.);
#241=ORIENTED_EDGE('',*,*,#171,.T.);
#242=ORIENTED_EDGE('',*,*,#186,.T.);
#243=ORIENTED_EDGE('',*,*,#187,.F.);
#244=ORIENTED_EDGE('',*,*,#188,.T.);
#245=ORIENTED_EDGE('',*,*,#189,.F.);
#246=ORIENTED_EDGE('',*,*,#190,.F.);
#247=ORIENTED_EDGE('',*,*,#191,.F.);
#248=ORIENTED_EDGE('',*,*,#192,.T.);
#249=ORIENTED_EDGE('',*,*,#187,.T.);
#250=ORIENTED_EDGE('',*,*,#193,.F.);
#251=ORIENTED_EDGE('',*,*,#194,.F.);
#252=ORIENTED_EDGE('',*,*,#195,.F.);
#253=ORIENTED_EDGE('',*,*,#186,.F.);
#254=ORIENTED_EDGE('',*,*,#181,.F.);
#255=ORIENTED_EDGE('',*,*,#196,.F.);
#256=ORIENTED_EDGE('',*,*,#197,.T.);
#257=ORIENTED_EDGE('',*,*,#193,.T.);
#258=ORIENTED_EDGE('',*,*,#190,.T.);
#259=ORIENTED_EDGE('',*,*,#173,.F.);
#260=ORIENTED_EDGE('',*,*,#198,.T.);
#261=ORIENTED_EDGE('',*,*,#199,.T.);
#262=ORIENTED_EDGE('',*,*,#196,.T.);
#263=ORIENTED_EDGE('',*,*,#180,.F.);
#264=ORIENTED_EDGE('',*,*,#191,.T.);
#265=ORIENTED_EDGE('',*,*,#197,.F.);
#266=ORIENTED_EDGE('',*,*,#199,.F.);
#267=ORIENTED_EDGE('',*,*,#200,.T.);
#268=ORIENTED_EDGE('',*,*,#201,.F.);
#269=ORIENTED_EDGE('',*,*,#188,.F.);
#270=ORIENTED_EDGE('',*,*,#192,.F.);
#271=ORIENTED_EDGE('',*,*,#200,.F.);
#272=ORIENTED_EDGE('',*,*,#198,.F.);
#273=ORIENTED_EDGE('',*,*,#172,.F.);
#274=ORIENTED_EDGE('',*,*,#185,.F.);
#275=ORIENTED_EDGE('',*,*,#202,.F.);
#276=ORIENTED_EDGE('',*,*,#184,.T.);
#277=ORIENTED_EDGE('',*,*,#195,.T.);
#278=ORIENTED_EDGE('',*,*,#203,.T.);
#279=ORIENTED_EDGE('',*,*,#202,.T.);
#280=ORIENTED_EDGE('',*,*,#162,.T.);
#281=ORIENTED_EDGE('',*,*,#204,.T.);
#282=ORIENTED_EDGE('',*,*,#175,.F.);
#283=ORIENTED_EDGE('',*,*,#179,.F.);
#284=ORIENTED_EDGE('',*,*,#205,.T.);
#285=ORIENTED_EDGE('',*,*,#205,.F.);
#286=ORIENTED_EDGE('',*,*,#178,.F.);
#287=ORIENTED_EDGE('',*,*,#183,.F.);
#288=ORIENTED_EDGE('',*,*,#170,.F.);
#289=ORIENTED_EDGE('',*,*,#206,.F.);
#290=ORIENTED_EDGE('',*,*,#207,.T.);
#291=ORIENTED_EDGE('',*,*,#166,.T.);
#292=ORIENTED_EDGE('',*,*,#163,.T.);
#293=ORIENTED_EDGE('',*,*,#164,.T.);
#294=ORIENTED_EDGE('',*,*,#207,.F.);
#295=ORIENTED_EDGE('',*,*,#208,.F.);
#296=ORIENTED_EDGE('',*,*,#209,.T.);
#297=ORIENTED_EDGE('',*,*,#204,.F.);
#298=ORIENTED_EDGE('',*,*,#161,.F.);
#299=ORIENTED_EDGE('',*,*,#165,.F.);
#300=ORIENTED_EDGE('',*,*,#209,.F.);
#301=ORIENTED_EDGE('',*,*,#210,.F.);
#302=ORIENTED_EDGE('',*,*,#168,.F.);
#303=ORIENTED_EDGE('',*,*,#182,.F.);
#304=ORIENTED_EDGE('',*,*,#176,.F.);
#305=ORIENTED_EDGE('',*,*,#206,.T.);
#306=ORIENTED_EDGE('',*,*,#169,.F.);
#307=ORIENTED_EDGE('',*,*,#210,.T.);
#308=ORIENTED_EDGE('',*,*,#208,.T.);
#309=ORIENTED_EDGE('',*,*,#201,.T.);
#310=ORIENTED_EDGE('',*,*,#203,.F.);
#311=ORIENTED_EDGE('',*,*,#194,.T.);
#312=ORIENTED_EDGE('',*,*,#189,.T.);
#313=CYLINDRICAL_SURFACE('',#345,8.469);
#314=CYLINDRICAL_SURFACE('',#347,8.469);
#315=CYLINDRICAL_SURFACE('',#348,9.89525);
#316=CYLINDRICAL_SURFACE('',#350,9.89525);
#317=CYLINDRICAL_SURFACE('',#355,9.89525);
#318=CYLINDRICAL_SURFACE('',#356,9.89525);
#319=CYLINDRICAL_SURFACE('',#357,8.469);
#320=CYLINDRICAL_SURFACE('',#359,8.469);
#321=CYLINDRICAL_SURFACE('',#362,8.469);
#322=CYLINDRICAL_SURFACE('',#363,9.89525);
#323=CYLINDRICAL_SURFACE('',#366,8.469);
#324=ADVANCED_FACE('',(#28),#313,.T.);
#325=ADVANCED_FACE('',(#29),#314,.T.);
#326=ADVANCED_FACE('',(#30),#315,.T.);
#327=ADVANCED_FACE('',(#31),#316,.T.);
#328=ADVANCED_FACE('',(#32),#317,.T.);
#329=ADVANCED_FACE('',(#33),#318,.T.);
#330=ADVANCED_FACE('',(#34),#319,.T.);
#331=ADVANCED_FACE('',(#35),#320,.T.);
#332=ADVANCED_FACE('',(#36),#18,.F.);
#333=ADVANCED_FACE('',(#37),#14,.T.);
#334=ADVANCED_FACE('',(#38),#321,.T.);
#335=ADVANCED_FACE('',(#39),#19,.F.);
#336=ADVANCED_FACE('',(#40),#322,.T.);
#337=ADVANCED_FACE('',(#41),#15,.F.);
#338=ADVANCED_FACE('',(#42),#20,.F.);
#339=ADVANCED_FACE('',(#43),#323,.T.);
#340=ADVANCED_FACE('',(#44),#21,.F.);
#341=ADVANCED_FACE('',(#45),#16,.F.);
#342=ADVANCED_FACE('',(#46),#17,.T.);
#343=CLOSED_SHELL('',(#324,#325,#326,#327,#328,#329,#330,#331,#332,#333,
#334,#335,#336,#337,#338,#339,#340,#341,#342));
#344=AXIS2_PLACEMENT_3D('',#431,#370,#371);
#345=AXIS2_PLACEMENT_3D('',#432,#372,#373);
#346=AXIS2_PLACEMENT_3D('',#446,#375,#376);
#347=AXIS2_PLACEMENT_3D('',#452,#377,#378);
#348=AXIS2_PLACEMENT_3D('',#490,#380,#381);
#349=AXIS2_PLACEMENT_3D('',#512,#383,#384);
#350=AXIS2_PLACEMENT_3D('',#523,#385,#386);
#351=AXIS2_PLACEMENT_3D('',#545,#388,#389);
#352=AXIS2_PLACEMENT_3D('',#549,#391,#392);
#353=AXIS2_PLACEMENT_3D('',#616,#394,#395);
#354=AXIS2_PLACEMENT_3D('',#618,#396,#397);
#355=AXIS2_PLACEMENT_3D('',#629,#398,#399);
#356=AXIS2_PLACEMENT_3D('',#716,#400,#401);
#357=AXIS2_PLACEMENT_3D('',#806,#403,#404);
#358=AXIS2_PLACEMENT_3D('',#820,#406,#407);
#359=AXIS2_PLACEMENT_3D('',#826,#408,#409);
#360=AXIS2_PLACEMENT_3D('',#1286,#411,#412);
#361=AXIS2_PLACEMENT_3D('',#1406,#413,#414);
#362=AXIS2_PLACEMENT_3D('',#1407,#415,#416);
#363=AXIS2_PLACEMENT_3D('',#1699,#417,#418);
#364=AXIS2_PLACEMENT_3D('',#1700,#419,#420);
#365=AXIS2_PLACEMENT_3D('',#1701,#421,#422);
#366=AXIS2_PLACEMENT_3D('',#2204,#423,#424);
#367=AXIS2_PLACEMENT_3D('',#2206,#425,#426);
#368=AXIS2_PLACEMENT_3D('',#2472,#427,#428);
#369=AXIS2_PLACEMENT_3D('',#2473,#429,#430);
#370=DIRECTION('axis',(0.,0.,1.));
#371=DIRECTION('refdir',(1.,0.,0.));
#372=DIRECTION('center_axis',(0.,1.,0.));
#373=DIRECTION('ref_axis',(-0.457852493304349,0.,0.889028174117666));
#374=DIRECTION('',(0.,1.,0.));
#375=DIRECTION('center_axis',(0.,1.,0.));
#376=DIRECTION('ref_axis',(1.,0.,-2.86177500041631E-16));
#377=DIRECTION('center_axis',(0.,1.,0.));
#378=DIRECTION('ref_axis',(1.,0.,-2.86177500041631E-16));
#379=DIRECTION('',(0.,1.,0.));
#380=DIRECTION('center_axis',(0.,1.,0.));
#381=DIRECTION('ref_axis',(1.,0.,0.));
#382=DIRECTION('',(0.,-1.,0.));
#383=DIRECTION('center_axis',(0.,-1.,0.));
#384=DIRECTION('ref_axis',(1.,0.,0.));
#385=DIRECTION('center_axis',(0.,1.,0.));
#386=DIRECTION('ref_axis',(1.,0.,0.));
#387=DIRECTION('',(0.,-1.,0.));
#388=DIRECTION('center_axis',(0.,-1.,0.));
#389=DIRECTION('ref_axis',(1.,0.,0.));
#390=DIRECTION('',(0.,-1.,0.));
#391=DIRECTION('center_axis',(0.,1.,0.));
#392=DIRECTION('ref_axis',(1.,0.,0.));
#393=DIRECTION('',(0.,-1.,0.));
#394=DIRECTION('center_axis',(0.,1.,0.));
#395=DIRECTION('ref_axis',(1.,0.,0.));
#396=DIRECTION('center_axis',(0.,-1.,0.));
#397=DIRECTION('ref_axis',(1.,0.,0.));
#398=DIRECTION('center_axis',(0.,1.,0.));
#399=DIRECTION('ref_axis',(1.,0.,0.));
#400=DIRECTION('center_axis',(0.,1.,0.));
#401=DIRECTION('ref_axis',(1.,0.,0.));
#402=DIRECTION('',(0.,-1.,0.));
#403=DIRECTION('center_axis',(0.,1.,0.));
#404=DIRECTION('ref_axis',(-0.457852495501251,0.,0.889028172986254));
#405=DIRECTION('',(0.,1.,0.));
#406=DIRECTION('center_axis',(0.,1.,0.));
#407=DIRECTION('ref_axis',(1.,0.,-2.86177500041631E-16));
#408=DIRECTION('center_axis',(0.,1.,0.));
#409=DIRECTION('ref_axis',(1.,0.,-2.86177500041631E-16));
#410=DIRECTION('',(0.,1.,0.));
#411=DIRECTION('center_axis',(0.,1.,0.));
#412=DIRECTION('ref_axis',(0.,0.,1.));
#413=DIRECTION('center_axis',(0.,-1.,0.));
#414=DIRECTION('ref_axis',(1.,0.,-2.86177500041631E-16));
#415=DIRECTION('center_axis',(0.,1.,0.));
#416=DIRECTION('ref_axis',(1.,0.,-2.86177500041631E-16));
#417=DIRECTION('center_axis',(0.,1.,0.));
#418=DIRECTION('ref_axis',(0.847682823590687,0.,0.530503374720011));
#419=DIRECTION('center_axis',(0.,-1.,0.));
#420=DIRECTION('ref_axis',(1.,0.,0.));
#421=DIRECTION('center_axis',(0.,1.,0.));
#422=DIRECTION('ref_axis',(0.,0.,1.));
#423=DIRECTION('center_axis',(0.,1.,0.));
#424=DIRECTION('ref_axis',(1.,0.,-2.86177500041631E-16));
#425=DIRECTION('center_axis',(0.,-1.,0.));
#426=DIRECTION('ref_axis',(1.,0.,-2.86177500041631E-16));
#427=DIRECTION('center_axis',(0.,1.,0.));
#428=DIRECTION('ref_axis',(1.,0.,0.));
#429=DIRECTION('center_axis',(0.,1.,0.));
#430=DIRECTION('ref_axis',(-1.,0.,0.));
#431=CARTESIAN_POINT('',(0.,0.,0.));
#432=CARTESIAN_POINT('Origin',(0.,40.3784531014538,0.));
#433=CARTESIAN_POINT('',(-8.46886084985381,49.1284531014538,-0.000193745363961536));
#434=CARTESIAN_POINT('',(-8.46962019899811,49.6215468985462,-0.000114009040742442));
#435=CARTESIAN_POINT('',(-8.469,40.3784531014538,3.46079062205046E-15));
#436=CARTESIAN_POINT('',(4.91844830383324,50.,6.89437373742909));
#437=CARTESIAN_POINT('Ctrl Pts',(-8.46886084985381,49.1284531014538,-0.000193745363961696));
#438=CARTESIAN_POINT('Ctrl Pts',(-8.46793894862179,49.1758110462081,1.00785028007281));
#439=CARTESIAN_POINT('Ctrl Pts',(-8.04142123075815,49.2878739445338,3.39394014894705));
#440=CARTESIAN_POINT('Ctrl Pts',(-5.84947914958502,49.4646417964309,6.59101036297355));
#441=CARTESIAN_POINT('Ctrl Pts',(-2.07758011701165,49.6587566571454,8.56397103395222));
#442=CARTESIAN_POINT('Ctrl Pts',(1.83561505264103,49.8372093916684,8.54073252659835));
#443=CARTESIAN_POINT('Ctrl Pts',(4.06806958997962,49.9509571726199,7.49978531866084));
#444=CARTESIAN_POINT('Ctrl Pts',(4.91844830383324,50.,6.89437373742909));
#445=CARTESIAN_POINT('',(-4.91830465822609,50.,6.89450798018767));
#446=CARTESIAN_POINT('Origin',(0.,50.,0.));
#447=CARTESIAN_POINT('Ctrl Pts',(-8.46962019899811,49.6215468985462,-0.000114009040742546));
#448=CARTESIAN_POINT('Ctrl Pts',(-8.46903805141535,49.6829929787926,1.30749689528607));
#449=CARTESIAN_POINT('Ctrl Pts',(-7.83684671411604,49.8091440126106,3.99273632792162));
#450=CARTESIAN_POINT('Ctrl Pts',(-6.03949840839076,49.9352950464285,6.09468695451693));
#451=CARTESIAN_POINT('Ctrl Pts',(-4.91830465822606,50.,6.89450798018769));
#452=CARTESIAN_POINT('Origin',(0.,40.3784531014538,0.));
#453=CARTESIAN_POINT('',(-8.46847678331526,46.6284531014538,-0.000121551968119611));
#454=CARTESIAN_POINT('',(-8.46924995200946,47.1215468985462,-0.000178275982872927));
#455=CARTESIAN_POINT('',(-8.469,40.3784531014538,3.46079062205046E-15));
#456=CARTESIAN_POINT('Ctrl Pts',(-8.46847678331526,46.6284531014538,-0.00012155196812004));
#457=CARTESIAN_POINT('Ctrl Pts',(-8.46802991701882,46.6679799831124,0.84134285932023));
#458=CARTESIAN_POINT('Ctrl Pts',(-8.13910773707098,46.7722118183424,3.06061512829026));
#459=CARTESIAN_POINT('Ctrl Pts',(-6.22822311475195,46.9411486071439,6.23434649479577));
#460=CARTESIAN_POINT('Ctrl Pts',(-2.57932699959101,47.1352634678582,8.4264417087126));
#461=CARTESIAN_POINT('Ctrl Pts',(1.67139767111382,47.3293783285727,8.65241431399438));
#462=CARTESIAN_POINT('Ctrl Pts',(5.53213892793932,47.523493189287,6.85953963399854));
#463=CARTESIAN_POINT('Ctrl Pts',(8.10207919751028,47.7176080500015,3.46614447123524));
#464=CARTESIAN_POINT('Ctrl Pts',(8.78158024514955,47.9117229107158,-0.735998019929223));
#465=CARTESIAN_POINT('Ctrl Pts',(7.41209573695072,48.1058377714303,-4.766411816501));
#466=CARTESIAN_POINT('Ctrl Pts',(4.31316422532058,48.2999526321446,-7.68468993999323));
#467=CARTESIAN_POINT('Ctrl Pts',(0.207852265971626,48.494067492859,-8.8099172000394));
#468=CARTESIAN_POINT('Ctrl Pts',(-3.9459575310165,48.6881823535734,-7.87954737307701));
#469=CARTESIAN_POINT('Ctrl Pts',(-7.1790659579568,48.8822972142878,-5.11066055961542));
#470=CARTESIAN_POINT('Ctrl Pts',(-8.35698881379524,49.0290541302479,-2.11576042650271));
#471=CARTESIAN_POINT('Ctrl Pts',(-8.46919853825823,49.1111060926366,-0.369435879669413));
#472=CARTESIAN_POINT('Ctrl Pts',(-8.46886084985381,49.1284531014538,-0.000193745363961696));
#473=CARTESIAN_POINT('Ctrl Pts',(-8.46924995200946,47.1215468985462,-0.000178275982873032));
#474=CARTESIAN_POINT('Ctrl Pts',(-8.46818377779684,47.175161915697,1.14090011022311));
#475=CARTESIAN_POINT('Ctrl Pts',(-7.9552565954174,47.2934818864192,3.66001189641004));
#476=CARTESIAN_POINT('Ctrl Pts',(-5.53213901834895,47.4765068107129,6.8595397458346));
#477=CARTESIAN_POINT('Ctrl Pts',(-1.67139769847299,47.6706216714273,8.65241445600626));
#478=CARTESIAN_POINT('Ctrl Pts',(2.57932704186121,47.8647365321417,8.42644184523764));
#479=CARTESIAN_POINT('Ctrl Pts',(6.22822321625947,48.0588513928561,6.23434659910702));
#480=CARTESIAN_POINT('Ctrl Pts',(8.42390309847594,48.2529662535705,2.58760726058557));
#481=CARTESIAN_POINT('Ctrl Pts',(8.65405237889998,48.4470811142848,-1.66289545612906));
#482=CARTESIAN_POINT('Ctrl Pts',(6.86497396946707,48.6411959749992,-5.52539221534208));
#483=CARTESIAN_POINT('Ctrl Pts',(3.47410274024012,48.8353108357136,-8.09867588216887));
#484=CARTESIAN_POINT('Ctrl Pts',(-0.727363138416704,49.029425696428,-8.78228519966883));
#485=CARTESIAN_POINT('Ctrl Pts',(-4.75913535762237,49.2235405571424,-7.41680710549304));
#486=CARTESIAN_POINT('Ctrl Pts',(-7.68042514632332,49.4176554178568,-4.32065131150282));
#487=CARTESIAN_POINT('Ctrl Pts',(-8.45226533258435,49.5503241983247,-1.51575843121916));
#488=CARTESIAN_POINT('Ctrl Pts',(-8.46965107395744,49.6182880252212,-0.0694648655720327));
#489=CARTESIAN_POINT('Ctrl Pts',(-8.46962019899811,49.6215468985462,-0.000114009040742546));
#490=CARTESIAN_POINT('Origin',(0.,0.,0.));
#491=CARTESIAN_POINT('',(-9.89463866927623,45.8050072800221,-0.000142022329989999));
#492=CARTESIAN_POINT('',(-9.89499802762527,45.4449927199779,-0.000155789795327646));
#493=CARTESIAN_POINT('',(-9.89525,0.,1.21181862392628E-15));
#494=CARTESIAN_POINT('',(4.32553262684916,45.,-8.89976067411722));
#495=CARTESIAN_POINT('Ctrl Pts',(-9.89463866927623,45.8050072800221,-0.000142022329989999));
#496=CARTESIAN_POINT('Ctrl Pts',(-9.89497125389079,45.7798292081092,-0.62641014575935));
#497=CARTESIAN_POINT('Ctrl Pts',(-9.83638134410088,45.7546511361963,-1.25261671872922));
#498=CARTESIAN_POINT('Ctrl Pts',(-9.71825284299361,45.7294730642834,-1.86738261529237));
#499=CARTESIAN_POINT('Ctrl Pts',(-9.41467522171845,45.6647681107119,-3.44726525809563));
#500=CARTESIAN_POINT('Ctrl Pts',(-8.71788386886318,45.6000631571405,-4.95158966275193));
#501=CARTESIAN_POINT('Ctrl Pts',(-7.7091678507231,45.535358203569,-6.20485953888702));
#502=CARTESIAN_POINT('Ctrl Pts',(-6.70045183258301,45.4706532499976,-7.45812941502213));
#503=CARTESIAN_POINT('Ctrl Pts',(-5.3798111491581,45.4059482964261,-8.46034476263604));
#504=CARTESIAN_POINT('Ctrl Pts',(-3.90131953754381,45.3412433428546,-9.09457488060302));
#505=CARTESIAN_POINT('Ctrl Pts',(-2.42282792592953,45.2765383892832,-9.72880499856999));
#506=CARTESIAN_POINT('Ctrl Pts',(-0.786485386125876,45.2118334357117,-9.99504988689005));
#507=CARTESIAN_POINT('Ctrl Pts',(0.81681188656084,45.1471284821402,-9.86226638132951));
#508=CARTESIAN_POINT('Ctrl Pts',(2.0320238146011,45.0980856547601,-9.76162372288241));
#509=CARTESIAN_POINT('Ctrl Pts',(3.22825185273318,45.0490428273801,-9.4317466910873));
#510=CARTESIAN_POINT('Ctrl Pts',(4.32572423047475,45.,-8.89963394902132));
#511=CARTESIAN_POINT('',(-4.32553262684876,45.,-8.89976067411741));
#512=CARTESIAN_POINT('Origin',(0.,45.,0.));
#513=CARTESIAN_POINT('Ctrl Pts',(-4.32553262684876,45.,-8.89976067411741));
#514=CARTESIAN_POINT('Ctrl Pts',(-5.77282314771787,45.0647049535715,-8.19633699815783));
#515=CARTESIAN_POINT('Ctrl Pts',(-7.04462016674573,45.1294099071429,-7.13351486588165));
#516=CARTESIAN_POINT('Ctrl Pts',(-7.9931021061827,45.1941148607144,-5.83428109528302));
#517=CARTESIAN_POINT('Ctrl Pts',(-8.94158404561967,45.2588198142858,-4.5350473246844));
#518=CARTESIAN_POINT('Ctrl Pts',(-9.56675090546575,45.3235247678573,-2.99940191576332));
#519=CARTESIAN_POINT('Ctrl Pts',(-9.79551253188784,45.3882297214288,-1.40693289907355));
#520=CARTESIAN_POINT('Ctrl Pts',(-9.86240692534595,45.4071507209451,-0.941263675443621));
#521=CARTESIAN_POINT('Ctrl Pts',(-9.89540500521236,45.4260717204615,-0.470735507819174));
#522=CARTESIAN_POINT('Ctrl Pts',(-9.89499802762527,45.4449927199779,-0.000155789795327646));
#523=CARTESIAN_POINT('Origin',(0.,0.,0.));
#524=CARTESIAN_POINT('',(-9.89464428460032,75.8050072800221,-0.000141948127156122));
#525=CARTESIAN_POINT('',(-9.89499912616557,75.4449927199779,-0.000145942968058073));
#526=CARTESIAN_POINT('',(-9.89525,0.,1.21181862392628E-15));
#527=CARTESIAN_POINT('',(4.32572651434529,75.,-8.89963873955189));
#528=CARTESIAN_POINT('Ctrl Pts',(-9.89464428460032,75.8050072800221,-0.000141948127156122));
#529=CARTESIAN_POINT('Ctrl Pts',(-9.8949768675075,75.7798292081092,-0.626410410000743));
#530=CARTESIAN_POINT('Ctrl Pts',(-9.83638692541997,75.7546511361963,-1.25261733512937));
#531=CARTESIAN_POINT('Ctrl Pts',(-9.71825836450028,75.7294730642834,-1.86738361021859));
#532=CARTESIAN_POINT('Ctrl Pts',(-9.41468058951353,75.6647681107119,-3.44726722579364));
#533=CARTESIAN_POINT('Ctrl Pts',(-8.71788890122916,75.6000631571405,-4.95159277736077));
#534=CARTESIAN_POINT('Ctrl Pts',(-7.70917227421413,75.535358203569,-6.20486323541637));
#535=CARTESIAN_POINT('Ctrl Pts',(-6.70045564719911,75.4706532499976,-7.45813369347197));
#536=CARTESIAN_POINT('Ctrl Pts',(-5.37981408145341,75.4059482964261,-8.46034905801604));
#537=CARTESIAN_POINT('Ctrl Pts',(-3.90132175615037,75.3412433428546,-9.09457985787052));
#538=CARTESIAN_POINT('Ctrl Pts',(-2.42282943084732,75.2765383892832,-9.72881065772501));
#539=CARTESIAN_POINT('Ctrl Pts',(-0.786486345986926,75.2118334357117,-9.99505689288992));
#540=CARTESIAN_POINT('Ctrl Pts',(0.816811957396315,75.1471284821403,-9.86227295250492));
#541=CARTESIAN_POINT('Ctrl Pts',(2.03202466664829,75.0980856547602,-9.76162996448459));
#542=CARTESIAN_POINT('Ctrl Pts',(3.22825376498308,75.0490428273801,-9.43175157958047));
#543=CARTESIAN_POINT('Ctrl Pts',(4.32572651434529,75.,-8.89963873955189));
#544=CARTESIAN_POINT('',(-9.89525,75.,1.21181862392628E-15));
#545=CARTESIAN_POINT('Origin',(0.,75.,0.));
#546=CARTESIAN_POINT('',(-9.89525,50.,1.21181862392628E-15));
#547=CARTESIAN_POINT('',(-9.89525,0.,1.21181862392628E-15));
#548=CARTESIAN_POINT('',(4.32553262684917,50.,-8.89976067411722));
#549=CARTESIAN_POINT('Origin',(0.,50.,0.));
#550=CARTESIAN_POINT('',(-9.89508741581249,48.3050072800221,-0.000226373693829884));
#551=CARTESIAN_POINT('Ctrl Pts',(4.32553262684917,50.,-8.89976067411722));
#552=CARTESIAN_POINT('Ctrl Pts',(5.7728231477182,49.9352950464285,-8.19633699815758));
#553=CARTESIAN_POINT('Ctrl Pts',(7.04462074320685,49.8705900928571,-7.13351625387289));
#554=CARTESIAN_POINT('Ctrl Pts',(7.99310274255082,49.8058851392856,-5.83428267799015));
#555=CARTESIAN_POINT('Ctrl Pts',(8.94158474189483,49.7411801857141,-4.53504910210737));
#556=CARTESIAN_POINT('Ctrl Pts',(9.56675114509414,49.6764752321427,-2.99940269462654));
#557=CARTESIAN_POINT('Ctrl Pts',(9.79551257612902,49.6117702785712,-1.40693329761543));
#558=CARTESIAN_POINT('Ctrl Pts',(10.0242740071639,49.5470653249998,0.185536099395677));
#559=CARTESIAN_POINT('Ctrl Pts',(9.85663046603436,49.4823603714283,1.83482848593707));
#560=CARTESIAN_POINT('Ctrl Pts',(9.31222828148228,49.4176554178568,3.34868419501701));
#561=CARTESIAN_POINT('Ctrl Pts',(8.7678260969302,49.3529504642854,4.86253990409696));
#562=CARTESIAN_POINT('Ctrl Pts',(7.84666526895559,49.2882455107139,6.24095893571547));
#563=CARTESIAN_POINT('Ctrl Pts',(6.65617304196953,49.2235405571424,7.32305209790196));
#564=CARTESIAN_POINT('Ctrl Pts',(5.46568081498347,49.158835603571,8.40514526008843));
#565=CARTESIAN_POINT('Ctrl Pts',(4.00585718898599,49.0941306499995,9.19091255284287));
#566=CARTESIAN_POINT('Ctrl Pts',(2.44702946899686,49.029425696428,9.58871871587598));
#567=CARTESIAN_POINT('Ctrl Pts',(0.888201749007739,48.9647207428566,9.98652487890909));
#568=CARTESIAN_POINT('Ctrl Pts',(-0.769630064973018,48.9000157892851,9.99636991222085));
#569=CARTESIAN_POINT('Ctrl Pts',(-2.33306566933168,48.8353108357137,9.61708848745308));
#570=CARTESIAN_POINT('Ctrl Pts',(-3.89650127369033,48.7706058821422,9.2378070626853));
#571=CARTESIAN_POINT('Ctrl Pts',(-5.36554066842689,48.7059009285707,8.46939917983798));
#572=CARTESIAN_POINT('Ctrl Pts',(-6.56879599102605,48.6411959749992,7.40151809267666));
#573=CARTESIAN_POINT('Ctrl Pts',(-7.77205131362521,48.5764910214278,6.33363700551533));
#574=CARTESIAN_POINT('Ctrl Pts',(-8.70952256408697,48.5117860678563,4.96628271403999));
#575=CARTESIAN_POINT('Ctrl Pts',(-9.27184267810824,48.4470811142849,3.45897231915206));
#576=CARTESIAN_POINT('Ctrl Pts',(-9.68340815222015,48.3997231695306,2.35576277384599));
#577=CARTESIAN_POINT('Ctrl Pts',(-9.89401025874954,48.3523652247763,1.17758064516357));
#578=CARTESIAN_POINT('Ctrl Pts',(-9.89508741581249,48.3050072800221,-0.000226373693829884));
#579=CARTESIAN_POINT('',(-9.89554204600562,47.9449927199779,-0.000208299140339068));
#580=CARTESIAN_POINT('',(-9.89525,0.,1.21181862392628E-15));
#581=CARTESIAN_POINT('',(-4.32572430838547,50.,-8.89963406347058));
#582=CARTESIAN_POINT('Ctrl Pts',(-9.89554204600562,47.9449927199779,-0.000208299140339068));
#583=CARTESIAN_POINT('Ctrl Pts',(-9.89429631919285,47.9986077371287,1.3330371727105));
#584=CARTESIAN_POINT('Ctrl Pts',(-9.62272822232963,48.0522227542795,2.66677501516008));
#585=CARTESIAN_POINT('Ctrl Pts',(-9.09840268273788,48.1058377714302,3.89238089319814));
#586=CARTESIAN_POINT('Ctrl Pts',(-8.46562363129771,48.1705427250017,5.37149580632686));
#587=CARTESIAN_POINT('Ctrl Pts',(-7.46471042359061,48.2352476785732,6.69311953322423));
#588=CARTESIAN_POINT('Ctrl Pts',(-6.2124334445353,48.2999526321446,7.70306634916289));
#589=CARTESIAN_POINT('Ctrl Pts',(-4.96015646547999,48.3646575857161,8.71301316510156));
#590=CARTESIAN_POINT('Ctrl Pts',(-3.45651571507647,48.4293625392876,9.41128307008152));
#591=CARTESIAN_POINT('Ctrl Pts',(-1.87693165296181,48.494067492859,9.71641330976189));
#592=CARTESIAN_POINT('Ctrl Pts',(-0.297347590847135,48.5587724464305,10.0215435494423));
#593=CARTESIAN_POINT('Ctrl Pts',(1.35817978297868,48.6234774000019,9.93353412382302));
#594=CARTESIAN_POINT('Ctrl Pts',(2.89651024026421,48.6881823535734,9.46265235972292));
#595=CARTESIAN_POINT('Ctrl Pts',(4.43484069754973,48.7528873071449,8.99177059562283));
#596=CARTESIAN_POINT('Ctrl Pts',(5.85597423829497,48.8175922607163,8.13801649304189));
#597=CARTESIAN_POINT('Ctrl Pts',(6.99411611305816,48.8822972142878,7.00099268220672));
#598=CARTESIAN_POINT('Ctrl Pts',(8.13225798782135,48.9470021678592,5.86396887137155));
#599=CARTESIAN_POINT('Ctrl Pts',(8.98740819660249,49.0117071214307,4.44367535228215));
#600=CARTESIAN_POINT('Ctrl Pts',(9.45980135639347,49.0764120750022,2.90580814153167));
#601=CARTESIAN_POINT('Ctrl Pts',(9.93219451618444,49.1411170285736,1.36794093078119));
#602=CARTESIAN_POINT('Ctrl Pts',(10.0218306269852,49.2058219821451,-0.287499971630367));
#603=CARTESIAN_POINT('Ctrl Pts',(9.71825300145242,49.2705269357165,-1.86738264302355));
#604=CARTESIAN_POINT('Ctrl Pts',(9.41467537591959,49.335231889288,-3.44726531441673));
#605=CARTESIAN_POINT('Ctrl Pts',(8.71788401405314,49.3999368428595,-4.95158975479154));
#606=CARTESIAN_POINT('Ctrl Pts',(7.70916797788301,49.4646417964309,-6.20485964617522));
#607=CARTESIAN_POINT('Ctrl Pts',(6.70045194171288,49.5293467500024,-7.4581295375589));
#608=CARTESIAN_POINT('Ctrl Pts',(5.37981123123908,49.5940517035739,-8.46034487995146));
#609=CARTESIAN_POINT('Ctrl Pts',(3.90131959966536,49.6587566571454,-9.09457501934532));
#610=CARTESIAN_POINT('Ctrl Pts',(2.42282796809164,49.7234616107168,-9.72880515873917));
#611=CARTESIAN_POINT('Ctrl Pts',(0.786485415418018,49.7881665642883,-9.99505009513432));
#612=CARTESIAN_POINT('Ctrl Pts',(-0.816811890203929,49.8528715178597,-9.86226657066466));
#613=CARTESIAN_POINT('Ctrl Pts',(-2.03202384320715,49.9019143452398,-9.76162389788549));
#614=CARTESIAN_POINT('Ctrl Pts',(-3.22825191782932,49.9509571726199,-9.43174681327719));
#615=CARTESIAN_POINT('Ctrl Pts',(-4.32572430838547,50.,-8.89963406347058));
#616=CARTESIAN_POINT('Origin',(0.,50.,0.));
#617=CARTESIAN_POINT('',(-4.32553262684897,75.,-8.89976067411731));
#618=CARTESIAN_POINT('Origin',(0.,75.,0.));
#619=CARTESIAN_POINT('Ctrl Pts',(-4.32553262684895,75.,-8.89976067411732));
#620=CARTESIAN_POINT('Ctrl Pts',(-5.77282314771804,75.0647049535715,-8.1963369981577));
#621=CARTESIAN_POINT('Ctrl Pts',(-7.04460326703617,75.1294099071429,-7.13347368869133));
#622=CARTESIAN_POINT('Ctrl Pts',(-7.99308316488914,75.1941148607144,-5.83423317363485));
#623=CARTESIAN_POINT('Ctrl Pts',(-8.9415630627421,75.2588198142859,-4.53499265857837));
#624=CARTESIAN_POINT('Ctrl Pts',(-9.56674273912991,75.3235247678573,-2.99937493793178));
#625=CARTESIAN_POINT('Ctrl Pts',(-9.79551015205133,75.3882297214288,-1.4069170233118));
#626=CARTESIAN_POINT('Ctrl Pts',(-9.86240623759551,75.4071507209451,-0.941251046145248));
#627=CARTESIAN_POINT('Ctrl Pts',(-9.89540540841435,75.4260717204615,-0.470724706710284));
#628=CARTESIAN_POINT('Ctrl Pts',(-9.89499912616557,75.4449927199779,-0.000145942968058073));
#629=CARTESIAN_POINT('Origin',(0.,0.,0.));
#630=CARTESIAN_POINT('Ctrl Pts',(-9.89508741581249,48.3050072800221,-0.000226373693829884));
#631=CARTESIAN_POINT('Ctrl Pts',(-9.8954819737513,48.2876602712049,-0.431651952804235));
#632=CARTESIAN_POINT('Ctrl Pts',(-9.86776404583496,48.2703132623877,-0.863027202492406));
#633=CARTESIAN_POINT('Ctrl Pts',(-9.81151285769901,48.2529662535705,-1.29064902464524));
#634=CARTESIAN_POINT('Ctrl Pts',(-9.60169394568772,48.188261299999,-2.88569347525401));
#635=CARTESIAN_POINT('Ctrl Pts',(-8.99488714408438,48.1235563464276,-4.42851587817102));
#636=CARTESIAN_POINT('Ctrl Pts',(-8.06188528298278,48.0588513928561,-5.73912547457788));
#637=CARTESIAN_POINT('Ctrl Pts',(-7.12888342188117,47.9941464392846,-7.04973507098474));
#638=CARTESIAN_POINT('Ctrl Pts',(-5.8696865012813,47.9294414857132,-8.12813186088146));
#639=CARTESIAN_POINT('Ctrl Pts',(-4.43119705830638,47.8647365321417,-8.84850556244314));
#640=CARTESIAN_POINT('Ctrl Pts',(-2.99270761533146,47.8000315785702,-9.56887926400482));
#641=CARTESIAN_POINT('Ctrl Pts',(-1.37492564998152,47.7353266249988,-9.93122987723147));
#642=CARTESIAN_POINT('Ctrl Pts',(0.233412102594433,47.6706216714273,-9.89328436979804));
#643=CARTESIAN_POINT('Ctrl Pts',(1.84174985517039,47.6059167178558,-9.85533886236462));
#644=CARTESIAN_POINT('Ctrl Pts',(3.44064339497236,47.5412117642844,-9.4170972342711));
#645=CARTESIAN_POINT('Ctrl Pts',(4.8435597213038,47.4765068107129,-8.62968635052925));
#646=CARTESIAN_POINT('Ctrl Pts',(6.24647604763524,47.4118018571414,-7.8422754667874));
#647=CARTESIAN_POINT('Ctrl Pts',(7.45341516049619,47.34709690357,-6.70569532739721));
#648=CARTESIAN_POINT('Ctrl Pts',(8.32357089750199,47.2823919499985,-5.35254376046658));
#649=CARTESIAN_POINT('Ctrl Pts',(9.19372663450779,47.2176869964271,-3.99939219353594));
#650=CARTESIAN_POINT('Ctrl Pts',(9.72709899565843,47.1529820428556,-2.42966919906486));
#651=CARTESIAN_POINT('Ctrl Pts',(9.86146273081217,47.0882770892841,-0.826504665546113));
#652=CARTESIAN_POINT('Ctrl Pts',(9.99582646596591,47.0235721357127,0.776659867972651));
#653=CARTESIAN_POINT('Ctrl Pts',(9.73118157512274,46.9588671821412,2.41326594053908));
#654=CARTESIAN_POINT('Ctrl Pts',(9.09840253402925,46.8941622285698,3.89238082954662));
#655=CARTESIAN_POINT('Ctrl Pts',(8.46562349293576,46.8294572749983,5.37149571855415));
#656=CARTESIAN_POINT('Ctrl Pts',(7.46471030159195,46.7647523214268,6.6931194240028));
#657=CARTESIAN_POINT('Ctrl Pts',(6.21243334299639,46.7000473678553,7.70306622334082));
#658=CARTESIAN_POINT('Ctrl Pts',(4.96015638440084,46.6353424142839,8.71301302267884));
#659=CARTESIAN_POINT('Ctrl Pts',(3.45651565855353,46.5706374607124,9.41128291590624));
#660=CARTESIAN_POINT('Ctrl Pts',(1.87693162227624,46.505932507141,9.7164131507788));
#661=CARTESIAN_POINT('Ctrl Pts',(0.297347585998948,46.4412275535695,10.0215433856514));
#662=CARTESIAN_POINT('Ctrl Pts',(-1.35817976070834,46.376522599998,9.93353396216908));
#663=CARTESIAN_POINT('Ctrl Pts',(-2.89651019289904,46.3118176464266,9.4626522054106));
#664=CARTESIAN_POINT('Ctrl Pts',(-4.43484062508974,46.2471126928551,8.99177044865213));
#665=CARTESIAN_POINT('Ctrl Pts',(-5.85597414276386,46.1824077392836,8.13801635861747));
#666=CARTESIAN_POINT('Ctrl Pts',(-6.9941159988044,46.1177027857122,7.00099256707157));
#667=CARTESIAN_POINT('Ctrl Pts',(-8.13225785484494,46.0529978321407,5.86396877552568));
#668=CARTESIAN_POINT('Ctrl Pts',(-8.9874080492519,45.9882928785693,4.44367528246854));
#669=CARTESIAN_POINT('Ctrl Pts',(-9.45980120160786,45.9235879249978,2.90580809546486));
#670=CARTESIAN_POINT('Ctrl Pts',(-9.74837614369277,45.8840610433392,1.96635769867024));
#671=CARTESIAN_POINT('Ctrl Pts',(-9.89411654698082,45.8445341616807,0.983031990635071));
#672=CARTESIAN_POINT('Ctrl Pts',(-9.89463866927623,45.8050072800221,-0.000142022329989999));
#673=CARTESIAN_POINT('Ctrl Pts',(-9.89499802762527,45.4449927199779,-0.000155789795327646));
#674=CARTESIAN_POINT('Ctrl Pts',(-9.89401324650243,45.490776674033,1.13852613716151));
#675=CARTESIAN_POINT('Ctrl Pts',(-9.6974366543373,45.5365606280881,2.27750989973089));
#676=CARTESIAN_POINT('Ctrl Pts',(-9.31222835398032,45.5823445821432,3.34868448359153));
#677=CARTESIAN_POINT('Ctrl Pts',(-8.76782615665257,45.6470495357146,4.86254022510839));
#678=CARTESIAN_POINT('Ctrl Pts',(-7.84666536899897,45.7117544892861,6.24095908368363));
#679=CARTESIAN_POINT('Ctrl Pts',(-6.65617314319154,45.7764594428576,7.32305220610713));
#680=CARTESIAN_POINT('Ctrl Pts',(-5.46568091738412,45.841164396429,8.40514532853062));
#681=CARTESIAN_POINT('Ctrl Pts',(-4.00585725342289,45.9058693500005,9.19091271480238));
#682=CARTESIAN_POINT('Ctrl Pts',(-2.44702950410554,45.970574303572,9.58871890196313));
#683=CARTESIAN_POINT('Ctrl Pts',(-0.888201754788186,46.0352792571434,9.98652508912389));
#684=CARTESIAN_POINT('Ctrl Pts',(0.769630079885282,46.0999842107149,9.99637007717365));
#685=CARTESIAN_POINT('Ctrl Pts',(2.33306570749155,46.1646891642863,9.61708863460038));
#686=CARTESIAN_POINT('Ctrl Pts',(3.89650133509782,46.2293941178578,9.23780719202712));
#687=CARTESIAN_POINT('Ctrl Pts',(5.36554075563688,46.2940990714293,8.46939931883083));
#688=CARTESIAN_POINT('Ctrl Pts',(6.56879609855283,46.3588040250007,7.40151821963492));
#689=CARTESIAN_POINT('Ctrl Pts',(7.77205144146878,46.4235089785722,6.33363712043901));
#690=CARTESIAN_POINT('Ctrl Pts',(8.70952270676162,46.4882139321436,4.96628279524347));
#691=CARTESIAN_POINT('Ctrl Pts',(9.27184282974019,46.5529188857151,3.45897237287321));
#692=CARTESIAN_POINT('Ctrl Pts',(9.83416295271875,46.6176238392866,1.95166195050295));
#693=CARTESIAN_POINT('Ctrl Pts',(10.021331933383,46.6823287928581,0.304395430957986));
#694=CARTESIAN_POINT('Ctrl Pts',(9.81151301799335,46.7470337464295,-1.2906490443039));
#695=CARTESIAN_POINT('Ctrl Pts',(9.60169410260365,46.811738700001,-2.88569351956578));
#696=CARTESIAN_POINT('Ctrl Pts',(8.99488729115996,46.8764436535724,-4.42851595054458));
#697=CARTESIAN_POINT('Ctrl Pts',(8.06188541480778,46.9411486071439,-5.73912556908815));
#698=CARTESIAN_POINT('Ctrl Pts',(7.12888353845561,47.0058535607153,-7.04973518763172));
#699=CARTESIAN_POINT('Ctrl Pts',(5.86968659719494,47.0705585142868,-8.12813199374006));
#700=CARTESIAN_POINT('Ctrl Pts',(4.4311971306974,47.1352634678583,-8.84850570671819));
#701=CARTESIAN_POINT('Ctrl Pts',(2.99270766419986,47.1999684214298,-9.56887941969632));
#702=CARTESIAN_POINT('Ctrl Pts',(1.37492567246544,47.2646733750012,-9.93123003954423));
#703=CARTESIAN_POINT('Ctrl Pts',(-0.233412106387702,47.3293783285727,-9.89328453167095));
#704=CARTESIAN_POINT('Ctrl Pts',(-1.84174988524086,47.3940832821441,-9.85533902379766));
#705=CARTESIAN_POINT('Ctrl Pts',(-3.44064345121274,47.4587882357156,-9.41709738820317));
#706=CARTESIAN_POINT('Ctrl Pts',(-4.84355980048183,47.5234931892871,-8.62968649149799));
#707=CARTESIAN_POINT('Ctrl Pts',(-6.24647614975092,47.5881981428585,-7.84227559479282));
#708=CARTESIAN_POINT('Ctrl Pts',(-7.45341528231722,47.65290309643,-6.70569543697694));
#709=CARTESIAN_POINT('Ctrl Pts',(-8.32357103354053,47.7176080500014,-5.35254384798395));
#710=CARTESIAN_POINT('Ctrl Pts',(-9.19372678476384,47.7823130035729,-3.99939225899094));
#711=CARTESIAN_POINT('Ctrl Pts',(-9.72709915464417,47.8470179571444,-2.42966923882082));
#712=CARTESIAN_POINT('Ctrl Pts',(-9.86146289199772,47.9117229107158,-0.826504679055725));
#713=CARTESIAN_POINT('Ctrl Pts',(-9.88449181362195,47.9228128471365,-0.551734478964984));
#714=CARTESIAN_POINT('Ctrl Pts',(-9.89579971693226,47.9339027835572,-0.275981921937362));
#715=CARTESIAN_POINT('Ctrl Pts',(-9.89554204600562,47.9449927199779,-0.000208299140339068));
#716=CARTESIAN_POINT('Origin',(0.,0.,0.));
#717=CARTESIAN_POINT('',(-9.89509304230964,78.3050072800221,-0.000226382617538323));
#718=CARTESIAN_POINT('',(-9.89554766502507,77.9449927199779,-0.000208298741315941));
#719=CARTESIAN_POINT('',(-9.89525,0.,1.21181862392628E-15));
#720=CARTESIAN_POINT('Ctrl Pts',(-9.89509304230964,78.3050072800221,-0.000226382617538323));
#721=CARTESIAN_POINT('Ctrl Pts',(-9.89548760034127,78.2876602712049,-0.431652188167722));
#722=CARTESIAN_POINT('Ctrl Pts',(-9.86776965672862,78.2703132623877,-0.863027665724595));
#723=CARTESIAN_POINT('Ctrl Pts',(-9.81151843680426,78.2529662535705,-1.29064972142278));
#724=CARTESIAN_POINT('Ctrl Pts',(-9.60169940622099,78.188261299999,-2.88569504316448));
#725=CARTESIAN_POINT('Ctrl Pts',(-8.99489226215324,78.1235563464276,-4.42851839619448));
#726=CARTESIAN_POINT('Ctrl Pts',(-8.06188987045836,78.0588513928561,-5.73912875654318));
#727=CARTESIAN_POINT('Ctrl Pts',(-7.12888747876348,77.9941464392846,-7.04973911689188));
#728=CARTESIAN_POINT('Ctrl Pts',(-5.86968983944146,77.9294414857132,-8.12813648455928));
#729=CARTESIAN_POINT('Ctrl Pts',(-4.43119957783668,77.8647365321417,-8.8485105868133));
#730=CARTESIAN_POINT('Ctrl Pts',(-2.9927093162319,77.8000315785703,-9.56888468906732));
#731=CARTESIAN_POINT('Ctrl Pts',(-1.37492643234438,77.7353266249988,-9.93123552590797));
#732=CARTESIAN_POINT('Ctrl Pts',(0.233412234757786,77.6706216714273,-9.89329000144017));
#733=CARTESIAN_POINT('Ctrl Pts',(1.84175090185995,77.6059167178558,-9.85534447697236));
#734=CARTESIAN_POINT('Ctrl Pts',(3.44064535217674,77.5412117642844,-9.41710259119611));
#735=CARTESIAN_POINT('Ctrl Pts',(4.84356247672188,77.4765068107129,-8.6296912572315));
#736=CARTESIAN_POINT('Ctrl Pts',(6.24647960126703,77.4118018571415,-7.84227992326691));
#737=CARTESIAN_POINT('Ctrl Pts',(7.45341940004052,77.34709690357,-6.70569914111396));
#738=CARTESIAN_POINT('Ctrl Pts',(8.3235756318689,77.2823919499985,-5.35254680583955));
#739=CARTESIAN_POINT('Ctrl Pts',(9.1937318636973,77.2176869964271,-3.99939447056511));
#740=CARTESIAN_POINT('Ctrl Pts',(9.72710452858057,77.1529820428556,-2.42967058216919));
#741=CARTESIAN_POINT('Ctrl Pts',(9.86146834025164,77.0882770892841,-0.82650513568232));
#742=CARTESIAN_POINT('Ctrl Pts',(9.99583215192271,77.0235721357127,0.776660310804529));
#743=CARTESIAN_POINT('Ctrl Pts',(9.7311871103816,76.9588671821412,2.41326731538232));
#744=CARTESIAN_POINT('Ctrl Pts',(9.0984077092626,76.8941622285698,3.89238304437984));
#745=CARTESIAN_POINT('Ctrl Pts',(8.46562830814361,76.8294572749983,5.37149877337737));
#746=CARTESIAN_POINT('Ctrl Pts',(7.46471454744673,76.7647523214268,6.69312322679461));
#747=CARTESIAN_POINT('Ctrl Pts',(6.21243687671458,76.7000473678553,7.7030706029403));
#748=CARTESIAN_POINT('Ctrl Pts',(4.96015920598241,76.6353424142839,8.713017979086));
#749=CARTESIAN_POINT('Ctrl Pts',(3.45651762521496,76.5706374607124,9.41128827796014));
#750=CARTESIAN_POINT('Ctrl Pts',(1.87693269000525,76.505932507141,9.716418681856));
#751=CARTESIAN_POINT('Ctrl Pts',(0.297347754795531,76.4412275535695,10.0215490857519));
#752=CARTESIAN_POINT('Ctrl Pts',(-1.35818053485646,76.3765225999981,9.93353959466943));
#753=CARTESIAN_POINT('Ctrl Pts',(-2.89651184095334,76.3118176464266,9.46265757907281));
#754=CARTESIAN_POINT('Ctrl Pts',(-4.43484314705021,76.2471126928551,8.9917755634762));
#755=CARTESIAN_POINT('Ctrl Pts',(-5.85597746959199,76.1824077392837,8.1380210233654));
#756=CARTESIAN_POINT('Ctrl Pts',(-6.9941199759848,76.1177027857122,7.00099656685464));
#757=CARTESIAN_POINT('Ctrl Pts',(-8.13226248237761,76.0529978321407,5.86397211034387));
#758=CARTESIAN_POINT('Ctrl Pts',(-8.98741317262145,75.9882928785693,4.44367773743315));
#759=CARTESIAN_POINT('Ctrl Pts',(-9.45980658689881,75.9235879249978,2.9058097111863));
#760=CARTESIAN_POINT('Ctrl Pts',(-9.74838168898595,75.8840610433392,1.96635880171578));
#761=CARTESIAN_POINT('Ctrl Pts',(-9.89412216498531,75.8445341616807,0.983032596159408));
#762=CARTESIAN_POINT('Ctrl Pts',(-9.89464428460032,75.8050072800221,-0.000141948127156122));
#763=CARTESIAN_POINT('Ctrl Pts',(-9.89499912616557,75.4449927199779,-0.000145942968058073));
#764=CARTESIAN_POINT('Ctrl Pts',(-9.89401602758266,75.490776674033,1.13853367487291));
#765=CARTESIAN_POINT('Ctrl Pts',(-9.69743880157508,75.5365606280881,2.27752024519299));
#766=CARTESIAN_POINT('Ctrl Pts',(-9.31223046278776,75.5823445821432,3.34869504110857));
#767=CARTESIAN_POINT('Ctrl Pts',(-8.76782821114773,75.6470495357146,4.86255108231554));
#768=CARTESIAN_POINT('Ctrl Pts',(-7.84666855841262,75.7117544892861,6.24096505613611));
#769=CARTESIAN_POINT('Ctrl Pts',(-6.65617634295798,75.7764594428576,7.32305693213815));
#770=CARTESIAN_POINT('Ctrl Pts',(-5.46568412750334,75.841164396429,8.4051488081402));
#771=CARTESIAN_POINT('Ctrl Pts',(-4.00585934932916,75.9058693500005,9.19091858632372));
#772=CARTESIAN_POINT('Ctrl Pts',(-2.44703066182911,75.9705743035719,9.58872536010859));
#773=CARTESIAN_POINT('Ctrl Pts',(-0.888201974329052,76.0352792571434,9.98653213389346));
#774=CARTESIAN_POINT('Ctrl Pts',(0.769630622496883,76.0999842107149,9.99637590327969));
#775=CARTESIAN_POINT('Ctrl Pts',(2.33306706618768,76.1646891642864,9.61709391113691));
#776=CARTESIAN_POINT('Ctrl Pts',(3.89650350987848,76.2293941178578,9.23781191899412));
#777=CARTESIAN_POINT('Ctrl Pts',(5.36554380043413,76.2940990714293,8.46940416532233));
#778=CARTESIAN_POINT('Ctrl Pts',(6.56879983884701,76.3588040250007,7.40152259170811));
#779=CARTESIAN_POINT('Ctrl Pts',(7.77205587725988,76.4235089785722,6.33364101809389));
#780=CARTESIAN_POINT('Ctrl Pts',(8.70952766352998,76.4882139321437,4.96628562453725));
#781=CARTESIAN_POINT('Ctrl Pts',(9.27184809951801,76.5529188857151,3.4589742712837));
#782=CARTESIAN_POINT('Ctrl Pts',(9.83416853550604,76.6176238392866,1.95166291803015));
#783=CARTESIAN_POINT('Ctrl Pts',(10.021337621212,76.682328792858,0.304395605079703));
#784=CARTESIAN_POINT('Ctrl Pts',(9.81151858740548,76.7470337464295,-1.2906497404603));
#785=CARTESIAN_POINT('Ctrl Pts',(9.60169955359896,76.8117387000009,-2.88569508600028));
#786=CARTESIAN_POINT('Ctrl Pts',(8.99489240027995,76.8764436535724,-4.42851846412982));
#787=CARTESIAN_POINT('Ctrl Pts',(8.06188999426528,76.9411486071439,-5.73912884496528));
#788=CARTESIAN_POINT('Ctrl Pts',(7.1288875882506,77.0058535607154,-7.04973922580074));
#789=CARTESIAN_POINT('Ctrl Pts',(5.86968992954025,77.0705585142868,-8.12813660934211));
#790=CARTESIAN_POINT('Ctrl Pts',(4.43119964584195,77.1352634678583,-8.84851072248123));
#791=CARTESIAN_POINT('Ctrl Pts',(2.99270936214366,77.1999684214298,-9.56888483562035));
#792=CARTESIAN_POINT('Ctrl Pts',(1.3749264534574,77.2646733750012,-9.93123567835723));
#793=CARTESIAN_POINT('Ctrl Pts',(-0.233412238328031,77.3293783285727,-9.89329015339448));
#794=CARTESIAN_POINT('Ctrl Pts',(-1.84175093011347,77.3940832821442,-9.85534462843173));
#795=CARTESIAN_POINT('Ctrl Pts',(-3.44064540499811,77.4587882357156,-9.41710273576936));
#796=CARTESIAN_POINT('Ctrl Pts',(-4.84356255108481,77.5234931892871,-8.62969138967267));
#797=CARTESIAN_POINT('Ctrl Pts',(-6.24647969717151,77.5881981428586,-7.84228004357597));
#798=CARTESIAN_POINT('Ctrl Pts',(-7.45341951446027,77.65290309643,-6.70569924404494));
#799=CARTESIAN_POINT('Ctrl Pts',(-8.32357575964402,77.7176080500015,-5.35254688802297));
#800=CARTESIAN_POINT('Ctrl Pts',(-9.19373200482778,77.7823130035729,-3.99939453200099));
#801=CARTESIAN_POINT('Ctrl Pts',(-9.72710467790654,77.8470179571444,-2.42967061948808));
#802=CARTESIAN_POINT('Ctrl Pts',(-9.86146849164192,77.9117229107159,-0.826505148370355));
#803=CARTESIAN_POINT('Ctrl Pts',(-9.88449742635741,77.9228128471365,-0.551734792080831));
#804=CARTESIAN_POINT('Ctrl Pts',(-9.89580533609617,77.9339027835572,-0.275982078296006));
#805=CARTESIAN_POINT('Ctrl Pts',(-9.89554766502507,77.9449927199779,-0.000208298741315941));
#806=CARTESIAN_POINT('Origin',(0.,70.3784531014538,0.));
#807=CARTESIAN_POINT('',(-8.46886566537686,79.1284531014538,-0.000193753001423243));
#808=CARTESIAN_POINT('',(-8.46961489222699,79.6215468985462,-0.000128452860081486));
#809=CARTESIAN_POINT('',(-8.469,70.3784531014538,3.46079062205046E-15));
#810=CARTESIAN_POINT('',(4.91845091371882,80.,6.89437745491322));
#811=CARTESIAN_POINT('Ctrl Pts',(-8.46886566537686,79.1284531014538,-0.000193753001423401));
#812=CARTESIAN_POINT('Ctrl Pts',(-8.46794376392795,79.1758110462081,1.00785080152188));
#813=CARTESIAN_POINT('Ctrl Pts',(-8.04142580722614,79.2878739445338,3.39394190080267));
#814=CARTESIAN_POINT('Ctrl Pts',(-5.84948250634305,79.464641796431,6.59101462851334));
#815=CARTESIAN_POINT('Ctrl Pts',(-2.07758123269552,79.6587566571454,8.56397496526331));
#816=CARTESIAN_POINT('Ctrl Pts',(1.83561573475558,79.8372093916684,8.54073937853596));
#817=CARTESIAN_POINT('Ctrl Pts',(4.06807190020114,79.9509571726199,7.49978917176004));
#818=CARTESIAN_POINT('Ctrl Pts',(4.91845091371882,80.,6.89437745491322));
#819=CARTESIAN_POINT('',(-4.91830465822577,80.,6.8945079801879));
#820=CARTESIAN_POINT('Origin',(0.,80.,0.));
#821=CARTESIAN_POINT('Ctrl Pts',(-8.46961489222699,79.6215468985462,-0.000128452860081391));
#822=CARTESIAN_POINT('Ctrl Pts',(-8.46902587371818,79.6829929787927,1.30747318992297));
#823=CARTESIAN_POINT('Ctrl Pts',(-7.836807471319,79.8091440126106,3.99267327107435));
#824=CARTESIAN_POINT('Ctrl Pts',(-6.0394984083905,79.9352950464285,6.09468695451719));
#825=CARTESIAN_POINT('Ctrl Pts',(-4.91830465822577,80.,6.8945079801879));
#826=CARTESIAN_POINT('Origin',(0.,70.3784531014538,0.));
#827=CARTESIAN_POINT('',(-8.46848158927567,76.6284531014538,-0.000121488460482292));
#828=CARTESIAN_POINT('',(-8.4692547611326,77.1215468985462,-0.000178275641363884));
#829=CARTESIAN_POINT('',(-8.469,70.3784531014538,3.46079062205046E-15));
#830=CARTESIAN_POINT('Ctrl Pts',(-8.46848158927567,76.6284531014538,-0.00012148846048235));
#831=CARTESIAN_POINT('Ctrl Pts',(-8.4680347252733,76.6679799831124,0.841343377567442));
#832=CARTESIAN_POINT('Ctrl Pts',(-8.13911238122298,76.7722118183424,3.06061676939522));
#833=CARTESIAN_POINT('Ctrl Pts',(-6.22822665092655,76.9411486071439,6.23435010198662));
#834=CARTESIAN_POINT('Ctrl Pts',(-2.57932846919096,77.1352634678583,8.42644647151697));
#835=CARTESIAN_POINT('Ctrl Pts',(1.67139862261449,77.3293783285727,8.65241925036856));
#836=CARTESIAN_POINT('Ctrl Pts',(5.53214207452914,77.5234931892871,6.85954352883598));
#837=CARTESIAN_POINT('Ctrl Pts',(8.10208380596853,77.7176080500015,3.4661464455918));
#838=CARTESIAN_POINT('Ctrl Pts',(8.78158524053917,77.9117229107158,-0.735998438600936));
#839=CARTESIAN_POINT('Ctrl Pts',(7.41209995247781,78.1058377714302,-4.76641453041011));
#840=CARTESIAN_POINT('Ctrl Pts',(4.31316667970166,78.2999526321447,-7.68469430425716));
#841=CARTESIAN_POINT('Ctrl Pts',(0.207852382518782,78.494067492859,-8.8099222259284));
#842=CARTESIAN_POINT('Ctrl Pts',(-3.94595977290231,78.6881823535734,-7.87955182481571));
#843=CARTESIAN_POINT('Ctrl Pts',(-7.17907004523039,78.8822972142878,-5.11066352787268));
#844=CARTESIAN_POINT('Ctrl Pts',(-8.35699356585477,79.029054130248,-2.11576155041722));
#845=CARTESIAN_POINT('Ctrl Pts',(-8.46920335386072,79.1111060926366,-0.369436081108819));
#846=CARTESIAN_POINT('Ctrl Pts',(-8.46886566537686,79.1284531014538,-0.000193753001423401));
#847=CARTESIAN_POINT('Ctrl Pts',(-8.46925476113259,77.1215468985462,-0.000178275641364092));
#848=CARTESIAN_POINT('Ctrl Pts',(-8.46818858632227,77.175161915697,1.14090075918702));
#849=CARTESIAN_POINT('Ctrl Pts',(-7.95526111245566,77.2934818864192,3.66001397680257));
#850=CARTESIAN_POINT('Ctrl Pts',(-5.5321421594547,77.4765068107129,6.85954363400887));
#851=CARTESIAN_POINT('Ctrl Pts',(-1.67139864828276,77.6706216714273,8.65241938347531));
#852=CARTESIAN_POINT('Ctrl Pts',(2.57932850882741,77.8647365321417,8.42644660029425));
#853=CARTESIAN_POINT('Ctrl Pts',(6.22822674643413,78.0588513928561,6.23435019886068));
#854=CARTESIAN_POINT('Ctrl Pts',(8.42390789900124,78.2529662535705,2.58760860847873));
#855=CARTESIAN_POINT('Ctrl Pts',(8.65405725257369,78.4470811142849,-1.66289616185394));
#856=CARTESIAN_POINT('Ctrl Pts',(6.8649779807459,78.6411959749993,-5.52539584857605));
#857=CARTESIAN_POINT('Ctrl Pts',(3.47410449774882,78.8353108357136,-8.09867958462658));
#858=CARTESIAN_POINT('Ctrl Pts',(-0.727362789667002,79.029425696428,-8.78229231324245));
#859=CARTESIAN_POINT('Ctrl Pts',(-4.75913885208006,79.2235405571424,-7.41680863948178));
#860=CARTESIAN_POINT('Ctrl Pts',(-7.68042367974456,79.4176554178568,-4.32066472754569));
#861=CARTESIAN_POINT('Ctrl Pts',(-8.45226761968827,79.5503241983247,-1.51576272100083));
#862=CARTESIAN_POINT('Ctrl Pts',(-8.46964613159488,79.6182880252212,-0.0694788181931541));
#863=CARTESIAN_POINT('Ctrl Pts',(-8.46961489222699,79.6215468985462,-0.000128452860081391));
#864=CARTESIAN_POINT('Ctrl Pts',(-3.7020727941976,74.1765541785683,-7.61699534110806));
#865=CARTESIAN_POINT('Ctrl Pts',(-4.94075836770411,74.2412591321397,-7.01495950454992));
#866=CARTESIAN_POINT('Ctrl Pts',(-7.11770302913363,74.3706690392827,-5.19562409253492));
#867=CARTESIAN_POINT('Ctrl Pts',(-8.7229115926348,74.5647838999971,-1.25277884572782));
#868=CARTESIAN_POINT('Ctrl Pts',(-8.29246741812725,74.7588987607114,2.98195166083161));
#869=CARTESIAN_POINT('Ctrl Pts',(-5.92730198046364,74.9530136214259,6.52116126471823));
#870=CARTESIAN_POINT('Ctrl Pts',(-2.17906235649545,75.1471284821402,8.53870026113659));
#871=CARTESIAN_POINT('Ctrl Pts',(2.07758126418686,75.3412433428546,8.56397507974104));
#872=CARTESIAN_POINT('Ctrl Pts',(5.84948259686137,75.535358203569,6.59101474043287));
#873=CARTESIAN_POINT('Ctrl Pts',(8.2565309962211,75.7294730642834,3.08019909817081));
#874=CARTESIAN_POINT('Ctrl Pts',(8.73710551030931,75.9235879249978,-1.14931714650536));
#875=CARTESIAN_POINT('Ctrl Pts',(7.17907015553041,76.1177027857122,-5.11066360749799));
#876=CARTESIAN_POINT('Ctrl Pts',(3.94595983342092,76.3118176464266,-7.87955194519898));
#877=CARTESIAN_POINT('Ctrl Pts',(-0.207852385673227,76.505932507141,-8.80992236145079));
#878=CARTESIAN_POINT('Ctrl Pts',(-4.31316674593638,76.7000473678553,-7.6846944220988));
#879=CARTESIAN_POINT('Ctrl Pts',(-7.41210006625224,76.8941622285697,-4.76641460363187));
#880=CARTESIAN_POINT('Ctrl Pts',(-8.7815853753563,77.0882770892842,-0.735998449899963));
#881=CARTESIAN_POINT('Ctrl Pts',(-8.1020839303436,77.2823919499986,3.46614649885425));
#882=CARTESIAN_POINT('Ctrl Pts',(-5.5321421594547,77.4765068107129,6.85954363400887));
#883=CARTESIAN_POINT('Ctrl Pts',(-1.67139864828276,77.6706216714273,8.65241938347531));
#884=CARTESIAN_POINT('Ctrl Pts',(2.57932850882741,77.8647365321417,8.42644660029425));
#885=CARTESIAN_POINT('Ctrl Pts',(6.22822674643413,78.0588513928561,6.23435019886068));
#886=CARTESIAN_POINT('Ctrl Pts',(8.42390789900124,78.2529662535705,2.58760860847873));
#887=CARTESIAN_POINT('Ctrl Pts',(8.65405725257369,78.4470811142849,-1.66289616185394));
#888=CARTESIAN_POINT('Ctrl Pts',(6.8649779807459,78.6411959749993,-5.52539584857605));
#889=CARTESIAN_POINT('Ctrl Pts',(3.47410449774882,78.8353108357136,-8.09867958462658));
#890=CARTESIAN_POINT('Ctrl Pts',(-0.727362789667002,79.029425696428,-8.78229231324245));
#891=CARTESIAN_POINT('Ctrl Pts',(-4.75913885208006,79.2235405571424,-7.41680863948178));
#892=CARTESIAN_POINT('Ctrl Pts',(-7.68042367974456,79.4176554178568,-4.32066472754569));
#893=CARTESIAN_POINT('Ctrl Pts',(-8.80975025052473,79.6117702785712,-0.216661054657169));
#894=CARTESIAN_POINT('Ctrl Pts',(-7.88323755107874,79.8058851392856,3.93837172383834));
#895=CARTESIAN_POINT('Ctrl Pts',(-6.0394984083905,79.9352950464285,6.09468695451719));
#896=CARTESIAN_POINT('Ctrl Pts',(-4.91830465822577,80.,6.8945079801879));
#897=CARTESIAN_POINT('Ctrl Pts',(-3.90989273841472,74.4510361190455,-8.04458378544448));
#898=CARTESIAN_POINT('Ctrl Pts',(-5.21811329437542,74.515741072617,-7.40875200241918));
#899=CARTESIAN_POINT('Ctrl Pts',(-7.51726314820719,74.6451509797599,-5.48728618809826));
#900=CARTESIAN_POINT('Ctrl Pts',(-9.2125818669291,74.8392658404743,-1.32310496958027));
#901=CARTESIAN_POINT('Ctrl Pts',(-8.75797423337911,75.0333807011886,3.14934681005273));
#902=CARTESIAN_POINT('Ctrl Pts',(-6.26003762220159,75.2274955619031,6.88723385313104));
#903=CARTESIAN_POINT('Ctrl Pts',(-2.30138642804863,75.4216104226174,9.01802962892681));
#904=CARTESIAN_POINT('Ctrl Pts',(2.19420858256551,75.6157252833319,9.04472327738266));
#905=CARTESIAN_POINT('Ctrl Pts',(6.17784976157084,75.8098401440463,6.96100863083876));
#906=CARTESIAN_POINT('Ctrl Pts',(8.72002048074742,76.0039550047607,3.25310947577407));
#907=CARTESIAN_POINT('Ctrl Pts',(9.22757257584553,76.198069865475,-1.21383533362715));
#908=CARTESIAN_POINT('Ctrl Pts',(7.58207518600726,76.3921847261894,-5.39755635241845));
#909=CARTESIAN_POINT('Ctrl Pts',(4.16747064589058,76.5862995869038,-8.32187929442714));
#910=CARTESIAN_POINT('Ctrl Pts',(-0.219520408858431,76.7804144476182,-9.30447708133189));
#911=CARTESIAN_POINT('Ctrl Pts',(-4.5552911239185,76.9745293083326,-8.11608322910153));
#912=CARTESIAN_POINT('Ctrl Pts',(-7.8281864880845,77.168644169047,-5.03398255059255));
#913=CARTESIAN_POINT('Ctrl Pts',(-9.27454936723262,77.3627590297614,-0.777314535591698));
#914=CARTESIAN_POINT('Ctrl Pts',(-8.55690335828286,77.5568738904758,3.66072245996697));
#915=CARTESIAN_POINT('Ctrl Pts',(-5.84269506829566,77.7509887511901,7.24461169037149));
#916=CARTESIAN_POINT('Ctrl Pts',(-1.76522445700135,77.9451036119046,9.13813249976931));
#917=CARTESIAN_POINT('Ctrl Pts',(2.72412196282493,78.1392184726189,8.89947448487998));
#918=CARTESIAN_POINT('Ctrl Pts',(6.57785513219796,78.3333333333333,6.58432233138814));
#919=CARTESIAN_POINT('Ctrl Pts',(8.89679327078659,78.5274481940477,2.73286687501326));
#920=CARTESIAN_POINT('Ctrl Pts',(9.1398623124581,78.7215630547621,-1.75624467410821));
#921=CARTESIAN_POINT('Ctrl Pts',(7.25035110016333,78.9156779154765,-5.8355700458064));
#922=CARTESIAN_POINT('Ctrl Pts',(3.6691271899169,79.1097927761909,-8.55330790585984));
#923=CARTESIAN_POINT('Ctrl Pts',(-0.768194103035861,79.3039076369053,-9.27529598985764));
#924=CARTESIAN_POINT('Ctrl Pts',(-5.02629836669332,79.4980224976196,-7.8331593822716));
#925=CARTESIAN_POINT('Ctrl Pts',(-8.11157274390938,79.6921373583341,-4.56321001300489));
#926=CARTESIAN_POINT('Ctrl Pts',(-9.30429530876895,79.8862522190484,-0.228823562202524));
#927=CARTESIAN_POINT('Ctrl Pts',(-8.3257717958627,80.0803670797629,4.15945656939762));
#928=CARTESIAN_POINT('Ctrl Pts',(-6.37853232050004,80.2097769869058,6.43681893660402));
#929=CARTESIAN_POINT('Ctrl Pts',(-5.19439912112161,80.2744819404772,7.28153879873173));
#930=CARTESIAN_POINT('Ctrl Pts',(-4.11771268263183,74.7255180595228,-8.4721722297809));
#931=CARTESIAN_POINT('Ctrl Pts',(-5.49546822104673,74.7902230130942,-7.80254450028844));
#932=CARTESIAN_POINT('Ctrl Pts',(-7.91682326728075,74.9196329202371,-5.77894828366161));
#933=CARTESIAN_POINT('Ctrl Pts',(-9.7022521412234,75.1137477809516,-1.39343109343272));
#934=CARTESIAN_POINT('Ctrl Pts',(-9.22348104863097,75.3078626416659,3.31674195927385));
#935=CARTESIAN_POINT('Ctrl Pts',(-6.59277326393956,75.5019775023804,7.25330644154386));
#936=CARTESIAN_POINT('Ctrl Pts',(-2.42371049960181,75.6960923630947,9.49735899671702));
#937=CARTESIAN_POINT('Ctrl Pts',(2.31083590094417,75.8902072238091,9.52547147502429));
#938=CARTESIAN_POINT('Ctrl Pts',(6.50621692628031,76.0843220845235,7.33100252124465));
#939=CARTESIAN_POINT('Ctrl Pts',(9.18350996527374,76.2784369452379,3.42601985337733));
#940=CARTESIAN_POINT('Ctrl Pts',(9.71803964138175,76.4725518059522,-1.27835352074893));
#941=CARTESIAN_POINT('Ctrl Pts',(7.9850802164841,76.6666666666667,-5.68444909733891));
#942=CARTESIAN_POINT('Ctrl Pts',(4.38898145836024,76.8607815273811,-8.76420664365531));
#943=CARTESIAN_POINT('Ctrl Pts',(-0.231188432043631,77.0548963880954,-9.799031801213));
#944=CARTESIAN_POINT('Ctrl Pts',(-4.79741550190062,77.2490112488099,-8.54747203610426));
#945=CARTESIAN_POINT('Ctrl Pts',(-8.24427290991676,77.4431261095242,-5.30155049755323));
#946=CARTESIAN_POINT('Ctrl Pts',(-9.76751335910896,77.6372409702387,-0.818630621283425));
#947=CARTESIAN_POINT('Ctrl Pts',(-9.01172278622211,77.831355830953,3.85529842107969));
#948=CARTESIAN_POINT('Ctrl Pts',(-6.15324797713662,78.0254706916674,7.62967974673411));
#949=CARTESIAN_POINT('Ctrl Pts',(-1.85905026571994,78.2195855523818,9.62384561606331));
#950=CARTESIAN_POINT('Ctrl Pts',(2.86891541682245,78.4137004130962,9.37250236946571));
#951=CARTESIAN_POINT('Ctrl Pts',(6.9274835179618,78.6078152738106,6.9342944639156));
#952=CARTESIAN_POINT('Ctrl Pts',(9.36967864257195,78.801930134525,2.87812514154779));
#953=CARTESIAN_POINT('Ctrl Pts',(9.62566737234251,78.9960449952394,-1.84959318636248));
#954=CARTESIAN_POINT('Ctrl Pts',(7.63572421958078,79.1901598559537,-6.14574424303676));
#955=CARTESIAN_POINT('Ctrl Pts',(3.86414988208497,79.3842747166682,-9.00793622709311));
#956=CARTESIAN_POINT('Ctrl Pts',(-0.809025416404715,79.5783895773825,-9.76829966647283));
#957=CARTESIAN_POINT('Ctrl Pts',(-5.29345788130659,79.7725044380969,-8.24951012506141));
#958=CARTESIAN_POINT('Ctrl Pts',(-8.54272180807421,79.9666192988113,-4.8057552984641));
#959=CARTESIAN_POINT('Ctrl Pts',(-9.79884036701317,80.1607341595257,-0.240986069747874));
#960=CARTESIAN_POINT('Ctrl Pts',(-8.76830604064666,80.3548490202401,4.38054141495689));
#961=CARTESIAN_POINT('Ctrl Pts',(-6.71756623260957,80.484258927383,6.77895091869085));
#962=CARTESIAN_POINT('Ctrl Pts',(-5.47049358401744,80.5489638809545,7.66856961727556));
#963=CARTESIAN_POINT('Ctrl Pts',(-4.32553262684895,75.,-8.89976067411732));
#964=CARTESIAN_POINT('Ctrl Pts',(-5.77282314771804,75.0647049535715,-8.1963369981577));
#965=CARTESIAN_POINT('Ctrl Pts',(-8.3163833863543,75.1941148607144,-6.07061037922495));
#966=CARTESIAN_POINT('Ctrl Pts',(-10.1919224155177,75.3882297214287,-1.46375721728518));
#967=CARTESIAN_POINT('Ctrl Pts',(-9.68898786388283,75.5823445821432,3.48413710849497));
#968=CARTESIAN_POINT('Ctrl Pts',(-6.92550890567751,75.7764594428576,7.61937902995668));
#969=CARTESIAN_POINT('Ctrl Pts',(-2.54603457115499,75.9705743035719,9.97668836450724));
#970=CARTESIAN_POINT('Ctrl Pts',(2.42746321932282,76.1646891642864,10.0062196726659));
#971=CARTESIAN_POINT('Ctrl Pts',(6.83458409098978,76.3588040250007,7.70099641165053));
#972=CARTESIAN_POINT('Ctrl Pts',(9.64699944980007,76.5529188857151,3.5989302309806));
#973=CARTESIAN_POINT('Ctrl Pts',(10.208506706918,76.7470337464295,-1.34287170787072));
#974=CARTESIAN_POINT('Ctrl Pts',(8.38808524696095,76.9411486071439,-5.97134184225937));
#975=CARTESIAN_POINT('Ctrl Pts',(4.61049227082989,77.1352634678583,-9.20653399288348));
#976=CARTESIAN_POINT('Ctrl Pts',(-0.242856455228834,77.3293783285727,-10.2935865210941));
#977=CARTESIAN_POINT('Ctrl Pts',(-5.03953987988274,77.5234931892871,-8.97886084310699));
#978=CARTESIAN_POINT('Ctrl Pts',(-8.66035933174903,77.7176080500015,-5.56911844451391));
#979=CARTESIAN_POINT('Ctrl Pts',(-10.2604773509853,77.9117229107159,-0.859946706975158));
#980=CARTESIAN_POINT('Ctrl Pts',(-9.46654221416136,78.1058377714303,4.04987438219241));
#981=CARTESIAN_POINT('Ctrl Pts',(-6.46380088597758,78.2999526321446,8.01474780309674));
#982=CARTESIAN_POINT('Ctrl Pts',(-1.95287607443854,78.494067492859,10.1095587323573));
#983=CARTESIAN_POINT('Ctrl Pts',(3.01370887081998,78.6881823535734,9.84553025405145));
#984=CARTESIAN_POINT('Ctrl Pts',(7.27711190372563,78.8822972142878,7.28426659644305));
#985=CARTESIAN_POINT('Ctrl Pts',(9.8425640143573,79.0764120750022,3.02338340808232));
#986=CARTESIAN_POINT('Ctrl Pts',(10.1114724322269,79.2705269357166,-1.94294169861675));
#987=CARTESIAN_POINT('Ctrl Pts',(8.02109733899821,79.464641796431,-6.45591844026711));
#988=CARTESIAN_POINT('Ctrl Pts',(4.05917257425305,79.6587566571453,-9.46256454832638));
#989=CARTESIAN_POINT('Ctrl Pts',(-0.849856729773577,79.8528715178598,-10.261303343088));
#990=CARTESIAN_POINT('Ctrl Pts',(-5.56061739591985,80.0469863785741,-8.66586086785123));
#991=CARTESIAN_POINT('Ctrl Pts',(-8.97387087223903,80.2411012392886,-5.04830058392331));
#992=CARTESIAN_POINT('Ctrl Pts',(-10.2933854252574,80.4352161000029,-0.253148577293229));
#993=CARTESIAN_POINT('Ctrl Pts',(-9.21084028543062,80.6293309607173,4.60162626051616));
#994=CARTESIAN_POINT('Ctrl Pts',(-7.05660014471911,80.7587408678603,7.12108290077768));
#995=CARTESIAN_POINT('Ctrl Pts',(-5.74658804691328,80.8234458214317,8.05560043581938));
#996=CARTESIAN_POINT('',(-4.32572656459863,80.,-8.89963888959109));
#997=CARTESIAN_POINT('Ctrl Pts',(-4.3257265645986,80.,-8.8996388895911));
#998=CARTESIAN_POINT('Ctrl Pts',(-4.53720263018616,80.,-8.77827632175241));
#999=CARTESIAN_POINT('Ctrl Pts',(-4.74376042006012,80.,-8.64934252671381));
#1000=CARTESIAN_POINT('Ctrl Pts',(-4.94495658964031,80.,-8.51303270572295));
#1001=CARTESIAN_POINT('Ctrl Pts',(-5.06539683386223,80.,-8.43143478979721));
#1002=CARTESIAN_POINT('Ctrl Pts',(-5.18391529674565,80.,-8.34719281312129));
#1003=CARTESIAN_POINT('Ctrl Pts',(-5.30041182977011,80.,-8.26034125800297));
#1004=CARTESIAN_POINT('Ctrl Pts',(-5.49549636828831,80.,-8.11490005808083));
#1005=CARTESIAN_POINT('Ctrl Pts',(-5.68491303250916,80.,-7.96214270521818));
#1006=CARTESIAN_POINT('Ctrl Pts',(-5.86833893127228,80.,-7.80247523691692));
#1007=CARTESIAN_POINT('Ctrl Pts',(-6.05163710043071,80.,-7.64291895391036));
#1008=CARTESIAN_POINT('Ctrl Pts',(-6.22895323244474,80.,-7.47646161265981));
#1009=CARTESIAN_POINT('Ctrl Pts',(-6.39992368325427,80.,-7.30347714987274));
#1010=CARTESIAN_POINT('Ctrl Pts',(-6.56951146582207,80.,-7.13189164299809));
#1011=CARTESIAN_POINT('Ctrl Pts',(-6.73285611075363,80.,-6.9538835955603));
#1012=CARTESIAN_POINT('Ctrl Pts',(-6.88955675084966,80.,-6.76979563390794));
#1013=CARTESIAN_POINT('Ctrl Pts',(-6.95810858628977,80.,-6.68926266578501));
#1014=CARTESIAN_POINT('Ctrl Pts',(-7.02538826715219,80.,-6.60756588441748));
#1015=CARTESIAN_POINT('Ctrl Pts',(-7.09135918977075,80.,-6.52473303360287));
#1016=CARTESIAN_POINT('Ctrl Pts',(-7.11204312460655,80.,-6.49876236015302));
#1017=CARTESIAN_POINT('Ctrl Pts',(-7.1325983919208,80.,-6.47268000572646));
#1018=CARTESIAN_POINT('Ctrl Pts',(-7.15302382388117,80.,-6.44648681679998));
#1019=CARTESIAN_POINT('Ctrl Pts',(-7.16926935840429,80.,-6.42565384955594));
#1020=CARTESIAN_POINT('Ctrl Pts',(-7.18543259695449,80.,-6.4047509151118));
#1021=CARTESIAN_POINT('Ctrl Pts',(-7.20150450593644,80.,-6.3837896388839));
#1022=CARTESIAN_POINT('Ctrl Pts',(-7.34699831061116,80.,-6.19403397061443));
#1023=CARTESIAN_POINT('Ctrl Pts',(-7.48519128432459,80.,-5.99926976363625));
#1024=CARTESIAN_POINT('Ctrl Pts',(-7.61579025616612,80.,-5.799889148272));
#1025=CARTESIAN_POINT('Ctrl Pts',(-7.74564307365121,80.,-5.60164765914012));
#1026=CARTESIAN_POINT('Ctrl Pts',(-7.86798872783433,80.,-5.39884178939543));
#1027=CARTESIAN_POINT('Ctrl Pts',(-7.98249515748511,80.,-5.19183077639629));
#1028=CARTESIAN_POINT('Ctrl Pts',(-8.08121292834697,80.,-5.01336336797689));
#1029=CARTESIAN_POINT('Ctrl Pts',(-8.17410368338553,80.,-4.83176990574701));
#1030=CARTESIAN_POINT('Ctrl Pts',(-8.26092552525828,80.,-4.64726957782294));
#1031=CARTESIAN_POINT('Ctrl Pts',(-8.36219159196642,80.,-4.43207462097541));
#1032=CARTESIAN_POINT('Ctrl Pts',(-8.45520250171787,80.,-4.21292470294016));
#1033=CARTESIAN_POINT('Ctrl Pts',(-8.53980996774173,80.,-3.99031780768163));
#1034=CARTESIAN_POINT('Ctrl Pts',(-8.5966570399982,80.,-3.84075003483307));
#1035=CARTESIAN_POINT('Ctrl Pts',(-8.6497094185715,80.,-3.68962146397156));
#1036=CARTESIAN_POINT('Ctrl Pts',(-8.69890887505574,80.,-3.53708308315728));
#1037=CARTESIAN_POINT('Ctrl Pts',(-8.72270065768625,80.,-3.46331885366207));
#1038=CARTESIAN_POINT('Ctrl Pts',(-8.74559128217944,80.,-3.38922495425526));
#1039=CARTESIAN_POINT('Ctrl Pts',(-8.76757325405898,80.,-3.31481857149599));
#1040=CARTESIAN_POINT('Ctrl Pts',(-8.77949220775234,80.,-3.27447431869378));
#1041=CARTESIAN_POINT('Ctrl Pts',(-8.79114400993978,80.,-3.23403819839829));
#1042=CARTESIAN_POINT('Ctrl Pts',(-8.80252739223716,80.,-3.19351296467938));
#1043=CARTESIAN_POINT('Ctrl Pts',(-8.8113349782577,80.,-3.1621576545741));
#1044=CARTESIAN_POINT('Ctrl Pts',(-8.81998261644175,80.,-3.13074603875677));
#1045=CARTESIAN_POINT('Ctrl Pts',(-8.82846341600074,80.,-3.09930330936202));
#1046=CARTESIAN_POINT('Ctrl Pts',(-8.89170533535323,80.,-2.86483266272386));
#1047=CARTESIAN_POINT('Ctrl Pts',(-8.94575134413898,80.,-2.6283667511521));
#1048=CARTESIAN_POINT('Ctrl Pts',(-8.99053258748639,80.,-2.39045254021759));
#1049=CARTESIAN_POINT('Ctrl Pts',(-9.03364548427196,80.,-2.16140193659182));
#1050=CARTESIAN_POINT('Ctrl Pts',(-9.06817080809214,80.,-1.93100817594618));
#1051=CARTESIAN_POINT('Ctrl Pts',(-9.09399473717312,80.,-1.69975212472058));
#1052=CARTESIAN_POINT('Ctrl Pts',(-9.1196492654719,80.,-1.47001307564593));
#1053=CARTESIAN_POINT('Ctrl Pts',(-9.13671619254671,80.,-1.23942236959906));
#1054=CARTESIAN_POINT('Ctrl Pts',(-9.14503277622547,80.,-1.0084544320167));
#1055=CARTESIAN_POINT('Ctrl Pts',(-9.15321856959411,80.,-0.781118799398665));
#1056=CARTESIAN_POINT('Ctrl Pts',(-9.15292701479198,80.,-0.553417141043404));
#1057=CARTESIAN_POINT('Ctrl Pts',(-9.14395374715829,80.,-0.325813625709721));
#1058=CARTESIAN_POINT('Ctrl Pts',(-9.14262462495914,80.,-0.292100947431779));
#1059=CARTESIAN_POINT('Ctrl Pts',(-9.14110494120235,80.,-0.258390452549048));
#1060=CARTESIAN_POINT('Ctrl Pts',(-9.13939393934072,80.,-0.224683683467237));
#1061=CARTESIAN_POINT('Ctrl Pts',(-9.13011738769855,80.,-0.0419354404120336));
#1062=CARTESIAN_POINT('Ctrl Pts',(-9.11521843135298,80.,0.140704118151064));
#1063=CARTESIAN_POINT('Ctrl Pts',(-9.09472592596187,80.,0.322978433167597));
#1064=CARTESIAN_POINT('Ctrl Pts',(-9.0916390460899,80.,0.350435247425433));
#1065=CARTESIAN_POINT('Ctrl Pts',(-9.08842501395532,80.,0.377885382273516));
#1066=CARTESIAN_POINT('Ctrl Pts',(-9.08508451667702,80.,0.405322848716383));
#1067=CARTESIAN_POINT('Ctrl Pts',(-9.05756457547659,80.,0.631360291734288));
#1068=CARTESIAN_POINT('Ctrl Pts',(-9.021540054989,80.,0.855937960095428));
#1069=CARTESIAN_POINT('Ctrl Pts',(-8.97720507112637,80.,1.0786007436412));
#1070=CARTESIAN_POINT('Ctrl Pts',(-8.93260561499673,80.,1.3025917814461));
#1071=CARTESIAN_POINT('Ctrl Pts',(-8.87959602745331,80.,1.52464567638214));
#1072=CARTESIAN_POINT('Ctrl Pts',(-8.81832282167875,80.,1.7442866855468));
#1073=CARTESIAN_POINT('Ctrl Pts',(-8.75740711596537,80.,1.9626461937157));
#1074=CARTESIAN_POINT('Ctrl Pts',(-8.68832363679601,80.,2.1786214936084));
#1075=CARTESIAN_POINT('Ctrl Pts',(-8.61117007862788,80.,2.39172347988427));
#1076=CARTESIAN_POINT('Ctrl Pts',(-8.53479802343836,80.,2.60266691584858));
#1077=CARTESIAN_POINT('Ctrl Pts',(-8.45051824190976,80.,2.81079549342261));
#1078=CARTESIAN_POINT('Ctrl Pts',(-8.35838458067994,80.,3.01560509129682));
#1079=CARTESIAN_POINT('Ctrl Pts',(-8.28749784292754,80.,3.17318359257302));
#1080=CARTESIAN_POINT('Ctrl Pts',(-8.21196106495782,80.,3.32879686536635));
#1081=CARTESIAN_POINT('Ctrl Pts',(-8.13178366641186,80.,3.48220010292758));
#1082=CARTESIAN_POINT('Ctrl Pts',(-8.09929297268233,80.,3.5443644746721));
#1083=CARTESIAN_POINT('Ctrl Pts',(-8.06604007310683,80.,3.60616575761206));
#1084=CARTESIAN_POINT('Ctrl Pts',(-8.03202501905429,80.,3.66758694213519));
#1085=CARTESIAN_POINT('Ctrl Pts',(-8.01859258004339,80.,3.69184197679747));
#1086=CARTESIAN_POINT('Ctrl Pts',(-8.00504162694362,80.,3.71603702753351));
#1087=CARTESIAN_POINT('Ctrl Pts',(-7.99137874739229,80.,3.74015967955773));
#1088=CARTESIAN_POINT('Ctrl Pts',(-7.95426114049372,80.,3.80569309159008));
#1089=CARTESIAN_POINT('Ctrl Pts',(-7.91630521140879,80.,3.87071456724204));
#1090=CARTESIAN_POINT('Ctrl Pts',(-7.87751515865302,80.,3.93520627091174));
#1091=CARTESIAN_POINT('Ctrl Pts',(-7.76190981342378,80.,4.12740981634388));
#1092=CARTESIAN_POINT('Ctrl Pts',(-7.63889864214586,80.,4.31491043938802));
#1093=CARTESIAN_POINT('Ctrl Pts',(-7.50884659858213,80.,4.49736092203124));
#1094=CARTESIAN_POINT('Ctrl Pts',(-7.37877100170036,80.,4.67984444770959));
#1095=CARTESIAN_POINT('Ctrl Pts',(-7.24165144097603,80.,4.85727645623507));
#1096=CARTESIAN_POINT('Ctrl Pts',(-7.09781779079216,80.,5.02927134662964));
#1097=CARTESIAN_POINT('Ctrl Pts',(-7.02080025516828,80.,5.12136817224142));
#1098=CARTESIAN_POINT('Ctrl Pts',(-6.94185710260429,80.,5.2119053747299));
#1099=CARTESIAN_POINT('Ctrl Pts',(-6.86103563670836,80.,5.30081856493128));
#1100=CARTESIAN_POINT('Ctrl Pts',(-6.80963680778191,80.,5.35736336774826));
#1101=CARTESIAN_POINT('Ctrl Pts',(-6.75747827190274,80.,5.41325128157877));
#1102=CARTESIAN_POINT('Ctrl Pts',(-6.70457179015085,80.,5.46846491168992));
#1103=CARTESIAN_POINT('Ctrl Pts',(-6.67607179826882,80.,5.49820773256628));
#1104=CARTESIAN_POINT('Ctrl Pts',(-6.64735153155693,80.,5.52775804818561));
#1105=CARTESIAN_POINT('Ctrl Pts',(-6.61843325606005,80.,5.55709261251442));
#1106=CARTESIAN_POINT('Ctrl Pts',(-6.46335496513836,80.,5.71440331043403));
#1107=CARTESIAN_POINT('Ctrl Pts',(-6.30248432743431,80.,5.86562041508619));
#1108=CARTESIAN_POINT('Ctrl Pts',(-6.13615629983383,80.,6.01039206541824));
#1109=CARTESIAN_POINT('Ctrl Pts',(-5.9708508315856,80.,6.15427368171861));
#1110=CARTESIAN_POINT('Ctrl Pts',(-5.8001543236029,80.,6.29178922236575));
#1111=CARTESIAN_POINT('Ctrl Pts',(-5.62436912267555,80.,6.42254942612621));
#1112=CARTESIAN_POINT('Ctrl Pts',(-5.45144164277387,80.,6.55118387537699));
#1113=CARTESIAN_POINT('Ctrl Pts',(-5.27358905412715,80.,6.67328110300361));
#1114=CARTESIAN_POINT('Ctrl Pts',(-5.09108145152438,80.,6.78842343134005));
#1115=CARTESIAN_POINT('Ctrl Pts',(-5.03394287297344,80.,6.82447162263928));
#1116=CARTESIAN_POINT('Ctrl Pts',(-4.97634792691181,80.,6.85983775549015));
#1117=CARTESIAN_POINT('Ctrl Pts',(-4.91830465822577,80.,6.8945079801879));
#1118=CARTESIAN_POINT('Ctrl Pts',(-9.89554766502507,77.9449927199779,-0.000208298741315941));
#1119=CARTESIAN_POINT('Ctrl Pts',(-9.89430193751393,77.9986077371287,1.33303793096533));
#1120=CARTESIAN_POINT('Ctrl Pts',(-9.62273368632349,78.0522227542795,2.66677653128151));
#1121=CARTESIAN_POINT('Ctrl Pts',(-9.09840784893472,78.1058377714302,3.89238310414854));
#1122=CARTESIAN_POINT('Ctrl Pts',(-8.4656284381001,78.1705427250017,5.37149885582719));
#1123=CARTESIAN_POINT('Ctrl Pts',(-7.46471466203884,78.2352476785732,6.69312332946196));
#1124=CARTESIAN_POINT('Ctrl Pts',(-6.21243697208504,78.2999526321446,7.70307072115611));
#1125=CARTESIAN_POINT('Ctrl Pts',(-4.96015928213124,78.3646575857161,8.71301811285026));
#1126=CARTESIAN_POINT('Ctrl Pts',(-3.45651767828489,78.4293625392876,9.41128842260379));
#1127=CARTESIAN_POINT('Ctrl Pts',(-1.87693271881864,78.494067492859,9.71641883109624));
#1128=CARTESIAN_POINT('Ctrl Pts',(-0.297347759352374,78.5587724464305,10.0215492395887));
#1129=CARTESIAN_POINT('Ctrl Pts',(1.3581805557338,78.6234774000019,9.93353974682007));
#1130=CARTESIAN_POINT('Ctrl Pts',(2.89651188542783,78.6881823535734,9.46265772416769));
#1131=CARTESIAN_POINT('Ctrl Pts',(4.43484321512187,78.7528873071449,8.99177570151531));
#1132=CARTESIAN_POINT('Ctrl Pts',(5.85597755942376,78.8175922607163,8.13802114897918));
#1133=CARTESIAN_POINT('Ctrl Pts',(6.99412008334665,78.8822972142878,7.00099667465099));
#1134=CARTESIAN_POINT('Ctrl Pts',(8.13226260726953,78.9470021678593,5.8639722003228));
#1135=CARTESIAN_POINT('Ctrl Pts',(8.98741331081341,79.0117071214308,4.44367780420257));
#1136=CARTESIAN_POINT('Ctrl Pts',(9.4598067322303,79.0764120750022,2.90580975502593));
#1137=CARTESIAN_POINT('Ctrl Pts',(9.93220015364718,79.1411170285737,1.3679417058493));
#1138=CARTESIAN_POINT('Ctrl Pts',(10.0218362929371,79.2058219821451,-0.287499996383716));
#1139=CARTESIAN_POINT('Ctrl Pts',(9.71825851371054,79.2705269357166,-1.86738363777528));
#1140=CARTESIAN_POINT('Ctrl Pts',(9.41468073448403,79.335231889288,-3.44726727916686));
#1141=CARTESIAN_POINT('Ctrl Pts',(8.71788903674112,79.3999368428595,-4.95159285971699));
#1142=CARTESIAN_POINT('Ctrl Pts',(7.70917239374547,79.464641796431,-6.2048633346686));
#1143=CARTESIAN_POINT('Ctrl Pts',(6.70045575074982,79.5293467500024,-7.4581338096202));
#1144=CARTESIAN_POINT('Ctrl Pts',(5.37981416250143,79.5940517035739,-8.4603491789733));
#1145=CARTESIAN_POINT('Ctrl Pts',(3.90132181770612,79.6587566571453,-9.09457999611011));
#1146=CARTESIAN_POINT('Ctrl Pts',(2.42282947291083,79.7234616107168,-9.72881081324693));
#1147=CARTESIAN_POINT('Ctrl Pts',(0.786486371568627,79.7881665642883,-9.99505707816747));
#1148=CARTESIAN_POINT('Ctrl Pts',(-0.816811956793519,79.8528715178598,-9.86227313142161));
#1149=CARTESIAN_POINT('Ctrl Pts',(-2.03202468497813,79.9019143452398,-9.7616301385801));
#1150=CARTESIAN_POINT('Ctrl Pts',(-3.22825380712699,79.9509571726199,-9.43175172810656));
#1151=CARTESIAN_POINT('Ctrl Pts',(-4.32572656459863,80.,-8.89963888959109));
#1152=CARTESIAN_POINT('',(-4.91830465822591,75.,6.8945079801878));
#1153=CARTESIAN_POINT('Ctrl Pts',(-4.91845097750357,75.,6.89437757437604));
#1154=CARTESIAN_POINT('Ctrl Pts',(-5.10825213450308,75.,6.78124920568813));
#1155=CARTESIAN_POINT('Ctrl Pts',(-5.29337122097313,75.,6.66084008562974));
#1156=CARTESIAN_POINT('Ctrl Pts',(-5.47336686942199,75.,6.53342542698099));
#1157=CARTESIAN_POINT('Ctrl Pts',(-5.56751216751502,75.,6.46678219908475));
#1158=CARTESIAN_POINT('Ctrl Pts',(-5.6602556959904,75.,6.3982215822048));
#1159=CARTESIAN_POINT('Ctrl Pts',(-5.75153287516821,75.,6.32777746888895));
#1160=CARTESIAN_POINT('Ctrl Pts',(-5.92488285948111,75.,6.19399281375131));
#1161=CARTESIAN_POINT('Ctrl Pts',(-6.09294566927092,75.,6.05341757185697));
#1162=CARTESIAN_POINT('Ctrl Pts',(-6.25547259186089,75.,5.90647914812845));
#1163=CARTESIAN_POINT('Ctrl Pts',(-6.36697071876392,75.,5.80567517820928));
#1164=CARTESIAN_POINT('Ctrl Pts',(-6.47586300407374,75.,5.70187543548602));
#1165=CARTESIAN_POINT('Ctrl Pts',(-6.58206146135612,75.,5.59520605560875));
#1166=CARTESIAN_POINT('Ctrl Pts',(-6.6081718089973,75.,5.56897992518712));
#1167=CARTESIAN_POINT('Ctrl Pts',(-6.63411928442738,75.,5.54258028599245));
#1168=CARTESIAN_POINT('Ctrl Pts',(-6.65990251323235,75.,5.51600893220864));
#1169=CARTESIAN_POINT('Ctrl Pts',(-6.68204984374145,75.,5.49318461649644));
#1170=CARTESIAN_POINT('Ctrl Pts',(-6.70406950811145,75.,5.47024025728079));
#1171=CARTESIAN_POINT('Ctrl Pts',(-6.72595854106532,75.,5.44717966185233));
#1172=CARTESIAN_POINT('Ctrl Pts',(-6.87868592443168,75.,5.28627788030353));
#1173=CARTESIAN_POINT('Ctrl Pts',(-7.02509216469153,75.,5.11968357851876));
#1174=CARTESIAN_POINT('Ctrl Pts',(-7.16494126158711,75.,4.94785475136094));
#1175=CARTESIAN_POINT('Ctrl Pts',(-7.30651062778702,75.,4.77391227553808));
#1176=CARTESIAN_POINT('Ctrl Pts',(-7.44136106162031,75.,4.59460529923419));
#1177=CARTESIAN_POINT('Ctrl Pts',(-7.56921861326703,75.,4.41036447912579));
#1178=CARTESIAN_POINT('Ctrl Pts',(-7.69701310920566,75.,4.22621452134992));
#1179=CARTESIAN_POINT('Ctrl Pts',(-7.81782209657697,75.,4.0371350774121));
#1180=CARTESIAN_POINT('Ctrl Pts',(-7.93133567466716,75.,3.84351904585571));
#1181=CARTESIAN_POINT('Ctrl Pts',(-7.95210471568504,75.,3.80809403883214));
#1182=CARTESIAN_POINT('Ctrl Pts',(-7.97262942407955,75.,3.77251707556721));
#1183=CARTESIAN_POINT('Ctrl Pts',(-7.99290775010932,75.,3.73679044886579));
#1184=CARTESIAN_POINT('Ctrl Pts',(-8.01156324305164,75.,3.70392295125761));
#1185=CARTESIAN_POINT('Ctrl Pts',(-8.03001235333383,75.,3.67092475482394));
#1186=CARTESIAN_POINT('Ctrl Pts',(-8.04823951686627,75.,3.63782333621547));
#1187=CARTESIAN_POINT('Ctrl Pts',(-8.16175773057552,75.,3.43166871950903));
#1188=CARTESIAN_POINT('Ctrl Pts',(-8.26677048047702,75.,3.2213418908881));
#1189=CARTESIAN_POINT('Ctrl Pts',(-8.36300886490752,75.,3.00735322504881));
#1190=CARTESIAN_POINT('Ctrl Pts',(-8.45497359959185,75.,2.80286713568002));
#1191=CARTESIAN_POINT('Ctrl Pts',(-8.53892658138286,75.,2.59503655365079));
#1192=CARTESIAN_POINT('Ctrl Pts',(-8.61488867129076,75.,2.38437332660948));
#1193=CARTESIAN_POINT('Ctrl Pts',(-8.69173302341866,75.,2.17126335005682));
#1194=CARTESIAN_POINT('Ctrl Pts',(-8.76040003703689,75.,1.95525399333401));
#1195=CARTESIAN_POINT('Ctrl Pts',(-8.82086738409762,75.,1.73684430211362));
#1196=CARTESIAN_POINT('Ctrl Pts',(-8.88166078994454,75.,1.51725687774845));
#1197=CARTESIAN_POINT('Ctrl Pts',(-8.93416608632571,75.,1.29524254103488));
#1198=CARTESIAN_POINT('Ctrl Pts',(-8.97831289268554,75.,1.07128639019929));
#1199=CARTESIAN_POINT('Ctrl Pts',(-9.0168832084058,75.,0.875619700862445));
#1200=CARTESIAN_POINT('Ctrl Pts',(-9.04907266625077,75.,0.678470177513662));
#1201=CARTESIAN_POINT('Ctrl Pts',(-9.0748027429201,75.,0.480153375027645));
#1202=CARTESIAN_POINT('Ctrl Pts',(-9.07824491421082,75.,0.453622540597642));
#1203=CARTESIAN_POINT('Ctrl Pts',(-9.08157143671906,75.,0.427070809073229));
#1204=CARTESIAN_POINT('Ctrl Pts',(-9.08478208083476,75.,0.400498931284774));
#1205=CARTESIAN_POINT('Ctrl Pts',(-9.08779757978943,75.,0.375542110532633));
#1206=CARTESIAN_POINT('Ctrl Pts',(-9.09070970274518,75.,0.350577060460107));
#1207=CARTESIAN_POINT('Ctrl Pts',(-9.09351838345277,75.,0.325605429650551));
#1208=CARTESIAN_POINT('Ctrl Pts',(-9.11944342410826,75.,0.0951091179046282));
#1209=CARTESIAN_POINT('Ctrl Pts',(-9.13656226838474,75.,-0.135972626287957));
#1210=CARTESIAN_POINT('Ctrl Pts',(-9.14488921828659,75.,-0.367113356312397));
#1211=CARTESIAN_POINT('Ctrl Pts',(-9.15329127279575,75.,-0.600338851342665));
#1212=CARTESIAN_POINT('Ctrl Pts',(-9.15274235384127,75.,-0.833625034938001));
#1213=CARTESIAN_POINT('Ctrl Pts',(-9.14320927455703,75.,-1.06645333013012));
#1214=CARTESIAN_POINT('Ctrl Pts',(-9.13986481829292,75.,-1.14813565198006));
#1215=CARTESIAN_POINT('Ctrl Pts',(-9.13541415472205,75.,-1.22976177069291));
#1216=CARTESIAN_POINT('Ctrl Pts',(-9.12985438993375,75.,-1.31130970844489));
#1217=CARTESIAN_POINT('Ctrl Pts',(-9.1141099007811,75.,-1.54224225150096));
#1218=CARTESIAN_POINT('Ctrl Pts',(-9.08947493312514,75.,-1.77254757858143));
#1219=CARTESIAN_POINT('Ctrl Pts',(-9.05616375882355,75.,-2.0017741425349));
#1220=CARTESIAN_POINT('Ctrl Pts',(-9.0226770040484,75.,-2.23220894094718));
#1221=CARTESIAN_POINT('Ctrl Pts',(-8.98042224937664,75.,-2.46155421479558));
#1222=CARTESIAN_POINT('Ctrl Pts',(-8.92956443525788,75.,-2.68934977261454));
#1223=CARTESIAN_POINT('Ctrl Pts',(-8.90049127047565,75.,-2.81957042609494));
#1224=CARTESIAN_POINT('Ctrl Pts',(-8.86860575055889,75.,-2.94928456907412));
#1225=CARTESIAN_POINT('Ctrl Pts',(-8.8339311829829,75.,-3.07840477012229));
#1226=CARTESIAN_POINT('Ctrl Pts',(-8.8268189980914,75.,-3.10488892860731));
#1227=CARTESIAN_POINT('Ctrl Pts',(-8.81958900881225,75.,-3.1313497036735));
#1228=CARTESIAN_POINT('Ctrl Pts',(-8.81224279362442,75.,-3.15778128400872));
#1229=CARTESIAN_POINT('Ctrl Pts',(-8.74889892244469,75.,-3.38569165377369));
#1230=CARTESIAN_POINT('Ctrl Pts',(-8.67708439804377,75.,-3.61083631747149));
#1231=CARTESIAN_POINT('Ctrl Pts',(-8.59708083091633,75.,-3.83275338729306));
#1232=CARTESIAN_POINT('Ctrl Pts',(-8.51639112876054,75.,-4.0565736856888));
#1233=CARTESIAN_POINT('Ctrl Pts',(-8.42737122625967,75.,-4.27711143030357));
#1234=CARTESIAN_POINT('Ctrl Pts',(-8.3302565346255,75.,-4.4938955357771));
#1235=CARTESIAN_POINT('Ctrl Pts',(-8.23288703342423,75.,-4.71124843947407));
#1236=CARTESIAN_POINT('Ctrl Pts',(-8.12738006648716,75.,-4.92482864594114));
#1237=CARTESIAN_POINT('Ctrl Pts',(-8.01392119151897,75.,-5.13415430373964));
#1238=CARTESIAN_POINT('Ctrl Pts',(-7.92167844079662,75.,-5.30433732800734));
#1239=CARTESIAN_POINT('Ctrl Pts',(-7.82417864438696,75.,-5.47170820938717));
#1240=CARTESIAN_POINT('Ctrl Pts',(-7.72149741880734,75.,-5.635999959168));
#1241=CARTESIAN_POINT('Ctrl Pts',(-7.616595602379,75.,-5.80384469299262));
#1242=CARTESIAN_POINT('Ctrl Pts',(-7.50628578628863,75.,-5.96847593850407));
#1243=CARTESIAN_POINT('Ctrl Pts',(-7.390774475311,75.,-6.12970908274801));
#1244=CARTESIAN_POINT('Ctrl Pts',(-7.34023827675828,75.,-6.20024858335473));
#1245=CARTESIAN_POINT('Ctrl Pts',(-7.28870620439321,75.,-6.27013749340524));
#1246=CARTESIAN_POINT('Ctrl Pts',(-7.23619432111693,75.,-6.33935948076359));
#1247=CARTESIAN_POINT('Ctrl Pts',(-7.21577835497198,75.,-6.3662721272394));
#1248=CARTESIAN_POINT('Ctrl Pts',(-7.19521427713882,75.,-6.39308395837446));
#1249=CARTESIAN_POINT('Ctrl Pts',(-7.17450300298087,75.,-6.41979399031317));
#1250=CARTESIAN_POINT('Ctrl Pts',(-7.15737402874064,75.,-6.44188415461424));
#1251=CARTESIAN_POINT('Ctrl Pts',(-7.14014899764265,75.,-6.46389869508402));
#1252=CARTESIAN_POINT('Ctrl Pts',(-7.1228326345924,75.,-6.48583212013053));
#1253=CARTESIAN_POINT('Ctrl Pts',(-6.9748706799287,75.,-6.67324517175883));
#1254=CARTESIAN_POINT('Ctrl Pts',(-6.82015413145762,75.,-6.8548540553941));
#1255=CARTESIAN_POINT('Ctrl Pts',(-6.65914414698732,75.,-7.03039765224025));
#1256=CARTESIAN_POINT('Ctrl Pts',(-6.49004094306587,75.,-7.21476500530991));
#1257=CARTESIAN_POINT('Ctrl Pts',(-6.3139956893908,75.,-7.3924426940007));
#1258=CARTESIAN_POINT('Ctrl Pts',(-6.13148639215857,75.,-7.56310620610189));
#1259=CARTESIAN_POINT('Ctrl Pts',(-5.95371276858453,75.,-7.72934141394172));
#1260=CARTESIAN_POINT('Ctrl Pts',(-5.76980553368225,75.,-7.88892211593402));
#1261=CARTESIAN_POINT('Ctrl Pts',(-5.5801607253924,75.,-8.04152033463033));
#1262=CARTESIAN_POINT('Ctrl Pts',(-5.3829380556771,75.,-8.20021610044896));
#1263=CARTESIAN_POINT('Ctrl Pts',(-5.17950989415754,75.,-8.3513610628261));
#1264=CARTESIAN_POINT('Ctrl Pts',(-4.97027776022108,75.,-8.49454574338785));
#1265=CARTESIAN_POINT('Ctrl Pts',(-4.77180228615631,75.,-8.63036927497759));
#1266=CARTESIAN_POINT('Ctrl Pts',(-4.5681035337917,75.,-8.75903011664073));
#1267=CARTESIAN_POINT('Ctrl Pts',(-4.35949360705311,75.,-8.88013670911418));
#1268=CARTESIAN_POINT('Ctrl Pts',(-4.34818769614216,75.,-8.88670025269353));
#1269=CARTESIAN_POINT('Ctrl Pts',(-4.3368673535503,75.,-8.89324159643602));
#1270=CARTESIAN_POINT('Ctrl Pts',(-4.32553262684905,75.,-8.89976067411727));
#1271=CARTESIAN_POINT('Ctrl Pts',(-4.91845097750354,75.,6.89437757437606));
#1272=CARTESIAN_POINT('Ctrl Pts',(-4.0680719569265,75.0490428273801,7.4997892911012));
#1273=CARTESIAN_POINT('Ctrl Pts',(-1.83561575331673,75.1627906083316,8.54073955579435));
#1274=CARTESIAN_POINT('Ctrl Pts',(2.07758126418686,75.3412433428546,8.56397507974104));
#1275=CARTESIAN_POINT('Ctrl Pts',(5.84948259686137,75.535358203569,6.59101474043287));
#1276=CARTESIAN_POINT('Ctrl Pts',(8.2565309962211,75.7294730642834,3.08019909817081));
#1277=CARTESIAN_POINT('Ctrl Pts',(8.73710551030931,75.9235879249978,-1.14931714650536));
#1278=CARTESIAN_POINT('Ctrl Pts',(7.17907015553041,76.1177027857122,-5.11066360749799));
#1279=CARTESIAN_POINT('Ctrl Pts',(3.94595983342092,76.3118176464266,-7.87955194519898));
#1280=CARTESIAN_POINT('Ctrl Pts',(-0.207852385673227,76.505932507141,-8.80992236145079));
#1281=CARTESIAN_POINT('Ctrl Pts',(-4.31316674593638,76.7000473678553,-7.6846944220988));
#1282=CARTESIAN_POINT('Ctrl Pts',(-7.41210006625224,76.8941622285697,-4.76641460363187));
#1283=CARTESIAN_POINT('Ctrl Pts',(-8.4033300575247,77.0346620721334,-1.84920961988384));
#1284=CARTESIAN_POINT('Ctrl Pts',(-8.46947529283226,77.1104569621255,-0.236203453282017));
#1285=CARTESIAN_POINT('Ctrl Pts',(-8.46925476113259,77.1215468985462,-0.000178275641364092));
#1286=CARTESIAN_POINT('Origin',(9.02152032747242E-16,75.,0.));
#1287=CARTESIAN_POINT('',(4.91830465822591,75.,6.8945079801878));
#1288=CARTESIAN_POINT('Ctrl Pts',(4.32572651434524,75.,-8.89963873955191));
#1289=CARTESIAN_POINT('Ctrl Pts',(4.53726761368005,75.,-8.77823884901222));
#1290=CARTESIAN_POINT('Ctrl Pts',(4.74402812972105,75.,-8.64918225447092));
#1291=CARTESIAN_POINT('Ctrl Pts',(4.94553972223369,75.,-8.51263741469105));
#1292=CARTESIAN_POINT('Ctrl Pts',(5.06573334825579,75.,-8.43119386495225));
#1293=CARTESIAN_POINT('Ctrl Pts',(5.18405905346492,75.,-8.34708544169529));
#1294=CARTESIAN_POINT('Ctrl Pts',(5.30041177765512,75.,-8.26034109799677));
#1295=CARTESIAN_POINT('Ctrl Pts',(5.49656334098737,75.,-8.11410439623395));
#1296=CARTESIAN_POINT('Ctrl Pts',(5.6871099204671,75.,-7.96037781811804));
#1297=CARTESIAN_POINT('Ctrl Pts',(5.87169556764327,75.,-7.79955179892115));
#1298=CARTESIAN_POINT('Ctrl Pts',(5.99682597518701,75.,-7.69052801709625));
#1299=CARTESIAN_POINT('Ctrl Pts',(6.11921624768536,75.,-7.57824098506021));
#1300=CARTESIAN_POINT('Ctrl Pts',(6.23874393296501,75.,-7.4628051049701));
#1301=CARTESIAN_POINT('Ctrl Pts',(6.2712769932951,75.,-7.4313857526883));
#1302=CARTESIAN_POINT('Ctrl Pts',(6.30359793050294,75.,-7.39973309878919));
#1303=CARTESIAN_POINT('Ctrl Pts',(6.33570414541225,75.,-7.36784938927527));
#1304=CARTESIAN_POINT('Ctrl Pts',(6.35852099695605,75.,-7.34519066514041));
#1305=CARTESIAN_POINT('Ctrl Pts',(6.38122849055943,75.,-7.32241609260698));
#1306=CARTESIAN_POINT('Ctrl Pts',(6.40381690917775,75.,-7.29953558120926));
#1307=CARTESIAN_POINT('Ctrl Pts',(6.57367163092259,75.,-7.12748445348281));
#1308=CARTESIAN_POINT('Ctrl Pts',(6.73693394558941,75.,-6.94931024430455));
#1309=CARTESIAN_POINT('Ctrl Pts',(6.89328475251095,75.,-6.7654131878728));
#1310=CARTESIAN_POINT('Ctrl Pts',(7.04886993514945,75.,-6.58241664519442));
#1311=CARTESIAN_POINT('Ctrl Pts',(7.19761147083564,75.,-6.39375259318302));
#1312=CARTESIAN_POINT('Ctrl Pts',(7.33915160084707,75.,-6.19978813796997));
#1313=CARTESIAN_POINT('Ctrl Pts',(7.47934604649035,75.,-6.00766778827905));
#1314=CARTESIAN_POINT('Ctrl Pts',(7.6124756535,75.,-5.81034679605901));
#1315=CARTESIAN_POINT('Ctrl Pts',(7.73814560209784,75.,-5.60816340471438));
#1316=CARTESIAN_POINT('Ctrl Pts',(7.77938119634077,75.,-5.54182175039552));
#1317=CARTESIAN_POINT('Ctrl Pts',(7.81981323454158,75.,-5.47495646288777));
#1318=CARTESIAN_POINT('Ctrl Pts',(7.85942656681901,75.,-5.40757920304448));
#1319=CARTESIAN_POINT('Ctrl Pts',(7.87841373621315,75.,-5.37528443326854));
#1320=CARTESIAN_POINT('Ctrl Pts',(7.89721470227238,75.,-5.34286860137578));
#1321=CARTESIAN_POINT('Ctrl Pts',(7.91581420957911,75.,-5.31035702252808));
#1322=CARTESIAN_POINT('Ctrl Pts',(8.03339538568723,75.,-5.10482740203858));
#1323=CARTESIAN_POINT('Ctrl Pts',(8.14303608164388,75.,-4.89529515681098));
#1324=CARTESIAN_POINT('Ctrl Pts',(8.24443282385764,75.,-4.68212861563849));
#1325=CARTESIAN_POINT('Ctrl Pts',(8.24995487184698,75.,-4.67051960489145));
#1326=CARTESIAN_POINT('Ctrl Pts',(8.25545245789674,75.,-4.65889980939922));
#1327=CARTESIAN_POINT('Ctrl Pts',(8.2609255289872,75.,-4.64726928670139));
#1328=CARTESIAN_POINT('Ctrl Pts',(8.36157725899344,75.,-4.4333798248134));
#1329=CARTESIAN_POINT('Ctrl Pts',(8.453942072146,75.,-4.21586373655348));
#1330=CARTESIAN_POINT('Ctrl Pts',(8.53794282975927,75.,-3.99522593046572));
#1331=CARTESIAN_POINT('Ctrl Pts',(8.62207981206175,75.,-3.77423031431272));
#1332=CARTESIAN_POINT('Ctrl Pts',(8.69782568034515,75.,-3.55010216131186));
#1333=CARTESIAN_POINT('Ctrl Pts',(8.76505175742584,75.,-3.32333847018421));
#1334=CARTESIAN_POINT('Ctrl Pts',(8.83186713913524,75.,-3.09796011644888));
#1335=CARTESIAN_POINT('Ctrl Pts',(8.89026653972459,75.,-2.86997766245824));
#1336=CARTESIAN_POINT('Ctrl Pts',(8.94007231617604,75.,-2.63987892443036));
#1337=CARTESIAN_POINT('Ctrl Pts',(8.98292631050158,75.,-2.44189686860653));
#1338=CARTESIAN_POINT('Ctrl Pts',(9.01941743227278,75.,-2.24234783101214));
#1339=CARTESIAN_POINT('Ctrl Pts',(9.04940148688072,75.,-2.04154807740206));
#1340=CARTESIAN_POINT('Ctrl Pts',(9.05450721549298,75.,-2.00735560207648));
#1341=CARTESIAN_POINT('Ctrl Pts',(9.05942419834281,75.,-1.97312688017296));
#1342=CARTESIAN_POINT('Ctrl Pts',(9.06415163906052,75.,-1.93886349872344));
#1343=CARTESIAN_POINT('Ctrl Pts',(9.06786870998037,75.,-1.91192304057559));
#1344=CARTESIAN_POINT('Ctrl Pts',(9.07146754019806,75.,-1.88496870670409));
#1345=CARTESIAN_POINT('Ctrl Pts',(9.07494721178359,75.,-1.85800728072096));
#1346=CARTESIAN_POINT('Ctrl Pts',(9.10465488308441,75.,-1.62782429901656));
#1347=CARTESIAN_POINT('Ctrl Pts',(9.12570066591026,75.,-1.39698635287104));
#1348=CARTESIAN_POINT('Ctrl Pts',(9.1380027742263,75.,-1.16596673018121));
#1349=CARTESIAN_POINT('Ctrl Pts',(9.15023669299024,75.,-0.936227629837039));
#1350=CARTESIAN_POINT('Ctrl Pts',(9.15382360443118,75.,-0.706308211829554));
#1351=CARTESIAN_POINT('Ctrl Pts',(9.14863178475982,75.,-0.476674004623483));
#1352=CARTESIAN_POINT('Ctrl Pts',(9.14673165252305,75.,-0.392631147321773));
#1353=CARTESIAN_POINT('Ctrl Pts',(9.14365514946314,75.,-0.308626541560139));
#1354=CARTESIAN_POINT('Ctrl Pts',(9.13939408345684,75.,-0.224683271243788));
#1355=CARTESIAN_POINT('Ctrl Pts',(9.12767159237421,75.,0.00625054585203855));
#1356=CARTESIAN_POINT('Ctrl Pts',(9.10698736581185,75.,0.236721479803688));
#1357=CARTESIAN_POINT('Ctrl Pts',(9.07745923301976,75.,0.466228456141176));
#1358=CARTESIAN_POINT('Ctrl Pts',(9.04812059788797,75.,0.694262564710716));
#1359=CARTESIAN_POINT('Ctrl Pts',(9.01005091262565,75.,0.92134566391455));
#1360=CARTESIAN_POINT('Ctrl Pts',(8.96332001764195,75.,1.14696338664439));
#1361=CARTESIAN_POINT('Ctrl Pts',(8.93787327168086,75.,1.26982079985313));
#1362=CARTESIAN_POINT('Ctrl Pts',(8.90985751918116,75.,1.39224324449083));
#1363=CARTESIAN_POINT('Ctrl Pts',(8.87927873630917,75.,1.51414379803578));
#1364=CARTESIAN_POINT('Ctrl Pts',(8.87268511914783,75.,1.54042887240239));
#1365=CARTESIAN_POINT('Ctrl Pts',(8.86597192413283,75.,1.56669118923338));
#1366=CARTESIAN_POINT('Ctrl Pts',(8.85914042695863,75.,1.59292511227421));
#1367=CARTESIAN_POINT('Ctrl Pts',(8.80189185143019,75.,1.81276780360716));
#1368=CARTESIAN_POINT('Ctrl Pts',(8.73649475148287,75.,2.0300258548951));
#1369=CARTESIAN_POINT('Ctrl Pts',(8.66312068568491,75.,2.24424415340126));
#1370=CARTESIAN_POINT('Ctrl Pts',(8.58984147950756,75.,2.45818550573712));
#1371=CARTESIAN_POINT('Ctrl Pts',(8.50860563685735,75.,2.66909558386813));
#1372=CARTESIAN_POINT('Ctrl Pts',(8.41953588465596,75.,2.87650179767012));
#1373=CARTESIAN_POINT('Ctrl Pts',(8.33158846308672,75.,3.08129457266383));
#1374=CARTESIAN_POINT('Ctrl Pts',(8.23600297400841,75.,3.28267176020104));
#1375=CARTESIAN_POINT('Ctrl Pts',(8.13285531070174,75.,3.48015113218529));
#1376=CARTESIAN_POINT('Ctrl Pts',(8.05234368552697,75.,3.63429311337273));
#1377=CARTESIAN_POINT('Ctrl Pts',(7.96722390824854,75.,3.78605988306255));
#1378=CARTESIAN_POINT('Ctrl Pts',(7.87751571779194,75.,3.93520720903306));
#1379=CARTESIAN_POINT('Ctrl Pts',(7.78678969642777,75.,4.08604676352119));
#1380=CARTESIAN_POINT('Ctrl Pts',(7.69137027125028,75.,4.23420717705378));
#1381=CARTESIAN_POINT('Ctrl Pts',(7.59140158861594,75.,4.37949102384358));
#1382=CARTESIAN_POINT('Ctrl Pts',(7.54766528996341,75.,4.44305270681412));
#1383=CARTESIAN_POINT('Ctrl Pts',(7.50305810015723,75.,4.50606358789686));
#1384=CARTESIAN_POINT('Ctrl Pts',(7.45759151083206,75.,4.56850611476222));
#1385=CARTESIAN_POINT('Ctrl Pts',(7.43677675240077,75.,4.59709251483826));
#1386=CARTESIAN_POINT('Ctrl Pts',(7.41578187318291,75.,4.62555978806042));
#1387=CARTESIAN_POINT('Ctrl Pts',(7.39460795422287,75.,4.65390620414355));
#1388=CARTESIAN_POINT('Ctrl Pts',(7.37977508252918,75.,4.67376359348798));
#1389=CARTESIAN_POINT('Ctrl Pts',(7.36485481319441,75.,4.69356099060647));
#1390=CARTESIAN_POINT('Ctrl Pts',(7.34985546059626,75.,4.71328755881971));
#1391=CARTESIAN_POINT('Ctrl Pts',(7.21605502061609,75.,4.88925672075245));
#1392=CARTESIAN_POINT('Ctrl Pts',(7.07580255562433,75.,5.05981097629738));
#1393=CARTESIAN_POINT('Ctrl Pts',(6.92946800947933,75.,5.22464232966864));
#1394=CARTESIAN_POINT('Ctrl Pts',(6.78265972940282,75.,5.39000729733075));
#1395=CARTESIAN_POINT('Ctrl Pts',(6.62972939912295,75.,5.54961270127316));
#1396=CARTESIAN_POINT('Ctrl Pts',(6.47101383071127,75.,5.70311056707126));
#1397=CARTESIAN_POINT('Ctrl Pts',(6.31327529663811,75.,5.85566351809336));
#1398=CARTESIAN_POINT('Ctrl Pts',(6.14982198275008,75.,6.00218427163836));
#1399=CARTESIAN_POINT('Ctrl Pts',(5.98095640568578,75.,6.14228866511476));
#1400=CARTESIAN_POINT('Ctrl Pts',(5.81406121657999,75.,6.28075826709228));
#1401=CARTESIAN_POINT('Ctrl Pts',(5.64187880978248,75.,6.41296068098834));
#1402=CARTESIAN_POINT('Ctrl Pts',(5.46468165590762,75.,6.53847830293781));
#1403=CARTESIAN_POINT('Ctrl Pts',(5.28748450203277,75.,6.66399592488728));
#1404=CARTESIAN_POINT('Ctrl Pts',(5.10527213146972,75.,6.78282915066498));
#1405=CARTESIAN_POINT('Ctrl Pts',(4.91830465822596,75.,6.89450798018776));
#1406=CARTESIAN_POINT('Origin',(0.,75.,0.));
#1407=CARTESIAN_POINT('Origin',(0.,70.3784531014538,0.));
#1408=CARTESIAN_POINT('Ctrl Pts',(4.9183046582259,75.,6.89450798018781));
#1409=CARTESIAN_POINT('Ctrl Pts',(6.03949840839062,75.0647049535715,6.09468695451707));
#1410=CARTESIAN_POINT('Ctrl Pts',(7.88323848499194,75.1941148607144,3.93837323986444));
#1411=CARTESIAN_POINT('Ctrl Pts',(8.8097502085616,75.3882297214288,-0.216660946946918));
#1412=CARTESIAN_POINT('Ctrl Pts',(7.68042371477457,75.5823445821431,-4.32066438300818));
#1413=CARTESIAN_POINT('Ctrl Pts',(4.75913877391549,75.7764594428576,-7.41680856450702));
#1414=CARTESIAN_POINT('Ctrl Pts',(0.727362797455288,75.970574303572,-8.78229212920304));
#1415=CARTESIAN_POINT('Ctrl Pts',(-3.47410444764192,76.1646891642863,-8.09867947698759));
#1416=CARTESIAN_POINT('Ctrl Pts',(-6.86497787286117,76.3588040250008,-5.5253957532847));
#1417=CARTESIAN_POINT('Ctrl Pts',(-8.28975361764646,76.5133920040565,-2.44940246264875));
#1418=CARTESIAN_POINT('Ctrl Pts',(-8.468766235408,76.6032750295409,-0.536122863221858));
#1419=CARTESIAN_POINT('Ctrl Pts',(-8.46848158927567,76.6284531014538,-0.00012148846048235));
#1420=CARTESIAN_POINT('Ctrl Pts',(5.74658804691343,74.1765541785683,8.05560043581927));
#1421=CARTESIAN_POINT('Ctrl Pts',(7.05660014471925,74.2412591321397,7.12108290077755));
#1422=CARTESIAN_POINT('Ctrl Pts',(9.21084137662256,74.3706690392827,4.60162803185366));
#1423=CARTESIAN_POINT('Ctrl Pts',(10.2933853762273,74.5647838999971,-0.253148451443675));
#1424=CARTESIAN_POINT('Ctrl Pts',(8.97387091316839,74.7588987607114,-5.04830018136281));
#1425=CARTESIAN_POINT('Ctrl Pts',(5.56061730459172,74.9530136214259,-8.66586078025009));
#1426=CARTESIAN_POINT('Ctrl Pts',(0.849856738873474,75.1471284821403,-10.2613031280548));
#1427=CARTESIAN_POINT('Ctrl Pts',(-4.05917251570772,75.3412433428546,-9.4625644225601));
#1428=CARTESIAN_POINT('Ctrl Pts',(-8.0210972129448,75.535358203569,-6.45591832892791));
#1429=CARTESIAN_POINT('Ctrl Pts',(-10.1114722777979,75.7294730642834,-1.94294167422651));
#1430=CARTESIAN_POINT('Ctrl Pts',(-9.84256386286529,75.9235879249978,3.02338336452243));
#1431=CARTESIAN_POINT('Ctrl Pts',(-7.27711179213378,76.1177027857122,7.28426648325459));
#1432=CARTESIAN_POINT('Ctrl Pts',(-3.01370882450843,76.3118176464266,9.845530103587));
#1433=CARTESIAN_POINT('Ctrl Pts',(1.95287604444751,76.505932507141,10.1095585768343));
#1434=CARTESIAN_POINT('Ctrl Pts',(6.46380078674985,76.7000473678553,8.01474768021186));
#1435=CARTESIAN_POINT('Ctrl Pts',(9.46654206884049,76.8941622285698,4.04987431996012));
#1436=CARTESIAN_POINT('Ctrl Pts',(10.2604771934638,77.0882770892841,-0.859946693773281));
#1437=CARTESIAN_POINT('Ctrl Pts',(8.66035919881404,77.2823919499985,-5.56911835896099));
#1438=CARTESIAN_POINT('Ctrl Pts',(5.03953980249354,77.4765068107129,-8.97886070541985));
#1439=CARTESIAN_POINT('Ctrl Pts',(0.242856451543155,77.6706216714273,-10.2935863627486));
#1440=CARTESIAN_POINT('Ctrl Pts',(-4.61049220011945,77.8647365321417,-9.20653385222667));
#1441=CARTESIAN_POINT('Ctrl Pts',(-8.3880851180855,78.0588513928561,-5.97134174922448));
#1442=CARTESIAN_POINT('Ctrl Pts',(-10.2085065502887,78.2529662535705,-1.3428716901345));
#1443=CARTESIAN_POINT('Ctrl Pts',(-9.64699930158513,78.4470811142849,3.59893018122573));
#1444=CARTESIAN_POINT('Ctrl Pts',(-6.83458398522742,78.6411959749993,7.70099628088282));
#1445=CARTESIAN_POINT('Ctrl Pts',(-2.42746318252809,78.8353108357136,10.0062195389092));
#1446=CARTESIAN_POINT('Ctrl Pts',(2.54603454433529,79.029425696428,9.97668815095911));
#1447=CARTESIAN_POINT('Ctrl Pts',(6.92550880104226,79.2235405571425,7.61937895877924));
#1448=CARTESIAN_POINT('Ctrl Pts',(9.68898783723358,79.4176554178568,3.48413670473724));
#1449=CARTESIAN_POINT('Ctrl Pts',(10.1919223462234,79.6117702785712,-1.46375733321824));
#1450=CARTESIAN_POINT('Ctrl Pts',(8.31638416747697,79.8058851392856,-6.07061230748448));
#1451=CARTESIAN_POINT('Ctrl Pts',(5.77282314771782,79.9352950464285,-8.19633699815785));
#1452=CARTESIAN_POINT('Ctrl Pts',(4.32553262684872,80.,-8.89976067411743));
#1453=CARTESIAN_POINT('Ctrl Pts',(5.47049358401759,74.4510361190455,7.66856961727545));
#1454=CARTESIAN_POINT('Ctrl Pts',(6.71756623260971,74.515741072617,6.77895091869072));
#1455=CARTESIAN_POINT('Ctrl Pts',(8.76830707941235,74.6451509797599,4.38054310119059));
#1456=CARTESIAN_POINT('Ctrl Pts',(9.79884032033874,74.8392658404743,-0.240985949944757));
#1457=CARTESIAN_POINT('Ctrl Pts',(8.54272184703712,75.0333807011887,-4.8057549152446));
#1458=CARTESIAN_POINT('Ctrl Pts',(5.29345779436631,75.2274955619031,-8.24951004166907));
#1459=CARTESIAN_POINT('Ctrl Pts',(0.809025425067409,75.4216104226175,-9.7682994617709));
#1460=CARTESIAN_POINT('Ctrl Pts',(-3.86414982635245,75.6157252833318,-9.00793610736926));
#1461=CARTESIAN_POINT('Ctrl Pts',(-7.63572409958359,75.8098401440463,-6.14574413704684));
#1462=CARTESIAN_POINT('Ctrl Pts',(-9.62566722533301,76.0039550047606,-1.84959316314407));
#1463=CARTESIAN_POINT('Ctrl Pts',(-9.36967849835836,76.198069865475,2.87812510008073));
#1464=CARTESIAN_POINT('Ctrl Pts',(-6.92748341173137,76.3921847261894,6.93429435616527));
#1465=CARTESIAN_POINT('Ctrl Pts',(-2.86891537273594,76.5862995869038,9.37250222623032));
#1466=CARTESIAN_POINT('Ctrl Pts',(1.85905023716984,76.7804144476182,9.62384546801238));
#1467=CARTESIAN_POINT('Ctrl Pts',(6.15324788267628,76.9745293083326,7.62967962975323));
#1468=CARTESIAN_POINT('Ctrl Pts',(9.01172264788316,77.1686441690469,3.85529836183734));
#1469=CARTESIAN_POINT('Ctrl Pts',(9.76751320915561,77.3627590297614,-0.818630608715831));
#1470=CARTESIAN_POINT('Ctrl Pts',(8.24427278336863,77.5568738904758,-5.3015504161107));
#1471=CARTESIAN_POINT('Ctrl Pts',(4.79741542822958,77.7509887511902,-8.54747190503228));
#1472=CARTESIAN_POINT('Ctrl Pts',(0.231188428535032,77.9451036119046,-9.79903165047521));
#1473=CARTESIAN_POINT('Ctrl Pts',(-4.38898139104707,78.1392184726189,-8.76420650975635));
#1474=CARTESIAN_POINT('Ctrl Pts',(-7.98508009380046,78.3333333333333,-5.68444900877388));
#1475=CARTESIAN_POINT('Ctrl Pts',(-9.71803949227776,78.5274481940478,-1.27835350386485));
#1476=CARTESIAN_POINT('Ctrl Pts',(-9.18350982417977,78.7215630547621,3.42601980601293));
#1477=CARTESIAN_POINT('Ctrl Pts',(-6.5062168255993,78.9156779154765,7.33100239675966));
#1478=CARTESIAN_POINT('Ctrl Pts',(-2.31083586591723,79.1097927761909,9.52547134769389));
#1479=CARTESIAN_POINT('Ctrl Pts',(2.42371047407067,79.3039076369053,9.4973587934288));
#1480=CARTESIAN_POINT('Ctrl Pts',(6.59277316433149,79.4980224976197,7.25330637378614));
#1481=CARTESIAN_POINT('Ctrl Pts',(9.22348102326209,79.6921373583341,3.31674157491463));
#1482=CARTESIAN_POINT('Ctrl Pts',(9.70225207525836,79.8862522190484,-1.39343120379579));
#1483=CARTESIAN_POINT('Ctrl Pts',(7.91682401087442,80.0803670797629,-5.77895011927803));
#1484=CARTESIAN_POINT('Ctrl Pts',(5.49546822104652,80.2097769869058,-7.80254450028859));
#1485=CARTESIAN_POINT('Ctrl Pts',(4.11771268263162,80.2744819404772,-8.47217222978101));
#1486=CARTESIAN_POINT('Ctrl Pts',(5.19439912112174,74.7255180595228,7.28153879873163));
#1487=CARTESIAN_POINT('Ctrl Pts',(6.37853232050016,74.7902230130942,6.4368189366039));
#1488=CARTESIAN_POINT('Ctrl Pts',(8.32577278220214,74.9196329202371,4.15945817052751));
#1489=CARTESIAN_POINT('Ctrl Pts',(9.30429526445017,75.1137477809516,-0.228823448445836));
#1490=CARTESIAN_POINT('Ctrl Pts',(8.11157278090585,75.3078626416659,-4.56320964912639));
#1491=CARTESIAN_POINT('Ctrl Pts',(5.0262982841409,75.5019775023803,-7.83315930308805));
#1492=CARTESIAN_POINT('Ctrl Pts',(0.76819411126135,75.6960923630947,-9.27529579548697));
#1493=CARTESIAN_POINT('Ctrl Pts',(-3.66912713699719,75.8902072238091,-8.55330779217843));
#1494=CARTESIAN_POINT('Ctrl Pts',(-7.25035098622238,76.0843220845235,-5.83556994516577));
#1495=CARTESIAN_POINT('Ctrl Pts',(-9.13986217286813,76.2784369452379,-1.75624465206163));
#1496=CARTESIAN_POINT('Ctrl Pts',(-8.89679313385142,76.4725518059523,2.73286683563904));
#1497=CARTESIAN_POINT('Ctrl Pts',(-6.57785503132896,76.6666666666667,6.58432222907595));
#1498=CARTESIAN_POINT('Ctrl Pts',(-2.72412192096345,76.8607815273811,8.89947434887365));
#1499=CARTESIAN_POINT('Ctrl Pts',(1.76522442989216,77.0548963880954,9.13813235919047));
#1500=CARTESIAN_POINT('Ctrl Pts',(5.84269497860271,77.2490112488099,7.2446115792946));
#1501=CARTESIAN_POINT('Ctrl Pts',(8.55690322692584,77.4431261095242,3.66072240371458));
#1502=CARTESIAN_POINT('Ctrl Pts',(9.27454922484739,77.6372409702387,-0.777314523658387));
#1503=CARTESIAN_POINT('Ctrl Pts',(7.82818636792322,77.831355830953,-5.03398247326041));
#1504=CARTESIAN_POINT('Ctrl Pts',(4.55529105396562,78.0254706916674,-8.11608310464472));
#1505=CARTESIAN_POINT('Ctrl Pts',(0.219520405526906,78.2195855523818,-9.30447693820181));
#1506=CARTESIAN_POINT('Ctrl Pts',(-4.16747058197469,78.4137004130962,-8.32187916728603));
#1507=CARTESIAN_POINT('Ctrl Pts',(-7.58207506951543,78.6078152738106,-5.39755626832328));
#1508=CARTESIAN_POINT('Ctrl Pts',(-9.22757243426678,78.801930134525,-1.21383531759519));
#1509=CARTESIAN_POINT('Ctrl Pts',(-8.72002034677443,78.9960449952393,3.25310943080014));
#1510=CARTESIAN_POINT('Ctrl Pts',(-6.17784966597117,79.1901598559538,6.96100851263649));
#1511=CARTESIAN_POINT('Ctrl Pts',(-2.19420854930638,79.3842747166681,9.0447231564786));
#1512=CARTESIAN_POINT('Ctrl Pts',(2.30138640380604,79.5783895773825,9.01802943589849));
#1513=CARTESIAN_POINT('Ctrl Pts',(6.26003752762073,79.7725044380969,6.88723378879304));
#1514=CARTESIAN_POINT('Ctrl Pts',(8.75797420929059,79.9666192988113,3.14934644509202));
#1515=CARTESIAN_POINT('Ctrl Pts',(9.2125818042933,80.1607341595256,-1.32310507437334));
#1516=CARTESIAN_POINT('Ctrl Pts',(7.51726385427188,80.3548490202401,-5.48728793107157));
#1517=CARTESIAN_POINT('Ctrl Pts',(5.21811329437523,80.484258927383,-7.40875200241931));
#1518=CARTESIAN_POINT('Ctrl Pts',(3.90989273841451,80.5489638809545,-8.04458378544459));
#1519=CARTESIAN_POINT('Ctrl Pts',(4.9183046582259,75.,6.89450798018781));
#1520=CARTESIAN_POINT('Ctrl Pts',(6.03949840839062,75.0647049535715,6.09468695451707));
#1521=CARTESIAN_POINT('Ctrl Pts',(7.88323848499194,75.1941148607144,3.93837323986444));
#1522=CARTESIAN_POINT('Ctrl Pts',(8.8097502085616,75.3882297214288,-0.216660946946918));
#1523=CARTESIAN_POINT('Ctrl Pts',(7.68042371477457,75.5823445821431,-4.32066438300818));
#1524=CARTESIAN_POINT('Ctrl Pts',(4.75913877391549,75.7764594428576,-7.41680856450702));
#1525=CARTESIAN_POINT('Ctrl Pts',(0.727362797455288,75.970574303572,-8.78229212920304));
#1526=CARTESIAN_POINT('Ctrl Pts',(-3.47410444764192,76.1646891642863,-8.09867947698759));
#1527=CARTESIAN_POINT('Ctrl Pts',(-6.86497787286117,76.3588040250008,-5.5253957532847));
#1528=CARTESIAN_POINT('Ctrl Pts',(-8.65405712040326,76.5529188857151,-1.66289614097919));
#1529=CARTESIAN_POINT('Ctrl Pts',(-8.42390776934449,76.7470337464295,2.58760857119734));
#1530=CARTESIAN_POINT('Ctrl Pts',(-6.22822665092655,76.9411486071439,6.23435010198662));
#1531=CARTESIAN_POINT('Ctrl Pts',(-2.57932846919096,77.1352634678583,8.42644647151697));
#1532=CARTESIAN_POINT('Ctrl Pts',(1.67139862261449,77.3293783285727,8.65241925036856));
#1533=CARTESIAN_POINT('Ctrl Pts',(5.53214207452914,77.5234931892871,6.85954352883598));
#1534=CARTESIAN_POINT('Ctrl Pts',(8.10208380596853,77.7176080500015,3.4661464455918));
#1535=CARTESIAN_POINT('Ctrl Pts',(8.78158524053917,77.9117229107158,-0.735998438600936));
#1536=CARTESIAN_POINT('Ctrl Pts',(7.41209995247781,78.1058377714302,-4.76641453041011));
#1537=CARTESIAN_POINT('Ctrl Pts',(4.31316667970166,78.2999526321447,-7.68469430425716));
#1538=CARTESIAN_POINT('Ctrl Pts',(0.207852382518782,78.494067492859,-8.8099222259284));
#1539=CARTESIAN_POINT('Ctrl Pts',(-3.94595977290231,78.6881823535734,-7.87955182481571));
#1540=CARTESIAN_POINT('Ctrl Pts',(-7.17907004523039,78.8822972142878,-5.11066352787268));
#1541=CARTESIAN_POINT('Ctrl Pts',(-8.73710537625581,79.0764120750022,-1.14931713132554));
#1542=CARTESIAN_POINT('Ctrl Pts',(-8.25653086936908,79.2705269357166,3.08019905558734));
#1543=CARTESIAN_POINT('Ctrl Pts',(-5.84948250634305,79.464641796431,6.59101462851334));
#1544=CARTESIAN_POINT('Ctrl Pts',(-2.07758123269552,79.6587566571454,8.56397496526331));
#1545=CARTESIAN_POINT('Ctrl Pts',(2.17906233354141,79.8528715178598,8.53870007836818));
#1546=CARTESIAN_POINT('Ctrl Pts',(5.92730189090997,80.0469863785742,6.52116120379994));
#1547=CARTESIAN_POINT('Ctrl Pts',(8.29246739531909,80.2411012392886,2.98195131526942));
#1548=CARTESIAN_POINT('Ctrl Pts',(8.72291153332824,80.4352161000029,-1.25277894495089));
#1549=CARTESIAN_POINT('Ctrl Pts',(7.11770369766933,80.6293309607173,-5.19562574286512));
#1550=CARTESIAN_POINT('Ctrl Pts',(4.94075836770392,80.7587408678603,-7.01495950455005));
#1551=CARTESIAN_POINT('Ctrl Pts',(3.7020727941974,80.8234458214317,-7.61699534110816));
#1552=CARTESIAN_POINT('',(4.32553262684879,80.,-8.8997606741174));
#1553=CARTESIAN_POINT('Ctrl Pts',(4.91845091371884,80.,6.8943774549132));
#1554=CARTESIAN_POINT('Ctrl Pts',(5.10809013121508,80.,6.7813456067931));
#1555=CARTESIAN_POINT('Ctrl Pts',(5.29294800509435,80.,6.66110920228243));
#1556=CARTESIAN_POINT('Ctrl Pts',(5.47259780599077,80.,6.53396959238617));
#1557=CARTESIAN_POINT('Ctrl Pts',(5.56703636289886,80.,6.46713466563119));
#1558=CARTESIAN_POINT('Ctrl Pts',(5.6600356608032,80.,6.39839121675267));
#1559=CARTESIAN_POINT('Ctrl Pts',(5.75153280719176,80.,6.32777733898521));
#1560=CARTESIAN_POINT('Ctrl Pts',(5.92410869102538,80.,6.1945900992992));
#1561=CARTESIAN_POINT('Ctrl Pts',(6.09134213515595,80.,6.05475178278956));
#1562=CARTESIAN_POINT('Ctrl Pts',(6.25300513875824,80.,5.90870885759978));
#1563=CARTESIAN_POINT('Ctrl Pts',(6.41628788198043,80.,5.76120269402606));
#1564=CARTESIAN_POINT('Ctrl Pts',(6.57388849637354,80.,5.60736657877126));
#1565=CARTESIAN_POINT('Ctrl Pts',(6.72554621031709,80.,5.44761379207178));
#1566=CARTESIAN_POINT('Ctrl Pts',(6.87769581142198,80.,5.28734286262359));
#1567=CARTESIAN_POINT('Ctrl Pts',(7.02386439346247,80.,5.12111635876107));
#1568=CARTESIAN_POINT('Ctrl Pts',(7.16375533677503,80.,4.94931127418933));
#1569=CARTESIAN_POINT('Ctrl Pts',(7.22403651589764,80.,4.87527779616707));
#1570=CARTESIAN_POINT('Ctrl Pts',(7.28315154891328,80.,4.8002079756066));
#1571=CARTESIAN_POINT('Ctrl Pts',(7.34107444681502,80.,4.72413001231447));
#1572=CARTESIAN_POINT('Ctrl Pts',(7.35674628197481,80.,4.70354607499093));
#1573=CARTESIAN_POINT('Ctrl Pts',(7.37233241514477,80.,4.68288621837696));
#1574=CARTESIAN_POINT('Ctrl Pts',(7.38782712523217,80.,4.66215793884173));
#1575=CARTESIAN_POINT('Ctrl Pts',(7.52237634199434,80.,4.48216271721053));
#1576=CARTESIAN_POINT('Ctrl Pts',(7.64979660922527,80.,4.29733262652018));
#1577=CARTESIAN_POINT('Ctrl Pts',(7.76986199907163,80.,4.10814223881531));
#1578=CARTESIAN_POINT('Ctrl Pts',(7.89123959527188,80.,3.91688417091417));
#1579=CARTESIAN_POINT('Ctrl Pts',(8.00510118537316,80.,3.72116954396217));
#1580=CARTESIAN_POINT('Ctrl Pts',(8.11118372203492,80.,3.52144431086828));
#1581=CARTESIAN_POINT('Ctrl Pts',(8.20072786046381,80.,3.35285648781381));
#1582=CARTESIAN_POINT('Ctrl Pts',(8.28472904462034,80.,3.18141017180545));
#1583=CARTESIAN_POINT('Ctrl Pts',(8.36300882291891,80.,3.00735295530809));
#1584=CARTESIAN_POINT('Ctrl Pts',(8.45531875550153,80.,2.80209930909685));
#1585=CARTESIAN_POINT('Ctrl Pts',(8.53967400710852,80.,2.59321528403557));
#1586=CARTESIAN_POINT('Ctrl Pts',(8.61603741766704,80.,2.38118525524129));
#1587=CARTESIAN_POINT('Ctrl Pts',(8.66899943447652,80.,2.23413134726383));
#1588=CARTESIAN_POINT('Ctrl Pts',(8.7181163336324,80.,2.08556352359972));
#1589=CARTESIAN_POINT('Ctrl Pts',(8.76336241863129,80.,1.9356371431748));
#1590=CARTESIAN_POINT('Ctrl Pts',(8.7831575808183,80.,1.8700443517389));
#1591=CARTESIAN_POINT('Ctrl Pts',(8.80221170097663,80.,1.80419146978719));
#1592=CARTESIAN_POINT('Ctrl Pts',(8.82052194475511,80.,1.73809128761964));
#1593=CARTESIAN_POINT('Ctrl Pts',(8.83136805223269,80.,1.69893671989516));
#1594=CARTESIAN_POINT('Ctrl Pts',(8.8419531398235,80.,1.6596953770445));
#1595=CARTESIAN_POINT('Ctrl Pts',(8.85227654806546,80.,1.62036990049072));
#1596=CARTESIAN_POINT('Ctrl Pts',(8.85905680043993,80.,1.59454154521002));
#1597=CARTESIAN_POINT('Ctrl Pts',(8.8657245890789,80.,1.56867510985582));
#1598=CARTESIAN_POINT('Ctrl Pts',(8.87227560284624,80.,1.54278800995588));
#1599=CARTESIAN_POINT('Ctrl Pts',(8.92812611772912,80.,1.32208814431894));
#1600=CARTESIAN_POINT('Ctrl Pts',(8.97556026621777,80.,1.09963573157313));
#1601=CARTESIAN_POINT('Ctrl Pts',(9.0146106285534,80.,0.875952206724451));
#1602=CARTESIAN_POINT('Ctrl Pts',(9.0543339396694,80.,0.648413978712188));
#1603=CARTESIAN_POINT('Ctrl Pts',(9.08538230782312,80.,0.419601285311092));
#1604=CARTESIAN_POINT('Ctrl Pts',(9.10774484936629,80.,0.190034051869067));
#1605=CARTESIAN_POINT('Ctrl Pts',(9.13018664499607,80.,-0.0403467805714692));
#1606=CARTESIAN_POINT('Ctrl Pts',(9.14388113951815,80.,-0.271488164164824));
#1607=CARTESIAN_POINT('Ctrl Pts',(9.1487686904733,80.,-0.502884257521945));
#1608=CARTESIAN_POINT('Ctrl Pts',(9.15363273251333,80.,-0.733167345374301));
#1609=CARTESIAN_POINT('Ctrl Pts',(9.14977448858646,80.,-0.963703371108693));
#1610=CARTESIAN_POINT('Ctrl Pts',(9.13708464243774,80.,-1.19400320892891));
#1611=CARTESIAN_POINT('Ctrl Pts',(9.13492963113131,80.,-1.23311311999917));
#1612=CARTESIAN_POINT('Ctrl Pts',(9.13251980023843,80.,-1.27221622792826));
#1613=CARTESIAN_POINT('Ctrl Pts',(9.12985446407734,80.,-1.31131014273885));
#1614=CARTESIAN_POINT('Ctrl Pts',(9.11684330467229,80.,-1.50215179520774));
#1615=CARTESIAN_POINT('Ctrl Pts',(9.09774534511601,80.,-1.6927745782899));
#1616=CARTESIAN_POINT('Ctrl Pts',(9.0726439891681,80.,-1.88292377634441));
#1617=CARTESIAN_POINT('Ctrl Pts',(9.06816434651122,80.,-1.91685821640194));
#1618=CARTESIAN_POINT('Ctrl Pts',(9.06349279174282,80.,-1.95078168560381));
#1619=CARTESIAN_POINT('Ctrl Pts',(9.0586338612806,80.,-1.98466504777276));
#1620=CARTESIAN_POINT('Ctrl Pts',(9.02577895016448,80.,-2.21377613734958));
#1621=CARTESIAN_POINT('Ctrl Pts',(8.98433283639253,80.,-2.44128353272155));
#1622=CARTESIAN_POINT('Ctrl Pts',(8.93458309770219,80.,-2.66674089347631));
#1623=CARTESIAN_POINT('Ctrl Pts',(8.88411350160752,80.,-2.8954605256474));
#1624=CARTESIAN_POINT('Ctrl Pts',(8.82509821512611,80.,-3.12207095169874));
#1625=CARTESIAN_POINT('Ctrl Pts',(8.75778451702888,80.,-3.34611473240759));
#1626=CARTESIAN_POINT('Ctrl Pts',(8.68972709397929,80.,-3.5726338926431));
#1627=CARTESIAN_POINT('Ctrl Pts',(8.61318681411266,80.,-3.79653002541193));
#1628=CARTESIAN_POINT('Ctrl Pts',(8.5283661961742,80.,-4.0173296772423));
#1629=CARTESIAN_POINT('Ctrl Pts',(8.44364791184377,80.,-4.23786294071602));
#1630=CARTESIAN_POINT('Ctrl Pts',(8.3506690943736,80.,-4.45530785214204));
#1631=CARTESIAN_POINT('Ctrl Pts',(8.24958074094666,80.,-4.66918214418653));
#1632=CARTESIAN_POINT('Ctrl Pts',(8.17121278324646,80.,-4.83498652128737));
#1633=CARTESIAN_POINT('Ctrl Pts',(8.0879699560943,80.,-4.9986448418059));
#1634=CARTESIAN_POINT('Ctrl Pts',(7.99990248994671,80.,-5.15992418164012));
#1635=CARTESIAN_POINT('Ctrl Pts',(7.96844747588805,80.,-5.2175282450221));
#1636=CARTESIAN_POINT('Ctrl Pts',(7.93637682282675,80.,-5.27482873896299));
#1637=CARTESIAN_POINT('Ctrl Pts',(7.90369229311627,80.,-5.33181474892018));
#1638=CARTESIAN_POINT('Ctrl Pts',(7.88842667498127,80.,-5.35843060280425));
#1639=CARTESIAN_POINT('Ctrl Pts',(7.87302647455396,80.,-5.38497889349098));
#1640=CARTESIAN_POINT('Ctrl Pts',(7.85750093392021,80.,-5.41144328464704));
#1641=CARTESIAN_POINT('Ctrl Pts',(7.81319955241139,80.,-5.48695814861605));
#1642=CARTESIAN_POINT('Ctrl Pts',(7.7678615059851,80.,-5.56181841688495));
#1643=CARTESIAN_POINT('Ctrl Pts',(7.72149784782347,80.,-5.63600106443314));
#1644=CARTESIAN_POINT('Ctrl Pts',(7.59551875921342,80.,-5.83756976499215));
#1645=CARTESIAN_POINT('Ctrl Pts',(7.46197115126806,80.,-6.03413671900754));
#1646=CARTESIAN_POINT('Ctrl Pts',(7.32129810083955,80.,-6.22542476345588));
#1647=CARTESIAN_POINT('Ctrl Pts',(7.17911092023894,80.,-6.41877173105103));
#1648=CARTESIAN_POINT('Ctrl Pts',(7.02964375647494,80.,-6.60672604492793));
#1649=CARTESIAN_POINT('Ctrl Pts',(6.8733046766877,80.,-6.78898090604893));
#1650=CARTESIAN_POINT('Ctrl Pts',(6.78318901517428,80.,-6.89403472494248));
#1651=CARTESIAN_POINT('Ctrl Pts',(6.69078927064551,80.,-6.99719447897006));
#1652=CARTESIAN_POINT('Ctrl Pts',(6.59617691284824,80.,-7.09839733974797));
#1653=CARTESIAN_POINT('Ctrl Pts',(6.53353389992859,80.,-7.16540393659022));
#1654=CARTESIAN_POINT('Ctrl Pts',(6.46992082649616,80.,-7.23155260900272));
#1655=CARTESIAN_POINT('Ctrl Pts',(6.40535736658283,80.,-7.29682427632892));
#1656=CARTESIAN_POINT('Ctrl Pts',(6.37252640882291,80.,-7.3300153623671));
#1657=CARTESIAN_POINT('Ctrl Pts',(6.33944546437085,80.,-7.36298370597907));
#1658=CARTESIAN_POINT('Ctrl Pts',(6.30614093425345,80.,-7.39570356688203));
#1659=CARTESIAN_POINT('Ctrl Pts',(6.13192431232793,80.,-7.56686177317693));
#1660=CARTESIAN_POINT('Ctrl Pts',(5.95149487590258,80.,-7.73132539290341));
#1661=CARTESIAN_POINT('Ctrl Pts',(5.76529323918656,80.,-7.88879328971252));
#1662=CARTESIAN_POINT('Ctrl Pts',(5.57832052097613,80.,-8.04691327843305));
#1663=CARTESIAN_POINT('Ctrl Pts',(5.3855272765479,80.,-8.19797999904814));
#1664=CARTESIAN_POINT('Ctrl Pts',(5.1873155359609,80.,-8.34165981189279));
#1665=CARTESIAN_POINT('Ctrl Pts',(4.98990893435295,80.,-8.48475599524365));
#1666=CARTESIAN_POINT('Ctrl Pts',(4.78712729575789,80.,-8.62052563830687));
#1667=CARTESIAN_POINT('Ctrl Pts',(4.57933090433999,80.,-8.74860332420929));
#1668=CARTESIAN_POINT('Ctrl Pts',(4.49553986106603,80.,-8.8002488934545));
#1669=CARTESIAN_POINT('Ctrl Pts',(4.41093304121622,80.,-8.85064330676073));
#1670=CARTESIAN_POINT('Ctrl Pts',(4.32553262684872,80.,-8.89976067411743));
#1671=CARTESIAN_POINT('Ctrl Pts',(4.32553262684879,80.,-8.8997606741174));
#1672=CARTESIAN_POINT('Ctrl Pts',(5.77282314771786,79.9352950464285,-8.19633699815782));
#1673=CARTESIAN_POINT('Ctrl Pts',(7.04460365759741,79.8705900928571,-7.13347465282115));
#1674=CARTESIAN_POINT('Ctrl Pts',(7.99308360899492,79.8058851392856,-5.83423431777513));
#1675=CARTESIAN_POINT('Ctrl Pts',(8.94156356039246,79.7411801857142,-4.53499398272907));
#1676=CARTESIAN_POINT('Ctrl Pts',(9.56674295330794,79.6764752321427,-2.99937565797367));
#1677=CARTESIAN_POINT('Ctrl Pts',(9.79551023160071,79.6117702785712,-1.40691748927003));
#1678=CARTESIAN_POINT('Ctrl Pts',(10.0242775098935,79.5470653249997,0.185540679433593));
#1679=CARTESIAN_POINT('Ctrl Pts',(9.85663267356352,79.4823603714283,1.83483869208545));
#1680=CARTESIAN_POINT('Ctrl Pts',(9.31223041603332,79.4176554178568,3.3486947407517));
#1681=CARTESIAN_POINT('Ctrl Pts',(8.76782815850312,79.3529504642854,4.86255078941793));
#1682=CARTESIAN_POINT('Ctrl Pts',(7.84666847977269,79.2882455107139,6.24096487409858));
#1683=CARTESIAN_POINT('Ctrl Pts',(6.65617626428965,79.2235405571425,7.32305678180222));
#1684=CARTESIAN_POINT('Ctrl Pts',(5.46568404880661,79.158835603571,8.40514868950586));
#1685=CARTESIAN_POINT('Ctrl Pts',(4.00585929657095,79.0941306499995,9.19091842023248));
#1686=CARTESIAN_POINT('Ctrl Pts',(2.44703063264257,79.029425696428,9.58872518358747));
#1687=CARTESIAN_POINT('Ctrl Pts',(0.888201968714183,78.9647207428566,9.98653194694246));
#1688=CARTESIAN_POINT('Ctrl Pts',(-0.769630606906929,78.9000157892851,9.99637574292582));
#1689=CARTESIAN_POINT('Ctrl Pts',(-2.33306702850071,78.8353108357137,9.61709376457978));
#1690=CARTESIAN_POINT('Ctrl Pts',(-3.89650345009452,78.7706058821422,9.23781178623373));
#1691=CARTESIAN_POINT('Ctrl Pts',(-5.36554371766097,78.7059009285707,8.46940403355828));
#1692=CARTESIAN_POINT('Ctrl Pts',(-6.56879973750383,78.6411959749993,7.40152247394435));
#1693=CARTESIAN_POINT('Ctrl Pts',(-7.77205575734666,78.5764910214278,6.33364091433045));
#1694=CARTESIAN_POINT('Ctrl Pts',(-8.70952752946589,78.5117860678563,4.96628554777808));
#1695=CARTESIAN_POINT('Ctrl Pts',(-9.27184795697611,78.4470811142849,3.4589742192752));
#1696=CARTESIAN_POINT('Ctrl Pts',(-9.68341366053251,78.3997231695306,2.35576399065062));
#1697=CARTESIAN_POINT('Ctrl Pts',(-9.89401588499329,78.3523652247763,1.17758125442898));
#1698=CARTESIAN_POINT('Ctrl Pts',(-9.89509304230964,78.3050072800221,-0.000226382617538323));
#1699=CARTESIAN_POINT('Origin',(0.,0.,0.));
#1700=CARTESIAN_POINT('Origin',(0.,80.,0.));
#1701=CARTESIAN_POINT('Origin',(-9.02152032747242E-16,50.,0.));
#1702=CARTESIAN_POINT('Ctrl Pts',(4.91844830383322,50.,6.89437373742911));
#1703=CARTESIAN_POINT('Ctrl Pts',(5.10824940209354,50.,6.78124538227772));
#1704=CARTESIAN_POINT('Ctrl Pts',(5.29336844746972,50.,6.66083622232437));
#1705=CARTESIAN_POINT('Ctrl Pts',(5.47336407692602,50.,6.53342145110826));
#1706=CARTESIAN_POINT('Ctrl Pts',(5.56750934829628,50.,6.46677817621901));
#1707=CARTESIAN_POINT('Ctrl Pts',(5.66025285659505,50.,6.39821749315051));
#1708=CARTESIAN_POINT('Ctrl Pts',(5.75153002281837,50.,6.32777329167564));
#1709=CARTESIAN_POINT('Ctrl Pts',(5.92487970529999,50.,6.19398868306427));
#1710=CARTESIAN_POINT('Ctrl Pts',(6.09294225619471,50.,6.05341343021442));
#1711=CARTESIAN_POINT('Ctrl Pts',(6.25546895617447,50.,5.90647496606631));
#1712=CARTESIAN_POINT('Ctrl Pts',(6.3669671565969,50.,5.80567076388051));
#1713=CARTESIAN_POINT('Ctrl Pts',(6.47585952193909,50.,5.70187076285818));
#1714=CARTESIAN_POINT('Ctrl Pts',(6.58205806317184,50.,5.595201108403));
#1715=CARTESIAN_POINT('Ctrl Pts',(6.60816749495625,50.,5.56897585112419));
#1716=CARTESIAN_POINT('Ctrl Pts',(6.63411406644948,50.,5.54257709653409));
#1717=CARTESIAN_POINT('Ctrl Pts',(6.65989640334747,50.,5.51600663876847));
#1718=CARTESIAN_POINT('Ctrl Pts',(6.68204461269728,50.,5.49318139746309));
#1719=CARTESIAN_POINT('Ctrl Pts',(6.70406514774576,50.,5.47023610124907));
#1720=CARTESIAN_POINT('Ctrl Pts',(6.72595504077704,50.,5.44717456008451));
#1721=CARTESIAN_POINT('Ctrl Pts',(6.87868215145886,50.,5.28627278934954));
#1722=CARTESIAN_POINT('Ctrl Pts',(7.02508815829783,50.,5.11967850402009));
#1723=CARTESIAN_POINT('Ctrl Pts',(7.16493705471222,50.,4.94784972643202));
#1724=CARTESIAN_POINT('Ctrl Pts',(7.30650653316819,50.,4.77390691350634));
#1725=CARTESIAN_POINT('Ctrl Pts',(7.44135708310759,50.,4.59459961013531));
#1726=CARTESIAN_POINT('Ctrl Pts',(7.56921474673353,50.,4.41035850423734));
#1727=CARTESIAN_POINT('Ctrl Pts',(7.69700945975836,50.,4.22620810927555));
#1728=CARTESIAN_POINT('Ctrl Pts',(7.81781864860992,50.,4.03712826124828));
#1729=CARTESIAN_POINT('Ctrl Pts',(7.93133240389921,50.,3.84351189083928));
#1730=CARTESIAN_POINT('Ctrl Pts',(7.95210131181516,50.,3.80808710414453));
#1731=CARTESIAN_POINT('Ctrl Pts',(7.97262589018897,50.,3.77251036581472));
#1732=CARTESIAN_POINT('Ctrl Pts',(7.99290408927474,50.,3.73678396879788));
#1733=CARTESIAN_POINT('Ctrl Pts',(8.0115600977493,50.,3.70391556846844));
#1734=CARTESIAN_POINT('Ctrl Pts',(8.03000971231868,50.,3.67091646422227));
#1735=CARTESIAN_POINT('Ctrl Pts',(8.04823736794243,50.,3.63781413443972));
#1736=CARTESIAN_POINT('Ctrl Pts',(8.1617556758209,50.,3.43165923765461));
#1737=CARTESIAN_POINT('Ctrl Pts',(8.26676849217903,50.,3.22133221778571));
#1738=CARTESIAN_POINT('Ctrl Pts',(8.36300690594857,50.,3.00734348452961));
#1739=CARTESIAN_POINT('Ctrl Pts',(8.45497185887121,50.,2.80285690781817));
#1740=CARTESIAN_POINT('Ctrl Pts',(8.5389249919438,50.,2.59502593751217));
#1741=CARTESIAN_POINT('Ctrl Pts',(8.61488719447195,50.,2.38436235029807));
#1742=CARTESIAN_POINT('Ctrl Pts',(8.69173153330536,50.,2.17125236221235));
#1743=CARTESIAN_POINT('Ctrl Pts',(8.76039852110429,50.,1.95524303237434));
#1744=CARTESIAN_POINT('Ctrl Pts',(8.82086585839469,50.,1.73683333162379));
#1745=CARTESIAN_POINT('Ctrl Pts',(8.8816592368606,50.,1.51724596109702));
#1746=CARTESIAN_POINT('Ctrl Pts',(8.93416452683969,50.,1.29523164288893));
#1747=CARTESIAN_POINT('Ctrl Pts',(8.97831137671919,50.,1.07127539896957));
#1748=CARTESIAN_POINT('Ctrl Pts',(9.01688166535964,50.,0.875608958569414));
#1749=CARTESIAN_POINT('Ctrl Pts',(9.04907115574869,50.,0.678459604019513));
#1750=CARTESIAN_POINT('Ctrl Pts',(9.07480134450936,50.,0.48014283719761));
#1751=CARTESIAN_POINT('Ctrl Pts',(9.07824352342755,50.,0.453612064328933));
#1752=CARTESIAN_POINT('Ctrl Pts',(9.08157005548279,50.,0.427060392071356));
#1753=CARTESIAN_POINT('Ctrl Pts',(9.08478071111501,50.,0.400488571122152));
#1754=CARTESIAN_POINT('Ctrl Pts',(9.08779617388977,50.,0.375532192703471));
#1755=CARTESIAN_POINT('Ctrl Pts',(9.09070826551851,50.,0.350567583939131));
#1756=CARTESIAN_POINT('Ctrl Pts',(9.09351691995353,50.,0.325596391886118));
#1757=CARTESIAN_POINT('Ctrl Pts',(9.11944223256359,50.,0.0950995560534038));
#1758=CARTESIAN_POINT('Ctrl Pts',(9.13656142515222,50.,-0.135982914226427));
#1759=CARTESIAN_POINT('Ctrl Pts',(9.14488882873021,50.,-0.367124647698868));
#1760=CARTESIAN_POINT('Ctrl Pts',(9.15329133816573,50.,-0.600351076351737));
#1761=CARTESIAN_POINT('Ctrl Pts',(9.15274298743313,50.,-0.833638475839904));
#1762=CARTESIAN_POINT('Ctrl Pts',(9.14321061931473,50.,-1.06646834693838));
#1763=CARTESIAN_POINT('Ctrl Pts',(9.1398664350104,50.,-1.14815067297063));
#1764=CARTESIAN_POINT('Ctrl Pts',(9.13541607585398,50.,-1.22977684093408));
#1765=CARTESIAN_POINT('Ctrl Pts',(9.12985664928277,50.,-1.31132487682515));
#1766=CARTESIAN_POINT('Ctrl Pts',(9.11411295376477,50.,-1.54226010561457));
#1767=CARTESIAN_POINT('Ctrl Pts',(9.08947886532079,50.,-1.77256849715594));
#1768=CARTESIAN_POINT('Ctrl Pts',(9.05616858275225,50.,-2.00179832159574));
#1769=CARTESIAN_POINT('Ctrl Pts',(9.02268288374459,50.,-2.23223530119732));
#1770=CARTESIAN_POINT('Ctrl Pts',(8.98042928096616,50.,-2.46158296488231));
#1771=CARTESIAN_POINT('Ctrl Pts',(8.92957263824286,50.,-2.68938094383517));
#1772=CARTESIAN_POINT('Ctrl Pts',(8.90050015710577,50.,-2.81960291861644));
#1773=CARTESIAN_POINT('Ctrl Pts',(8.8686153299265,50.,-2.94931839362935));
#1774=CARTESIAN_POINT('Ctrl Pts',(8.83394144980741,50.,-3.07843990434759));
#1775=CARTESIAN_POINT('Ctrl Pts',(8.82682953887898,50.,-3.10492383634539));
#1776=CARTESIAN_POINT('Ctrl Pts',(8.81959982769808,50.,-3.13138438507349));
#1777=CARTESIAN_POINT('Ctrl Pts',(8.81225389471446,50.,-3.15781573844983));
#1778=CARTESIAN_POINT('Ctrl Pts',(8.74891088942559,50.,-3.38572979108867));
#1779=CARTESIAN_POINT('Ctrl Pts',(8.6770970975582,50.,-3.61087800571169));
#1780=CARTESIAN_POINT('Ctrl Pts',(8.59709405623208,50.,-3.83279830635441));
#1781=CARTESIAN_POINT('Ctrl Pts',(8.5164051029535,50.,-4.05662125699867));
#1782=CARTESIAN_POINT('Ctrl Pts',(8.42738578421505,50.,-4.27716134621881));
#1783=CARTESIAN_POINT('Ctrl Pts',(8.33027143425936,50.,-4.49394730236398));
#1784=CARTESIAN_POINT('Ctrl Pts',(8.23290329984344,50.,-4.7112997752689));
#1785=CARTESIAN_POINT('Ctrl Pts',(8.12739762752242,50.,-4.92487913396328));
#1786=CARTESIAN_POINT('Ctrl Pts',(8.01393989142836,50.,-5.13420335457889));
#1787=CARTESIAN_POINT('Ctrl Pts',(7.92169740428139,50.,-5.30438643238749));
#1788=CARTESIAN_POINT('Ctrl Pts',(7.82419769308579,50.,-5.47175693738504));
#1789=CARTESIAN_POINT('Ctrl Pts',(7.72151633126717,50.,-5.63604778148431));
#1790=CARTESIAN_POINT('Ctrl Pts',(7.61661428510164,50.,-5.80389173492466));
#1791=CARTESIAN_POINT('Ctrl Pts',(7.50630399879738,50.,-5.9685216420432));
#1792=CARTESIAN_POINT('Ctrl Pts',(7.39079204057148,50.,-6.12975304087581));
#1793=CARTESIAN_POINT('Ctrl Pts',(7.34025555884765,50.,-6.20029177786508));
#1794=CARTESIAN_POINT('Ctrl Pts',(7.28872316941773,50.,-6.27017984637338));
#1795=CARTESIAN_POINT('Ctrl Pts',(7.23621094047145,50.,-6.33940092685486));
#1796=CARTESIAN_POINT('Ctrl Pts',(7.21579466949466,50.,-6.36631344542004));
#1797=CARTESIAN_POINT('Ctrl Pts',(7.19523028003273,50.,-6.39312513708524));
#1798=CARTESIAN_POINT('Ctrl Pts',(7.17451868778269,50.,-6.41983501870991));
#1799=CARTESIAN_POINT('Ctrl Pts',(7.1573897029356,50.,-6.44192473311203));
#1800=CARTESIAN_POINT('Ctrl Pts',(7.14016465998883,50.,-6.46393881817371));
#1801=CARTESIAN_POINT('Ctrl Pts',(7.12284828365925,50.,-6.48587178331149));
#1802=CARTESIAN_POINT('Ctrl Pts',(6.97488930295622,50.,-6.67327699464526));
#1803=CARTESIAN_POINT('Ctrl Pts',(6.82017591354605,50.,-6.85487793995461));
#1804=CARTESIAN_POINT('Ctrl Pts',(6.65916934787433,50.,-7.03041378755522));
#1805=CARTESIAN_POINT('Ctrl Pts',(6.49006404560656,50.,-7.21477920422931));
#1806=CARTESIAN_POINT('Ctrl Pts',(6.31401651322588,50.,-7.39245471482296));
#1807=CARTESIAN_POINT('Ctrl Pts',(6.13150489331875,50.,-7.56311610126333));
#1808=CARTESIAN_POINT('Ctrl Pts',(5.95373031607142,50.,-7.72934801483858));
#1809=CARTESIAN_POINT('Ctrl Pts',(5.7698221758927,50.,-7.88892556997456));
#1810=CARTESIAN_POINT('Ctrl Pts',(5.58017662541624,50.,-8.04152106450395));
#1811=CARTESIAN_POINT('Ctrl Pts',(5.38295103388365,50.,-8.20021572724798));
#1812=CARTESIAN_POINT('Ctrl Pts',(5.17951999158156,50.,-8.3513598788411));
#1813=CARTESIAN_POINT('Ctrl Pts',(4.97028516015917,50.,-8.4945443381633));
#1814=CARTESIAN_POINT('Ctrl Pts',(4.7718021175275,50.,-8.63037108818692));
#1815=CARTESIAN_POINT('Ctrl Pts',(4.56809569783015,50.,-8.75903531717296));
#1816=CARTESIAN_POINT('Ctrl Pts',(4.35947815043288,50.,-8.88014569262248));
#1817=CARTESIAN_POINT('Ctrl Pts',(4.34817737744032,50.,-8.88670621870034));
#1818=CARTESIAN_POINT('Ctrl Pts',(4.33686218707084,50.,-8.89324456789549));
#1819=CARTESIAN_POINT('Ctrl Pts',(4.3255326268491,50.,-8.89976067411725));
#1820=CARTESIAN_POINT('Ctrl Pts',(-4.3257243083856,50.,-8.89963406347051));
#1821=CARTESIAN_POINT('Ctrl Pts',(-4.53726516584362,50.,-8.7782342988356));
#1822=CARTESIAN_POINT('Ctrl Pts',(-4.74402547460276,50.,-8.64917779459652));
#1823=CARTESIAN_POINT('Ctrl Pts',(-4.94553690282353,50.,-8.51263299194494));
#1824=CARTESIAN_POINT('Ctrl Pts',(-5.0657306955752,50.,-8.43118928497443));
#1825=CARTESIAN_POINT('Ctrl Pts',(-5.18405657458642,50.,-8.34708067382935));
#1826=CARTESIAN_POINT('Ctrl Pts',(-5.3004094807879,50.,-8.26033610799751));
#1827=CARTESIAN_POINT('Ctrl Pts',(-5.49656112573492,50.,-8.11409919966738));
#1828=CARTESIAN_POINT('Ctrl Pts',(-5.68710782304217,50.,-7.96037233484528));
#1829=CARTESIAN_POINT('Ctrl Pts',(-5.87169361097824,50.,-7.79954597789989));
#1830=CARTESIAN_POINT('Ctrl Pts',(-5.99682407965282,50.,-7.69052199699205));
#1831=CARTESIAN_POINT('Ctrl Pts',(-6.11921442532312,50.,-7.57823474420103));
#1832=CARTESIAN_POINT('Ctrl Pts',(-6.23874219175107,50.,-7.46279863070355));
#1833=CARTESIAN_POINT('Ctrl Pts',(-6.27127525236098,50.,-7.43137923595355));
#1834=CARTESIAN_POINT('Ctrl Pts',(-6.30359619072371,50.,-7.39972653896219));
#1835=CARTESIAN_POINT('Ctrl Pts',(-6.3357024075858,50.,-7.36784278591063));
#1836=CARTESIAN_POINT('Ctrl Pts',(-6.35851926088229,50.,-7.34518403047259));
#1837=CARTESIAN_POINT('Ctrl Pts',(-6.38122675663261,50.,-7.32240942641383));
#1838=CARTESIAN_POINT('Ctrl Pts',(-6.4038151777758,50.,-7.29952888333265));
#1839=CARTESIAN_POINT('Ctrl Pts',(-6.57367005644623,50.,-7.12747737763733));
#1840=CARTESIAN_POINT('Ctrl Pts',(-6.73693253856266,50.,-6.94930277155576));
#1841=CARTESIAN_POINT('Ctrl Pts',(-6.8932835105482,50.,-6.76540532770697));
#1842=CARTESIAN_POINT('Ctrl Pts',(-7.04886884219341,50.,-6.58240841744429));
#1843=CARTESIAN_POINT('Ctrl Pts',(-7.19761052587724,50.,-6.3937440083254));
#1844=CARTESIAN_POINT('Ctrl Pts',(-7.33915079017696,50.,-6.19977923456677));
#1845=CARTESIAN_POINT('Ctrl Pts',(-7.47934528343095,50.,-6.00765868639093));
#1846=CARTESIAN_POINT('Ctrl Pts',(-7.61247493321488,50.,-5.81033753982784));
#1847=CARTESIAN_POINT('Ctrl Pts',(-7.73814490790248,50.,-5.60815406553878));
#1848=CARTESIAN_POINT('Ctrl Pts',(-7.77938037079326,50.,-5.54181260910178));
#1849=CARTESIAN_POINT('Ctrl Pts',(-7.81981228129643,50.,-5.47494753072296));
#1850=CARTESIAN_POINT('Ctrl Pts',(-7.85942548926154,50.,-5.40757049212131));
#1851=CARTESIAN_POINT('Ctrl Pts',(-7.87841283337873,50.,-5.37527542986194));
#1852=CARTESIAN_POINT('Ctrl Pts',(-7.89721397041274,50.,-5.342859305163));
#1853=CARTESIAN_POINT('Ctrl Pts',(-7.91581364458757,50.,-5.31034743379276));
#1854=CARTESIAN_POINT('Ctrl Pts',(-8.03339491921128,50.,-5.10481763578763));
#1855=CARTESIAN_POINT('Ctrl Pts',(-8.14303567853205,50.,-4.89528529020566));
#1856=CARTESIAN_POINT('Ctrl Pts',(-8.24443243660821,50.,-4.68211875298597));
#1857=CARTESIAN_POINT('Ctrl Pts',(-8.24995450997768,50.,-4.67050969091361));
#1858=CARTESIAN_POINT('Ctrl Pts',(-8.25545212104941,50.,-4.65888984430979));
#1859=CARTESIAN_POINT('Ctrl Pts',(-8.26092521680101,50.,-4.64725927071921));
#1860=CARTESIAN_POINT('Ctrl Pts',(-8.36157698224733,50.,-4.43336976134894));
#1861=CARTESIAN_POINT('Ctrl Pts',(-8.4539417776937,50.,-4.21585372974064));
#1862=CARTESIAN_POINT('Ctrl Pts',(-8.53794250392919,50.,-3.99521601725584));
#1863=CARTESIAN_POINT('Ctrl Pts',(-8.62207964062463,50.,-3.7742200067754));
#1864=CARTESIAN_POINT('Ctrl Pts',(-8.69782561250033,50.,-3.55009148274928));
#1865=CARTESIAN_POINT('Ctrl Pts',(-8.76505178125478,50.,-3.32332737944695));
#1866=CARTESIAN_POINT('Ctrl Pts',(-8.83186748111653,50.,-3.09794785021916));
#1867=CARTESIAN_POINT('Ctrl Pts',(-8.89026713088252,50.,-2.86996416244219));
#1868=CARTESIAN_POINT('Ctrl Pts',(-8.94007312404554,50.,-2.63986407287364));
#1869=CARTESIAN_POINT('Ctrl Pts',(-8.98292692633028,50.,-2.44188260281654));
#1870=CARTESIAN_POINT('Ctrl Pts',(-9.01941794436156,50.,-2.24233409150347));
#1871=CARTESIAN_POINT('Ctrl Pts',(-9.04940201076105,50.,-2.04153475732884));
#1872=CARTESIAN_POINT('Ctrl Pts',(-9.05450767566887,50.,-2.00734279349212));
#1873=CARTESIAN_POINT('Ctrl Pts',(-9.05942460302528,50.,-1.97311458090902));
#1874=CARTESIAN_POINT('Ctrl Pts',(-9.06415199662958,50.,-1.93885170631163));
#1875=CARTESIAN_POINT('Ctrl Pts',(-9.06786895033251,50.,-1.91191222776005));
#1876=CARTESIAN_POINT('Ctrl Pts',(-9.07146767344158,50.,-1.88495887383013));
#1877=CARTESIAN_POINT('Ctrl Pts',(-9.0749472484504,50.,-1.85799842537115));
#1878=CARTESIAN_POINT('Ctrl Pts',(-9.10465527396771,50.,-1.62781465616157));
#1879=CARTESIAN_POINT('Ctrl Pts',(-9.12570148331339,50.,-1.39697575022064));
#1880=CARTESIAN_POINT('Ctrl Pts',(-9.13800412782521,50.,-1.1659549337276));
#1881=CARTESIAN_POINT('Ctrl Pts',(-9.15023863088946,50.,-0.936213687073519));
#1882=CARTESIAN_POINT('Ctrl Pts',(-9.15382616289585,50.,-0.706291889877651));
#1883=CARTESIAN_POINT('Ctrl Pts',(-9.14863503533855,50.,-0.476655014568757));
#1884=CARTESIAN_POINT('Ctrl Pts',(-9.14673521943672,50.,-0.392613969045567));
#1885=CARTESIAN_POINT('Ctrl Pts',(-9.14365912034067,50.,-0.308611133814831));
#1886=CARTESIAN_POINT('Ctrl Pts',(-9.13939854848241,50.,-0.224669587678163));
#1887=CARTESIAN_POINT('Ctrl Pts',(-9.12767719603478,50.,0.00626383628427787));
#1888=CARTESIAN_POINT('Ctrl Pts',(-9.10699445287655,50.,0.236734710472503));
#1889=CARTESIAN_POINT('Ctrl Pts',(-9.07746804472902,50.,0.466241815093076));
#1890=CARTESIAN_POINT('Ctrl Pts',(-9.04813144821889,50.,0.69427352456556));
#1891=CARTESIAN_POINT('Ctrl Pts',(-9.01006423323035,50.,0.921354431459438));
#1892=CARTESIAN_POINT('Ctrl Pts',(-8.96333613659158,50.,1.14697004212419));
#1893=CARTESIAN_POINT('Ctrl Pts',(-8.93789028368445,50.,1.26982935066631));
#1894=CARTESIAN_POINT('Ctrl Pts',(-8.90987539419796,50.,1.3922536928683));
#1895=CARTESIAN_POINT('Ctrl Pts',(-8.87929742803382,50.,1.51415611908897));
#1896=CARTESIAN_POINT('Ctrl Pts',(-8.87270331329627,50.,1.54044428295732));
#1897=CARTESIAN_POINT('Ctrl Pts',(-8.86598959457859,50.,1.56670968175573));
#1898=CARTESIAN_POINT('Ctrl Pts',(-8.85915754614935,50.,1.59294668337478));
#1899=CARTESIAN_POINT('Ctrl Pts',(-8.80191079900539,50.,1.81279041151259));
#1900=CARTESIAN_POINT('Ctrl Pts',(-8.73651553072798,50.,2.03004942851123));
#1901=CARTESIAN_POINT('Ctrl Pts',(-8.66314320120614,50.,2.24426847702593));
#1902=CARTESIAN_POINT('Ctrl Pts',(-8.58986639055007,50.,2.45820864710415));
#1903=CARTESIAN_POINT('Ctrl Pts',(-8.50863299196366,50.,2.66911738266763));
#1904=CARTESIAN_POINT('Ctrl Pts',(-8.41956563103453,50.,2.87652196186678));
#1905=CARTESIAN_POINT('Ctrl Pts',(-8.33162183099979,50.,3.08131018786906));
#1906=CARTESIAN_POINT('Ctrl Pts',(-8.23604013093232,50.,3.28268263962642));
#1907=CARTESIAN_POINT('Ctrl Pts',(-8.13289632366937,50.,3.48015698171487));
#1908=CARTESIAN_POINT('Ctrl Pts',(-8.05237964325142,50.,3.63431047783455));
#1909=CARTESIAN_POINT('Ctrl Pts',(-7.96725392857044,50.,3.78608810758224));
#1910=CARTESIAN_POINT('Ctrl Pts',(-7.87753887633901,50.,3.9352455132026));
#1911=CARTESIAN_POINT('Ctrl Pts',(-7.78681248578837,50.,4.08608433789529));
#1912=CARTESIAN_POINT('Ctrl Pts',(-7.69139242542987,50.,4.2342436110973));
#1913=CARTESIAN_POINT('Ctrl Pts',(-7.59142291099647,50.,4.37952601646212));
#1914=CARTESIAN_POINT('Ctrl Pts',(-7.54768624843186,50.,4.44308706880923));
#1915=CARTESIAN_POINT('Ctrl Pts',(-7.50307865708748,50.,4.50609726164988));
#1916=CARTESIAN_POINT('Ctrl Pts',(-7.45761163445841,50.,4.56853905190133));
#1917=CARTESIAN_POINT('Ctrl Pts',(-7.4367965891694,50.,4.59712523627972));
#1918=CARTESIAN_POINT('Ctrl Pts',(-7.41580141490528,50.,4.62559228265417));
#1919=CARTESIAN_POINT('Ctrl Pts',(-7.39462719328953,50.,4.65393846160959));
#1920=CARTESIAN_POINT('Ctrl Pts',(-7.37979416894807,50.,4.6737956053603));
#1921=CARTESIAN_POINT('Ctrl Pts',(-7.36487374402416,50.,4.69359275220835));
#1922=CARTESIAN_POINT('Ctrl Pts',(-7.34987423308618,50.,4.7133190660432));
#1923=CARTESIAN_POINT('Ctrl Pts',(-7.2160741854896,50.,4.88928358521453));
#1924=CARTESIAN_POINT('Ctrl Pts',(-7.07582206711016,50.,5.05983301384412));
#1925=CARTESIAN_POINT('Ctrl Pts',(-6.92948794927137,50.,5.22465959225222));
#1926=CARTESIAN_POINT('Ctrl Pts',(-6.78267615042987,50.,5.39002421692328));
#1927=CARTESIAN_POINT('Ctrl Pts',(-6.62974205432618,50.,5.54962902026762));
#1928=CARTESIAN_POINT('Ctrl Pts',(-6.47102262960559,50.,5.7031262386306));
#1929=CARTESIAN_POINT('Ctrl Pts',(-6.31327807158444,50.,5.85568066548016));
#1930=CARTESIAN_POINT('Ctrl Pts',(-6.14981848546332,50.,6.00220268089561));
#1931=CARTESIAN_POINT('Ctrl Pts',(-5.98094655397372,50.,6.14230831293501));
#1932=CARTESIAN_POINT('Ctrl Pts',(-5.81405210685268,50.,6.280773312959));
#1933=CARTESIAN_POINT('Ctrl Pts',(-5.64187080635873,50.,6.41297162899205));
#1934=CARTESIAN_POINT('Ctrl Pts',(-5.46467525085961,50.,6.53848589516046));
#1935=CARTESIAN_POINT('Ctrl Pts',(-5.28747969536049,50.,6.66400016132888));
#1936=CARTESIAN_POINT('Ctrl Pts',(-5.10526941514721,50.,6.78283077317028));
#1937=CARTESIAN_POINT('Ctrl Pts',(-4.91830465822606,50.,6.89450798018769));
#1938=CARTESIAN_POINT('Ctrl Pts',(-3.70207279419744,44.1765541785683,-7.61699534110814));
#1939=CARTESIAN_POINT('Ctrl Pts',(-4.94075836770396,44.2412591321397,-7.01495950455002));
#1940=CARTESIAN_POINT('Ctrl Pts',(-7.11773195687996,44.3706690392827,-5.19569457678227));
#1941=CARTESIAN_POINT('Ctrl Pts',(-8.72290761268546,44.5647838999971,-1.25277823768444));
#1942=CARTESIAN_POINT('Ctrl Pts',(-8.2924666310936,44.7588987607115,2.98193818783449));
#1943=CARTESIAN_POINT('Ctrl Pts',(-5.9272982794183,44.9530136214258,6.52116033379554));
#1944=CARTESIAN_POINT('Ctrl Pts',(-2.1790615162983,45.1471284821403,8.53869318875186));
#1945=CARTESIAN_POINT('Ctrl Pts',(2.07758014748471,45.3412433428546,8.5639711363914));
#1946=CARTESIAN_POINT('Ctrl Pts',(5.84947924630849,45.5353582035691,6.59101049019266));
#1947=CARTESIAN_POINT('Ctrl Pts',(8.25652630800932,45.7294730642834,3.08019759104983));
#1948=CARTESIAN_POINT('Ctrl Pts',(8.73710055239301,45.9235879249978,-1.14931661648196));
#1949=CARTESIAN_POINT('Ctrl Pts',(7.17906607541165,46.1177027857122,-5.11066064557454));
#1950=CARTESIAN_POINT('Ctrl Pts',(3.94595759542278,46.3118176464266,-7.87954750066104));
#1951=CARTESIAN_POINT('Ctrl Pts',(-0.207852269309928,46.5059325071409,-8.80991734462415));
#1952=CARTESIAN_POINT('Ctrl Pts',(-4.31316429585272,46.7000473678554,-7.6846900653185));
#1953=CARTESIAN_POINT('Ctrl Pts',(-7.41209585807821,46.8941622285697,-4.76641189451658));
#1954=CARTESIAN_POINT('Ctrl Pts',(-8.78158038869134,47.0882770892841,-0.735998031960049));
#1955=CARTESIAN_POINT('Ctrl Pts',(-8.10207932993423,47.2823919499986,3.46614452799963));
#1956=CARTESIAN_POINT('Ctrl Pts',(-5.53213901834895,47.4765068107129,6.8595397458346));
#1957=CARTESIAN_POINT('Ctrl Pts',(-1.67139769847299,47.6706216714273,8.65241445600626));
#1958=CARTESIAN_POINT('Ctrl Pts',(2.57932704186121,47.8647365321417,8.42644184523764));
#1959=CARTESIAN_POINT('Ctrl Pts',(6.22822321625947,48.0588513928561,6.23434659910702));
#1960=CARTESIAN_POINT('Ctrl Pts',(8.42390309847594,48.2529662535705,2.58760726058557));
#1961=CARTESIAN_POINT('Ctrl Pts',(8.65405237889998,48.4470811142848,-1.66289545612906));
#1962=CARTESIAN_POINT('Ctrl Pts',(6.86497396946707,48.6411959749992,-5.52539221534208));
#1963=CARTESIAN_POINT('Ctrl Pts',(3.47410274024012,48.8353108357136,-8.09867588216887));
#1964=CARTESIAN_POINT('Ctrl Pts',(-0.727363138416704,49.029425696428,-8.78228519966883));
#1965=CARTESIAN_POINT('Ctrl Pts',(-4.75913535762237,49.2235405571424,-7.41680710549304));
#1966=CARTESIAN_POINT('Ctrl Pts',(-7.68042514632332,49.4176554178568,-4.32065131150282));
#1967=CARTESIAN_POINT('Ctrl Pts',(-8.80974622488751,49.6117702785712,-0.216660991740318));
#1968=CARTESIAN_POINT('Ctrl Pts',(-7.88327780763927,49.8058851392856,3.93843640963991));
#1969=CARTESIAN_POINT('Ctrl Pts',(-6.03949840839076,49.9352950464285,6.09468695451693));
#1970=CARTESIAN_POINT('Ctrl Pts',(-4.91830465822606,50.,6.89450798018769));
#1971=CARTESIAN_POINT('Ctrl Pts',(-3.90989273841454,44.4510361190455,-8.04458378544457));
#1972=CARTESIAN_POINT('Ctrl Pts',(-5.21811329437526,44.515741072617,-7.40875200241929));
#1973=CARTESIAN_POINT('Ctrl Pts',(-7.51729369984451,44.6451509797599,-5.48736062905668));
#1974=CARTESIAN_POINT('Ctrl Pts',(-9.21257766356091,44.8392658404743,-1.32310432740371));
#1975=CARTESIAN_POINT('Ctrl Pts',(-8.75797340216446,45.0333807011887,3.14933258073404));
#1976=CARTESIAN_POINT('Ctrl Pts',(-6.26003371339399,45.227495561903,6.88723286994998));
#1977=CARTESIAN_POINT('Ctrl Pts',(-2.30138554068609,45.4216104226175,9.01802215952594));
#1978=CARTESIAN_POINT('Ctrl Pts',(2.19420740317606,45.6157252833318,9.04471911266874));
#1979=CARTESIAN_POINT('Ctrl Pts',(6.17784622293098,45.8098401440463,6.96100414200662));
#1980=CARTESIAN_POINT('Ctrl Pts',(8.7200155293577,46.0039550047606,3.2531078840492));
#1981=CARTESIAN_POINT('Ctrl Pts',(9.22756733961112,46.1980698654751,-1.2138347738503));
#1982=CARTESIAN_POINT('Ctrl Pts',(7.58207087684652,46.3921847261894,-5.39755322422416));
#1983=CARTESIAN_POINT('Ctrl Pts',(4.16746828225994,46.5862995869038,-8.32187460039016));
#1984=CARTESIAN_POINT('Ctrl Pts',(-0.219520285962947,46.7804144476182,-9.30447178288015));
#1985=CARTESIAN_POINT('Ctrl Pts',(-4.55528853629669,46.9745293083326,-8.11607862774856));
#1986=CARTESIAN_POINT('Ctrl Pts',(-7.82818204367998,47.168644169047,-5.03397968939808));
#1987=CARTESIAN_POINT('Ctrl Pts',(-9.27454410063573,47.3627590297613,-0.777314094190261));
#1988=CARTESIAN_POINT('Ctrl Pts',(-8.55689849962443,47.5568738904758,3.66072037847625));
#1989=CARTESIAN_POINT('Ctrl Pts',(-5.84269175086046,47.7509887511901,7.24460758393027));
#1990=CARTESIAN_POINT('Ctrl Pts',(-1.76522345387297,47.9451036119045,9.13812729569134));
#1991=CARTESIAN_POINT('Ctrl Pts',(2.72412041350896,48.1392184726189,8.89946946289302));
#1992=CARTESIAN_POINT('Ctrl Pts',(6.57785140385305,48.3333333333333,6.58431852955833));
#1993=CARTESIAN_POINT('Ctrl Pts',(8.8967882007785,48.5274481940477,2.73286545145463));
#1994=CARTESIAN_POINT('Ctrl Pts',(9.13985716519534,48.7215630547621,-1.75624392876668));
#1995=CARTESIAN_POINT('Ctrl Pts',(7.25034686370694,48.9156779154765,-5.83556620861684));
#1996=CARTESIAN_POINT('Ctrl Pts',(3.66912533374851,49.1097927761909,-8.55330399556059));
#1997=CARTESIAN_POINT('Ctrl Pts',(-0.768194471363013,49.3039076369053,-9.2752884769557));
#1998=CARTESIAN_POINT('Ctrl Pts',(-5.0262946760704,49.4980224976197,-7.83315776217071));
#1999=CARTESIAN_POINT('Ctrl Pts',(-8.11157429281616,49.6921373583341,-4.56319584383764));
#2000=CARTESIAN_POINT('Ctrl Pts',(-9.30429105714814,49.8862522190484,-0.228823495753767));
#2001=CARTESIAN_POINT('Ctrl Pts',(-8.32581431226971,50.0803670797629,4.15952488640808));
#2002=CARTESIAN_POINT('Ctrl Pts',(-6.37853232050031,50.2097769869058,6.43681893660375));
#2003=CARTESIAN_POINT('Ctrl Pts',(-5.19439912112192,50.2744819404772,7.28153879873151));
#2004=CARTESIAN_POINT('Ctrl Pts',(-4.11771268263165,44.7255180595228,-8.47217222978099));
#2005=CARTESIAN_POINT('Ctrl Pts',(-5.49546822104656,44.7902230130942,-7.80254450028856));
#2006=CARTESIAN_POINT('Ctrl Pts',(-7.91685544280905,44.9196329202372,-5.77902668133108));
#2007=CARTESIAN_POINT('Ctrl Pts',(-9.70224771443636,45.1137477809515,-1.39343041712298));
#2008=CARTESIAN_POINT('Ctrl Pts',(-9.22348017323531,45.3078626416659,3.3167269736336));
#2009=CARTESIAN_POINT('Ctrl Pts',(-6.59276914736969,45.5019775023803,7.25330540610442));
#2010=CARTESIAN_POINT('Ctrl Pts',(-2.42370956507387,45.6960923630947,9.49735113030004));
#2011=CARTESIAN_POINT('Ctrl Pts',(2.3108346588674,45.8902072238091,9.52546708894607));
#2012=CARTESIAN_POINT('Ctrl Pts',(6.50621319955346,46.0843220845235,7.33099779382059));
#2013=CARTESIAN_POINT('Ctrl Pts',(9.18350475070608,46.2784369452379,3.42601817704856));
#2014=CARTESIAN_POINT('Ctrl Pts',(9.71803412682923,46.4725518059523,-1.27835293121864));
#2015=CARTESIAN_POINT('Ctrl Pts',(7.98507567828139,46.6666666666666,-5.68444580287376));
#2016=CARTESIAN_POINT('Ctrl Pts',(4.38897896909711,46.8607815273811,-8.76420170011929));
#2017=CARTESIAN_POINT('Ctrl Pts',(-0.23118830261597,47.0548963880954,-9.79902622113616));
#2018=CARTESIAN_POINT('Ctrl Pts',(-4.79741277674066,47.2490112488098,-8.54746719017861));
#2019=CARTESIAN_POINT('Ctrl Pts',(-8.24426822928175,47.4431261095242,-5.30154748427958));
#2020=CARTESIAN_POINT('Ctrl Pts',(-9.76750781258011,47.6372409702386,-0.818630156420477));
#2021=CARTESIAN_POINT('Ctrl Pts',(-9.01171766931462,47.831355830953,3.85529622895287));
#2022=CARTESIAN_POINT('Ctrl Pts',(-6.15324448337199,48.0254706916674,7.62967542202594));
#2023=CARTESIAN_POINT('Ctrl Pts',(-1.85904920927294,48.2195855523818,9.62384013537642));
#2024=CARTESIAN_POINT('Ctrl Pts',(2.86891378515672,48.4137004130962,9.3724970805484));
#2025=CARTESIAN_POINT('Ctrl Pts',(6.92747959144663,48.6078152738106,6.93429046000964));
#2026=CARTESIAN_POINT('Ctrl Pts',(9.36967330308107,48.8019301345249,2.87812364232369));
#2027=CARTESIAN_POINT('Ctrl Pts',(9.62566195149069,48.9960449952393,-1.84959240140431));
#2028=CARTESIAN_POINT('Ctrl Pts',(7.63571975794681,49.1901598559537,-6.14574020189158));
#2029=CARTESIAN_POINT('Ctrl Pts',(3.86414792725689,49.3842747166681,-9.00793210895231));
#2030=CARTESIAN_POINT('Ctrl Pts',(-0.809025804309313,49.5783895773825,-9.76829175424258));
#2031=CARTESIAN_POINT('Ctrl Pts',(-5.29345399451842,49.7725044380969,-8.24950841884838));
#2032=CARTESIAN_POINT('Ctrl Pts',(-8.54272343930899,49.9666192988113,-4.80574037617246));
#2033=CARTESIAN_POINT('Ctrl Pts',(-9.79883588940878,50.1607341595257,-0.240985999767213));
#2034=CARTESIAN_POINT('Ctrl Pts',(-8.76835081690014,50.3548490202401,4.38061336317625));
#2035=CARTESIAN_POINT('Ctrl Pts',(-6.71756623260986,50.484258927383,6.77895091869056));
#2036=CARTESIAN_POINT('Ctrl Pts',(-5.47049358401777,50.5489638809545,7.66856961727532));
#2037=CARTESIAN_POINT('Ctrl Pts',(-4.32553262684876,45.,-8.89976067411741));
#2038=CARTESIAN_POINT('Ctrl Pts',(-5.77282314771787,45.0647049535715,-8.19633699815783));
#2039=CARTESIAN_POINT('Ctrl Pts',(-8.31641718577359,45.1941148607144,-6.07069273360548));
#2040=CARTESIAN_POINT('Ctrl Pts',(-10.1919177653118,45.3882297214288,-1.46375650684225));
#2041=CARTESIAN_POINT('Ctrl Pts',(-9.68898694430617,45.5823445821432,3.48412136653316));
#2042=CARTESIAN_POINT('Ctrl Pts',(-6.92550458134538,45.7764594428576,7.61937794225886));
#2043=CARTESIAN_POINT('Ctrl Pts',(-2.54603358946166,45.970574303572,9.97668010107413));
#2044=CARTESIAN_POINT('Ctrl Pts',(2.42746191455875,46.1646891642863,10.0062150652234));
#2045=CARTESIAN_POINT('Ctrl Pts',(6.83458017617595,46.3588040250008,7.70099144563454));
#2046=CARTESIAN_POINT('Ctrl Pts',(9.64699397205446,46.5529188857151,3.59892847004792));
#2047=CARTESIAN_POINT('Ctrl Pts',(10.2085009140473,46.7470337464296,-1.34287108858698));
#2048=CARTESIAN_POINT('Ctrl Pts',(8.38808047971627,46.9411486071439,-5.97133838152338));
#2049=CARTESIAN_POINT('Ctrl Pts',(4.61048965593427,47.1352634678583,-9.20652879984841));
#2050=CARTESIAN_POINT('Ctrl Pts',(-0.242856319268987,47.3293783285726,-10.2935806593922));
#2051=CARTESIAN_POINT('Ctrl Pts',(-5.03953701718464,47.5234931892871,-8.97885575260868));
#2052=CARTESIAN_POINT('Ctrl Pts',(-8.66035441488351,47.7176080500014,-5.56911527916108));
#2053=CARTESIAN_POINT('Ctrl Pts',(-10.2604715245245,47.9117229107158,-0.859946218650689));
#2054=CARTESIAN_POINT('Ctrl Pts',(-9.46653683900481,48.1058377714302,4.04987207942949));
#2055=CARTESIAN_POINT('Ctrl Pts',(-6.46379721588351,48.2999526321446,8.0147432601216));
#2056=CARTESIAN_POINT('Ctrl Pts',(-1.95287496467291,48.494067492859,10.1095529750615));
#2057=CARTESIAN_POINT('Ctrl Pts',(3.01370715680448,48.6881823535734,9.84552469820377));
#2058=CARTESIAN_POINT('Ctrl Pts',(7.27710777904021,48.8822972142878,7.28426239046095));
#2059=CARTESIAN_POINT('Ctrl Pts',(9.84255840538363,49.0764120750022,3.02338183319275));
#2060=CARTESIAN_POINT('Ctrl Pts',(10.1114667377861,49.2705269357165,-1.94294087404193));
#2061=CARTESIAN_POINT('Ctrl Pts',(8.02109265218668,49.4646417964309,-6.45591419516634));
#2062=CARTESIAN_POINT('Ctrl Pts',(4.05917052076527,49.6587566571454,-9.46256022234402));
#2063=CARTESIAN_POINT('Ctrl Pts',(-0.849857137255622,49.8528715178597,-10.2612950315295));
#2064=CARTESIAN_POINT('Ctrl Pts',(-5.56061331296645,50.0469863785741,-8.66585907552604));
#2065=CARTESIAN_POINT('Ctrl Pts',(-8.97387258580183,50.2411012392885,-5.04828490850729));
#2066=CARTESIAN_POINT('Ctrl Pts',(-10.2933807216694,50.4352161000029,-0.253148503780659));
#2067=CARTESIAN_POINT('Ctrl Pts',(-9.21088732153057,50.6293309607173,4.60170183994442));
#2068=CARTESIAN_POINT('Ctrl Pts',(-7.05660014471941,50.7587408678602,7.12108290077738));
#2069=CARTESIAN_POINT('Ctrl Pts',(-5.74658804691362,50.8234458214317,8.05560043581914));
#2070=CARTESIAN_POINT('',(-4.91830465822607,45.,6.89450798018768));
#2071=CARTESIAN_POINT('Ctrl Pts',(-4.91844838588955,45.,6.89437382291581));
#2072=CARTESIAN_POINT('Ctrl Pts',(-5.10808766403435,45.,6.78134191817904));
#2073=CARTESIAN_POINT('Ctrl Pts',(-5.29294560936697,45.,6.66110539787679));
#2074=CARTESIAN_POINT('Ctrl Pts',(-5.47259549585889,45.,6.5339655956823));
#2075=CARTESIAN_POINT('Ctrl Pts',(-5.5670339140516,45.,6.46713069785384));
#2076=CARTESIAN_POINT('Ctrl Pts',(-5.66003308274714,45.,6.39838726418593));
#2077=CARTESIAN_POINT('Ctrl Pts',(-5.7515301102833,45.,6.32777338517459));
#2078=CARTESIAN_POINT('Ctrl Pts',(-5.92410556418523,45.,6.19458630194019));
#2079=CARTESIAN_POINT('Ctrl Pts',(-6.09133862793489,45.,6.05474809925125));
#2080=CARTESIAN_POINT('Ctrl Pts',(-6.25300129496771,45.,5.9087052702631));
#2081=CARTESIAN_POINT('Ctrl Pts',(-6.4162839385237,45.,5.76119898679483));
#2082=CARTESIAN_POINT('Ctrl Pts',(-6.57388448122999,45.,5.6073627150302));
#2083=CARTESIAN_POINT('Ctrl Pts',(-6.72554214483379,45.,5.44760976259146));
#2084=CARTESIAN_POINT('Ctrl Pts',(-6.87769187941703,45.,5.28733847306441));
#2085=CARTESIAN_POINT('Ctrl Pts',(-7.02386060196979,45.,5.12111158541049));
#2086=CARTESIAN_POINT('Ctrl Pts',(-7.16375168526064,45.,4.94930612227745));
#2087=CARTESIAN_POINT('Ctrl Pts',(-7.22403296804019,45.,4.87527242790208));
#2088=CARTESIAN_POINT('Ctrl Pts',(-7.28314810293715,45.,4.8002023904692));
#2089=CARTESIAN_POINT('Ctrl Pts',(-7.34107110028041,45.,4.724124212169));
#2090=CARTESIAN_POINT('Ctrl Pts',(-7.35674283969591,45.,4.70354037776448));
#2091=CARTESIAN_POINT('Ctrl Pts',(-7.37232887806597,45.,4.68288062568602));
#2092=CARTESIAN_POINT('Ctrl Pts',(-7.38782349521543,45.,4.66215245111067));
#2093=CARTESIAN_POINT('Ctrl Pts',(-7.52237257962107,45.,4.48215723834669));
#2094=CARTESIAN_POINT('Ctrl Pts',(-7.64979273870281,45.,4.29732719945139));
#2095=CARTESIAN_POINT('Ctrl Pts',(-7.76985803833133,45.,4.10813693303172));
#2096=CARTESIAN_POINT('Ctrl Pts',(-7.89123577531185,45.,3.91687862219746));
#2097=CARTESIAN_POINT('Ctrl Pts',(-8.00509749580239,45.,3.72116380628232));
#2098=CARTESIAN_POINT('Ctrl Pts',(-8.11118014483192,45.,3.52143846801512));
#2099=CARTESIAN_POINT('Ctrl Pts',(-8.20072494390456,45.,3.3528494909443));
#2100=CARTESIAN_POINT('Ctrl Pts',(-8.28472670584373,45.,3.18140204449689));
#2101=CARTESIAN_POINT('Ctrl Pts',(-8.36300697105669,45.,3.00734374368893));
#2102=CARTESIAN_POINT('Ctrl Pts',(-8.45531694679258,45.,2.80208999958753));
#2103=CARTESIAN_POINT('Ctrl Pts',(-8.53967220672316,45.,2.59320598247802));
#2104=CARTESIAN_POINT('Ctrl Pts',(-8.61603561759825,45.,2.38117599729671));
#2105=CARTESIAN_POINT('Ctrl Pts',(-8.66899759726432,45.,2.23412222330885));
#2106=CARTESIAN_POINT('Ctrl Pts',(-8.71811446083898,45.,2.0855545529484));
#2107=CARTESIAN_POINT('Ctrl Pts',(-8.76336052079292,45.,1.9356283214622));
#2108=CARTESIAN_POINT('Ctrl Pts',(-8.78315567202277,45.,1.87003559518698));
#2109=CARTESIAN_POINT('Ctrl Pts',(-8.80220978324121,45.,1.8041827775599));
#2110=CARTESIAN_POINT('Ctrl Pts',(-8.82052002085267,45.,1.73808265689195));
#2111=CARTESIAN_POINT('Ctrl Pts',(-8.83136613877388,45.,1.69892807470773));
#2112=CARTESIAN_POINT('Ctrl Pts',(-8.84195123710285,45.,1.65968671618036));
#2113=CARTESIAN_POINT('Ctrl Pts',(-8.85227465653257,45.,1.62036122232857));
#2114=CARTESIAN_POINT('Ctrl Pts',(-8.85905486644942,45.,1.59453304541357));
#2115=CARTESIAN_POINT('Ctrl Pts',(-8.86572261446392,45.,1.56866678833755));
#2116=CARTESIAN_POINT('Ctrl Pts',(-8.8722735895469,45.,1.54277986624568));
#2117=CARTESIAN_POINT('Ctrl Pts',(-8.92812425792401,45.,1.3220796067052));
#2118=CARTESIAN_POINT('Ctrl Pts',(-8.97555855479741,45.,1.099626737214));
#2119=CARTESIAN_POINT('Ctrl Pts',(-9.01460908723509,45.,0.875942625914908));
#2120=CARTESIAN_POINT('Ctrl Pts',(-9.0543324923794,45.,0.648404253892468));
#2121=CARTESIAN_POINT('Ctrl Pts',(-9.08538101150151,45.,0.419591287391216));
#2122=CARTESIAN_POINT('Ctrl Pts',(-9.10774378854376,45.,0.190023579087798));
#2123=CARTESIAN_POINT('Ctrl Pts',(-9.13018582619267,45.,-0.0403577882613566));
#2124=CARTESIAN_POINT('Ctrl Pts',(-9.14388064340672,45.,-0.271499910268325));
#2125=CARTESIAN_POINT('Ctrl Pts',(-9.14876862557178,45.,-0.502897018664877));
#2126=CARTESIAN_POINT('Ctrl Pts',(-9.15363310853081,45.,-0.733181674490913));
#2127=CARTESIAN_POINT('Ctrl Pts',(-9.14977537073718,45.,-0.963719543323056));
#2128=CARTESIAN_POINT('Ctrl Pts',(-9.1370861229041,45.,-1.19402156904737));
#2129=CARTESIAN_POINT('Ctrl Pts',(-9.13493130768803,45.,-1.23313013685621));
#2130=CARTESIAN_POINT('Ctrl Pts',(-9.13252169788867,45.,-1.27223191206786));
#2131=CARTESIAN_POINT('Ctrl Pts',(-9.12985660804802,45.,-1.31132450536623));
#2132=CARTESIAN_POINT('Ctrl Pts',(-9.1168461220882,45.,-1.50216746626147));
#2133=CARTESIAN_POINT('Ctrl Pts',(-9.09774894202837,45.,-1.69279180697856));
#2134=CARTESIAN_POINT('Ctrl Pts',(-9.07264843165464,45.,-1.88294271859713));
#2135=CARTESIAN_POINT('Ctrl Pts',(-9.06816894965582,45.,-1.9168773905609));
#2136=CARTESIAN_POINT('Ctrl Pts',(-9.06349755850264,45.,-1.95080109674491));
#2137=CARTESIAN_POINT('Ctrl Pts',(-9.05863879423584,45.,-1.98468470030445));
#2138=CARTESIAN_POINT('Ctrl Pts',(-9.02578477906185,45.,-2.21379901093268));
#2139=CARTESIAN_POINT('Ctrl Pts',(-8.98433956111457,45.,-2.44130980651477));
#2140=CARTESIAN_POINT('Ctrl Pts',(-8.93459065116354,45.,-2.66677057467008));
#2141=CARTESIAN_POINT('Ctrl Pts',(-8.88412188505829,45.,-2.89549371222506));
#2142=CARTESIAN_POINT('Ctrl Pts',(-8.82510735595222,45.,-3.12210765032495));
#2143=CARTESIAN_POINT('Ctrl Pts',(-8.75779427364398,45.,-3.34615477422107));
#2144=CARTESIAN_POINT('Ctrl Pts',(-8.68973789740598,45.,-3.57267590259687));
#2145=CARTESIAN_POINT('Ctrl Pts',(-8.61319862538797,45.,-3.79657386377035));
#2146=CARTESIAN_POINT('Ctrl Pts',(-8.52837890118383,45.,-4.01737503348784));
#2147=CARTESIAN_POINT('Ctrl Pts',(-8.44366211802503,45.,-4.23790822894065));
#2148=CARTESIAN_POINT('Ctrl Pts',(-8.35068480657405,45.,-4.45535280709785));
#2149=CARTESIAN_POINT('Ctrl Pts',(-8.24959788601777,45.,-4.6692263401665));
#2150=CARTESIAN_POINT('Ctrl Pts',(-8.17123035391598,45.,-4.83503157863102));
#2151=CARTESIAN_POINT('Ctrl Pts',(-8.08798782321418,45.,-4.99869046715499));
#2152=CARTESIAN_POINT('Ctrl Pts',(-7.99992048938392,45.,-5.15996999968687));
#2153=CARTESIAN_POINT('Ctrl Pts',(-7.96846565511704,45.,-5.21757388918588));
#2154=CARTESIAN_POINT('Ctrl Pts',(-7.93639516609028,45.,-5.27487416390922));
#2155=CARTESIAN_POINT('Ctrl Pts',(-7.90371078301652,45.,-5.33185990566206));
#2156=CARTESIAN_POINT('Ctrl Pts',(-7.88844499560267,45.,-5.35847604882917));
#2157=CARTESIAN_POINT('Ctrl Pts',(-7.87304461785279,45.,-5.38502461609564));
#2158=CARTESIAN_POINT('Ctrl Pts',(-7.85751889195828,45.,-5.41148927030048));
#2159=CARTESIAN_POINT('Ctrl Pts',(-7.81321752150931,45.,-5.487003964924));
#2160=CARTESIAN_POINT('Ctrl Pts',(-7.76787944650297,45.,-5.56186397012329));
#2161=CARTESIAN_POINT('Ctrl Pts',(-7.72151571652129,45.,-5.63604625255382));
#2162=CARTESIAN_POINT('Ctrl Pts',(-7.59553936488615,45.,-5.83760926959875));
#2163=CARTESIAN_POINT('Ctrl Pts',(-7.46199452707095,45.,-6.03417002012415));
#2164=CARTESIAN_POINT('Ctrl Pts',(-7.3213243550986,45.,-6.22545161368417));
#2165=CARTESIAN_POINT('Ctrl Pts',(-7.17913893501767,45.,-6.41879362324273));
#2166=CARTESIAN_POINT('Ctrl Pts',(-7.02967352480227,45.,-6.60674263892427));
#2167=CARTESIAN_POINT('Ctrl Pts',(-6.87333628083284,45.,-6.78899213155396));
#2168=CARTESIAN_POINT('Ctrl Pts',(-6.78321949384742,45.,-6.89404540157783));
#2169=CARTESIAN_POINT('Ctrl Pts',(-6.69081854051411,45.,-6.99720449153054));
#2170=CARTESIAN_POINT('Ctrl Pts',(-6.59620491299304,45.,-7.09840661993521));
#2171=CARTESIAN_POINT('Ctrl Pts',(-6.53354861318157,45.,-7.16542604477938));
#2172=CARTESIAN_POINT('Ctrl Pts',(-6.46992184065622,45.,-7.23158717431585));
#2173=CARTESIAN_POINT('Ctrl Pts',(-6.40534428755432,45.,-7.29687093002265));
#2174=CARTESIAN_POINT('Ctrl Pts',(-6.37252120658737,45.,-7.33005295530024));
#2175=CARTESIAN_POINT('Ctrl Pts',(-6.33944826577414,45.,-7.36301234705011));
#2176=CARTESIAN_POINT('Ctrl Pts',(-6.30615185349248,45.,-7.39572338059531));
#2177=CARTESIAN_POINT('Ctrl Pts',(-6.13193627190699,45.,-7.56687610675492));
#2178=CARTESIAN_POINT('Ctrl Pts',(-5.95150804514736,45.,-7.73133446205157));
#2179=CARTESIAN_POINT('Ctrl Pts',(-5.7653078800007,45.,-7.88879758299898));
#2180=CARTESIAN_POINT('Ctrl Pts',(-5.57833444393886,45.,-8.04691463275222));
#2181=CARTESIAN_POINT('Ctrl Pts',(-5.38554060904799,45.,-8.19797874116745));
#2182=CARTESIAN_POINT('Ctrl Pts',(-5.18732851414388,45.,-8.34165653199675));
#2183=CARTESIAN_POINT('Ctrl Pts',(-4.98991739431991,45.,-8.48475372086995));
#2184=CARTESIAN_POINT('Ctrl Pts',(-4.78713124493034,45.,-8.62052464557755));
#2185=CARTESIAN_POINT('Ctrl Pts',(-4.57933048061275,45.,-8.74860412752375));
#2186=CARTESIAN_POINT('Ctrl Pts',(-4.49553951792153,45.,-8.80024928450143));
#2187=CARTESIAN_POINT('Ctrl Pts',(-4.41093283695861,45.,-8.85064342423787));
#2188=CARTESIAN_POINT('Ctrl Pts',(-4.32553262684876,45.,-8.89976067411741));
#2189=CARTESIAN_POINT('Ctrl Pts',(-4.91844838588968,45.,6.89437382291571));
#2190=CARTESIAN_POINT('Ctrl Pts',(-4.06806966232423,45.0490428273801,7.49978541250576));
#2191=CARTESIAN_POINT('Ctrl Pts',(-1.83561507101167,45.1627906083316,8.54073273587531));
#2192=CARTESIAN_POINT('Ctrl Pts',(2.07758014748471,45.3412433428546,8.5639711363914));
#2193=CARTESIAN_POINT('Ctrl Pts',(5.84947924630849,45.5353582035691,6.59101049019266));
#2194=CARTESIAN_POINT('Ctrl Pts',(8.25652630800932,45.7294730642834,3.08019759104983));
#2195=CARTESIAN_POINT('Ctrl Pts',(8.73710055239301,45.9235879249978,-1.14931661648196));
#2196=CARTESIAN_POINT('Ctrl Pts',(7.17906607541165,46.1177027857122,-5.11066064557454));
#2197=CARTESIAN_POINT('Ctrl Pts',(3.94595759542278,46.3118176464266,-7.87954750066104));
#2198=CARTESIAN_POINT('Ctrl Pts',(-0.207852269309928,46.5059325071409,-8.80991734462415));
#2199=CARTESIAN_POINT('Ctrl Pts',(-4.31316429585272,46.7000473678554,-7.6846900653185));
#2200=CARTESIAN_POINT('Ctrl Pts',(-7.41209585807821,46.8941622285697,-4.76641189451658));
#2201=CARTESIAN_POINT('Ctrl Pts',(-8.40332528588095,47.0346620721333,-1.84920856911537));
#2202=CARTESIAN_POINT('Ctrl Pts',(-8.46947048358549,47.1104569621255,-0.236203319460096));
#2203=CARTESIAN_POINT('Ctrl Pts',(-8.46924995200946,47.1215468985462,-0.000178275982873032));
#2204=CARTESIAN_POINT('Origin',(0.,40.3784531014538,0.));
#2205=CARTESIAN_POINT('',(4.91830465822575,45.,6.89450798018791));
#2206=CARTESIAN_POINT('Origin',(0.,45.,0.));
#2207=CARTESIAN_POINT('Ctrl Pts',(4.91830465822575,45.,6.89450798018791));
#2208=CARTESIAN_POINT('Ctrl Pts',(6.03949840839049,45.0647049535715,6.0946869545172));
#2209=CARTESIAN_POINT('Ctrl Pts',(7.88327917609118,45.1941148607144,3.93843858811466));
#2210=CARTESIAN_POINT('Ctrl Pts',(8.80974601044182,45.3882297214288,-0.216661146230185));
#2211=CARTESIAN_POINT('Ctrl Pts',(7.68042520033445,45.5823445821432,-4.320650891793));
#2212=CARTESIAN_POINT('Ctrl Pts',(4.75913523559369,45.7764594428576,-7.41680710665755));
#2213=CARTESIAN_POINT('Ctrl Pts',(0.72736315247185,45.9705743035719,-8.78228498029402));
#2214=CARTESIAN_POINT('Ctrl Pts',(-3.47410269314009,46.1646891642863,-8.09867578623144));
#2215=CARTESIAN_POINT('Ctrl Pts',(-6.8649738529164,46.3588040250007,-5.52539210599835));
#2216=CARTESIAN_POINT('Ctrl Pts',(-8.28974891182781,46.5133920040566,-2.44940116052627));
#2217=CARTESIAN_POINT('Ctrl Pts',(-8.46876143090887,46.6032750295409,-0.536122637066854));
#2218=CARTESIAN_POINT('Ctrl Pts',(-8.46847678331526,46.6284531014538,-0.00012155196812004));
#2219=CARTESIAN_POINT('Ctrl Pts',(5.74658804691326,44.1765541785683,8.0556004358194));
#2220=CARTESIAN_POINT('Ctrl Pts',(7.05660014471909,44.2412591321397,7.1210829007777));
#2221=CARTESIAN_POINT('Ctrl Pts',(9.21088892044116,44.3706690392827,4.60170438529243));
#2222=CARTESIAN_POINT('Ctrl Pts',(10.2933804711093,44.5647838999971,-0.2531486842879));
#2223=CARTESIAN_POINT('Ctrl Pts',(8.9738726489089,44.7588987607115,-5.04828441811486));
#2224=CARTESIAN_POINT('Ctrl Pts',(5.56061317038711,44.9530136214258,-8.66585907688667));
#2225=CARTESIAN_POINT('Ctrl Pts',(0.849857153677776,45.1471284821402,-10.2612947752101));
#2226=CARTESIAN_POINT('Ctrl Pts',(-4.05917046573321,45.3412433428546,-9.46256011024993));
#2227=CARTESIAN_POINT('Ctrl Pts',(-8.0210925160079,45.535358203569,-6.45591406740822));
#2228=CARTESIAN_POINT('Ctrl Pts',(-10.1114665745737,45.7294730642834,-1.94294085343933));
#2229=CARTESIAN_POINT('Ctrl Pts',(-9.84255824365887,45.9235879249978,3.0233817894114));
#2230=CARTESIAN_POINT('Ctrl Pts',(-7.27710766043798,46.1177027857122,7.28426226858281));
#2231=CARTESIAN_POINT('Ctrl Pts',(-3.01370710741562,46.3118176464266,9.84552453868679));
#2232=CARTESIAN_POINT('Ctrl Pts',(1.95287493270623,46.505932507141,10.1095528091336));
#2233=CARTESIAN_POINT('Ctrl Pts',(6.46379711024815,46.7000473678553,8.01474312945143));
#2234=CARTESIAN_POINT('Ctrl Pts',(9.46653668427956,46.8941622285698,4.04987201310551));
#2235=CARTESIAN_POINT('Ctrl Pts',(10.2604713568091,47.0882770892841,-0.85994620459377));
#2236=CARTESIAN_POINT('Ctrl Pts',(8.66035427335714,47.2823919499985,-5.56911518800702));
#2237=CARTESIAN_POINT('Ctrl Pts',(5.03953693477429,47.4765068107129,-8.97885560617759));
#2238=CARTESIAN_POINT('Ctrl Pts',(0.242856315368489,47.6706216714273,-10.2935804904581));
#2239=CARTESIAN_POINT('Ctrl Pts',(-4.61048958068143,47.8647365321417,-9.20652865077816));
#2240=CARTESIAN_POINT('Ctrl Pts',(-8.38808034248105,48.0588513928561,-5.97133828108802));
#2241=CARTESIAN_POINT('Ctrl Pts',(-10.2085007472911,48.2529662535704,-1.34287107233696));
#2242=CARTESIAN_POINT('Ctrl Pts',(-9.64699381454873,48.4470811142849,3.59892842256464));
#2243=CARTESIAN_POINT('Ctrl Pts',(-6.83458006316344,48.6411959749992,7.70099129699067));
#2244=CARTESIAN_POINT('Ctrl Pts',(-2.42746187895378,48.8353108357137,10.0062149455326));
#2245=CARTESIAN_POINT('Ctrl Pts',(2.5460335629885,49.029425696428,9.97667984559732));
#2246=CARTESIAN_POINT('Ctrl Pts',(6.92550444098097,49.2235405571424,7.61937796733397));
#2247=CARTESIAN_POINT('Ctrl Pts',(9.68898692490482,49.4176554178568,3.48412087247845));
#2248=CARTESIAN_POINT('Ctrl Pts',(10.1919175482934,49.6117702785712,-1.46375628714569));
#2249=CARTESIAN_POINT('Ctrl Pts',(8.31641833869553,49.8058851392856,-6.07069550958818));
#2250=CARTESIAN_POINT('Ctrl Pts',(5.77282314771817,49.9352950464285,-8.19633699815761));
#2251=CARTESIAN_POINT('Ctrl Pts',(4.3255326268491,50.,-8.89976067411725));
#2252=CARTESIAN_POINT('Ctrl Pts',(5.47049358401742,44.4510361190455,7.66856961727557));
#2253=CARTESIAN_POINT('Ctrl Pts',(6.71756623260956,44.515741072617,6.77895091869087));
#2254=CARTESIAN_POINT('Ctrl Pts',(8.76835233899117,44.6451509797599,4.38061578623317));
#2255=CARTESIAN_POINT('Ctrl Pts',(9.79883565088678,44.8392658404743,-0.240986171601993));
#2256=CARTESIAN_POINT('Ctrl Pts',(8.54272349938409,45.0333807011887,-4.80573990934091));
#2257=CARTESIAN_POINT('Ctrl Pts',(5.2934538587893,45.2274955619031,-8.24950842014362));
#2258=CARTESIAN_POINT('Ctrl Pts',(0.809025819942467,45.4216104226175,-9.76829151023809));
#2259=CARTESIAN_POINT('Ctrl Pts',(-3.86414787486884,45.6157252833319,-9.00793200224377));
#2260=CARTESIAN_POINT('Ctrl Pts',(-7.63571962831074,45.8098401440463,-6.14574008027159));
#2261=CARTESIAN_POINT('Ctrl Pts',(-9.62566179611989,46.0039550047606,-1.84959238179156));
#2262=CARTESIAN_POINT('Ctrl Pts',(-9.36967314912636,46.198069865475,2.87812360064581));
#2263=CARTESIAN_POINT('Ctrl Pts',(-6.92747947854264,46.3921847261894,6.93429034398712));
#2264=CARTESIAN_POINT('Ctrl Pts',(-2.86891373814075,46.5862995869038,9.37249692869539));
#2265=CARTESIAN_POINT('Ctrl Pts',(1.8590491788421,46.7804144476182,9.62383997742056));
#2266=CARTESIAN_POINT('Ctrl Pts',(6.15324438281187,46.9745293083326,7.6296752976338));
#2267=CARTESIAN_POINT('Ctrl Pts',(9.01171752202313,47.168644169047,3.85529616581542));
#2268=CARTESIAN_POINT('Ctrl Pts',(9.76750765292257,47.3627590297614,-0.818630143038919));
#2269=CARTESIAN_POINT('Ctrl Pts',(8.244268094555,47.5568738904758,-5.30154739750501));
#2270=CARTESIAN_POINT('Ctrl Pts',(4.79741269828972,47.7509887511901,-8.5474670507828));
#2271=CARTESIAN_POINT('Ctrl Pts',(0.231188298902868,47.9451036119045,-9.79902606031855));
#2272=CARTESIAN_POINT('Ctrl Pts',(-4.38897889745979,48.1392184726189,-8.76420155821111));
#2273=CARTESIAN_POINT('Ctrl Pts',(-7.98507554763963,48.3333333333333,-5.68444570726382));
#2274=CARTESIAN_POINT('Ctrl Pts',(-9.71803396808476,48.5274481940477,-1.27835291574935));
#2275=CARTESIAN_POINT('Ctrl Pts',(-9.18350460076771,48.7215630547621,3.42601813184661));
#2276=CARTESIAN_POINT('Ctrl Pts',(-6.50621309197064,48.9156779154765,7.33099765231829));
#2277=CARTESIAN_POINT('Ctrl Pts',(-2.31083462497307,49.1097927761909,9.52546697500582));
#2278=CARTESIAN_POINT('Ctrl Pts',(2.42370953987262,49.3039076369053,9.49735088709759));
#2279=CARTESIAN_POINT('Ctrl Pts',(6.59276901374908,49.4980224976197,7.2533054299748));
#2280=CARTESIAN_POINT('Ctrl Pts',(9.2234801547661,49.6921373583341,3.31672650331572));
#2281=CARTESIAN_POINT('Ctrl Pts',(9.70224750784463,49.8862522190484,-1.39343020798172));
#2282=CARTESIAN_POINT('Ctrl Pts',(7.91685654033892,50.0803670797629,-5.77902932394187));
#2283=CARTESIAN_POINT('Ctrl Pts',(5.49546822104686,50.2097769869058,-7.80254450028835));
#2284=CARTESIAN_POINT('Ctrl Pts',(4.11771268263198,50.2744819404772,-8.47217222978083));
#2285=CARTESIAN_POINT('Ctrl Pts',(5.19439912112159,44.7255180595228,7.28153879873174));
#2286=CARTESIAN_POINT('Ctrl Pts',(6.37853232050003,44.7902230130942,6.43681893660403));
#2287=CARTESIAN_POINT('Ctrl Pts',(8.32581575754117,44.9196329202371,4.15952718717392));
#2288=CARTESIAN_POINT('Ctrl Pts',(9.3042908306643,45.1137477809515,-0.228823658916089));
#2289=CARTESIAN_POINT('Ctrl Pts',(8.11157434985927,45.3078626416659,-4.56319540056696));
#2290=CARTESIAN_POINT('Ctrl Pts',(5.0262945471915,45.5019775023803,-7.83315776340059));
#2291=CARTESIAN_POINT('Ctrl Pts',(0.76819448620716,45.6960923630947,-9.27528824526605));
#2292=CARTESIAN_POINT('Ctrl Pts',(-3.66912528400447,45.8902072238091,-8.55330389423761));
#2293=CARTESIAN_POINT('Ctrl Pts',(-7.25034674061357,46.0843220845235,-5.83556609313497));
#2294=CARTESIAN_POINT('Ctrl Pts',(-9.13985701766606,46.2784369452379,-1.75624391014379));
#2295=CARTESIAN_POINT('Ctrl Pts',(-8.89678805459385,46.4725518059523,2.73286541188023));
#2296=CARTESIAN_POINT('Ctrl Pts',(-6.57785129664729,46.6666666666666,6.58431841939144));
#2297=CARTESIAN_POINT('Ctrl Pts',(-2.72412036886588,46.8607815273811,8.89946931870399));
#2298=CARTESIAN_POINT('Ctrl Pts',(1.76522342497796,47.0548963880955,9.13812714570747));
#2299=CARTESIAN_POINT('Ctrl Pts',(5.84269165537559,47.2490112488098,7.24460746581617));
#2300=CARTESIAN_POINT('Ctrl Pts',(8.55689835976671,47.4431261095242,3.66072031852533));
#2301=CARTESIAN_POINT('Ctrl Pts',(9.27454394903606,47.6372409702386,-0.777314081484072));
#2302=CARTESIAN_POINT('Ctrl Pts',(7.82818191575286,47.831355830953,-5.03397960700301));
#2303=CARTESIAN_POINT('Ctrl Pts',(4.55528846180515,48.0254706916674,-8.11607849538801));
#2304=CARTESIAN_POINT('Ctrl Pts',(0.219520282437246,48.2195855523818,-9.30447163017898));
#2305=CARTESIAN_POINT('Ctrl Pts',(-4.16746821423815,48.4137004130962,-8.32187446564405));
#2306=CARTESIAN_POINT('Ctrl Pts',(-7.58207075279822,48.6078152738106,-5.39755313343962));
#2307=CARTESIAN_POINT('Ctrl Pts',(-9.22756718887844,48.801930134525,-1.21383475916175));
#2308=CARTESIAN_POINT('Ctrl Pts',(-8.72001538698668,48.9960449952393,3.25310784112858));
#2309=CARTESIAN_POINT('Ctrl Pts',(-6.17784612077783,49.1901598559537,6.96100400764592));
#2310=CARTESIAN_POINT('Ctrl Pts',(-2.19420737099236,49.3842747166681,9.04471900447902));
#2311=CARTESIAN_POINT('Ctrl Pts',(2.30138551675673,49.5783895773825,9.01802192859787));
#2312=CARTESIAN_POINT('Ctrl Pts',(6.2600335865172,49.7725044380969,6.88723289261563));
#2313=CARTESIAN_POINT('Ctrl Pts',(8.75797338462738,49.9666192988113,3.149332134153));
#2314=CARTESIAN_POINT('Ctrl Pts',(9.21257746739581,50.1607341595257,-1.32310412881777));
#2315=CARTESIAN_POINT('Ctrl Pts',(7.51729474198233,50.3548490202401,-5.48736313829555));
#2316=CARTESIAN_POINT('Ctrl Pts',(5.21811329437554,50.484258927383,-7.40875200241909));
#2317=CARTESIAN_POINT('Ctrl Pts',(3.90989273841485,50.5489638809545,-8.04458378544442));
#2318=CARTESIAN_POINT('Ctrl Pts',(4.91830465822575,45.,6.89450798018791));
#2319=CARTESIAN_POINT('Ctrl Pts',(6.03949840839049,45.0647049535715,6.0946869545172));
#2320=CARTESIAN_POINT('Ctrl Pts',(7.88327917609118,45.1941148607144,3.93843858811466));
#2321=CARTESIAN_POINT('Ctrl Pts',(8.80974601044182,45.3882297214288,-0.216661146230185));
#2322=CARTESIAN_POINT('Ctrl Pts',(7.68042520033445,45.5823445821432,-4.320650891793));
#2323=CARTESIAN_POINT('Ctrl Pts',(4.75913523559369,45.7764594428576,-7.41680710665755));
#2324=CARTESIAN_POINT('Ctrl Pts',(0.72736315247185,45.9705743035719,-8.78228498029402));
#2325=CARTESIAN_POINT('Ctrl Pts',(-3.47410269314009,46.1646891642863,-8.09867578623144));
#2326=CARTESIAN_POINT('Ctrl Pts',(-6.8649738529164,46.3588040250007,-5.52539210599835));
#2327=CARTESIAN_POINT('Ctrl Pts',(-8.65405223921223,46.5529188857151,-1.66289543849601));
#2328=CARTESIAN_POINT('Ctrl Pts',(-8.42390296006134,46.7470337464295,2.58760722311464));
#2329=CARTESIAN_POINT('Ctrl Pts',(-6.22822311475195,46.9411486071439,6.23434649479577));
#2330=CARTESIAN_POINT('Ctrl Pts',(-2.57932699959101,47.1352634678582,8.4264417087126));
#2331=CARTESIAN_POINT('Ctrl Pts',(1.67139767111382,47.3293783285727,8.65241431399438));
#2332=CARTESIAN_POINT('Ctrl Pts',(5.53213892793932,47.523493189287,6.85953963399854));
#2333=CARTESIAN_POINT('Ctrl Pts',(8.10207919751028,47.7176080500015,3.46614447123524));
#2334=CARTESIAN_POINT('Ctrl Pts',(8.78158024514955,47.9117229107158,-0.735998019929223));
#2335=CARTESIAN_POINT('Ctrl Pts',(7.41209573695072,48.1058377714303,-4.766411816501));
#2336=CARTESIAN_POINT('Ctrl Pts',(4.31316422532058,48.2999526321446,-7.68468993999323));
#2337=CARTESIAN_POINT('Ctrl Pts',(0.207852265971626,48.494067492859,-8.8099172000394));
#2338=CARTESIAN_POINT('Ctrl Pts',(-3.9459575310165,48.6881823535734,-7.87954737307701));
#2339=CARTESIAN_POINT('Ctrl Pts',(-7.1790659579568,48.8822972142878,-5.11066055961542));
#2340=CARTESIAN_POINT('Ctrl Pts',(-8.73710040967212,49.0764120750022,-1.14931660257414));
#2341=CARTESIAN_POINT('Ctrl Pts',(-8.25652617320565,49.2705269357166,3.08019755041054));
#2342=CARTESIAN_POINT('Ctrl Pts',(-5.84947914958502,49.4646417964309,6.59101036297355));
#2343=CARTESIAN_POINT('Ctrl Pts',(-2.07758011701165,49.6587566571454,8.56397103395222));
#2344=CARTESIAN_POINT('Ctrl Pts',(2.17906149364085,49.8528715178597,8.53869297009815));
#2345=CARTESIAN_POINT('Ctrl Pts',(5.9272981592853,50.0469863785742,6.52116035525645));
#2346=CARTESIAN_POINT('Ctrl Pts',(8.29246661448866,50.2411012392885,2.98193776499027));
#2347=CARTESIAN_POINT('Ctrl Pts',(8.72290742694699,50.4352161000029,-1.25277804965381));
#2348=CARTESIAN_POINT('Ctrl Pts',(7.11773294362573,50.6293309607173,-5.19569695264923));
#2349=CARTESIAN_POINT('Ctrl Pts',(4.94075836770422,50.7587408678602,-7.01495950454984));
#2350=CARTESIAN_POINT('Ctrl Pts',(3.70207279419773,50.8234458214317,-7.616995341108));
#2351=CARTESIAN_POINT('Ctrl Pts',(4.32572423047433,45.,-8.89963394902153));
#2352=CARTESIAN_POINT('Ctrl Pts',(4.53720008077929,45.,-8.77827149125552));
#2353=CARTESIAN_POINT('Ctrl Pts',(4.7437576903938,45.,-8.64933776549215));
#2354=CARTESIAN_POINT('Ctrl Pts',(4.94495372315922,45.,-8.51302795468436));
#2355=CARTESIAN_POINT('Ctrl Pts',(5.06539410379991,45.,-8.43142989694388));
#2356=CARTESIAN_POINT('Ctrl Pts',(5.18391271170772,45.,-8.34718774769347));
#2357=CARTESIAN_POINT('Ctrl Pts',(5.30040939966264,45.,-8.26033598546869));
#2358=CARTESIAN_POINT('Ctrl Pts',(5.49549397850435,45.,-8.11489460208929));
#2359=CARTESIAN_POINT('Ctrl Pts',(5.68491072355843,45.,-7.96213698537704));
#2360=CARTESIAN_POINT('Ctrl Pts',(5.86833672996025,45.,-7.8024692030977));
#2361=CARTESIAN_POINT('Ctrl Pts',(6.05163505143758,45.,-7.64291256737344));
#2362=CARTESIAN_POINT('Ctrl Pts',(6.22895135963277,45.,-7.47645481994778));
#2363=CARTESIAN_POINT('Ctrl Pts',(6.39992199655064,45.,-7.30346992802255));
#2364=CARTESIAN_POINT('Ctrl Pts',(6.56950989095901,45.,-7.13188406910018));
#2365=CARTESIAN_POINT('Ctrl Pts',(6.73285466286525,45.,-6.95387565250293));
#2366=CARTESIAN_POINT('Ctrl Pts',(6.88955543176802,45.,-6.76978733433466));
#2367=CARTESIAN_POINT('Ctrl Pts',(6.95810733366817,45.,-6.68925419836859));
#2368=CARTESIAN_POINT('Ctrl Pts',(7.02538708096301,45.,-6.60755725124286));
#2369=CARTESIAN_POINT('Ctrl Pts',(7.09135806883794,45.,-6.52472423930752));
#2370=CARTESIAN_POINT('Ctrl Pts',(7.11204195339534,45.,-6.49875360416014));
#2371=CARTESIAN_POINT('Ctrl Pts',(7.13259717119555,45.,-6.47267128925608));
#2372=CARTESIAN_POINT('Ctrl Pts',(7.15302255438252,45.,-6.44647814114285));
#2373=CARTESIAN_POINT('Ctrl Pts',(7.16926812412276,45.,-6.42564511145158));
#2374=CARTESIAN_POINT('Ctrl Pts',(7.18543139765317,45.,-6.40474211468259));
#2375=CARTESIAN_POINT('Ctrl Pts',(7.2015033412856,45.,-6.38378077639621));
#2376=CARTESIAN_POINT('Ctrl Pts',(7.34699733131288,45.,-6.19402471369812));
#2377=CARTESIAN_POINT('Ctrl Pts',(7.48519047694887,45.,-5.99926014189354));
#2378=CARTESIAN_POINT('Ctrl Pts',(7.61578959392371,45.,-5.79987922064629));
#2379=CARTESIAN_POINT('Ctrl Pts',(7.7456425142939,45.,-5.6016374906119));
#2380=CARTESIAN_POINT('Ctrl Pts',(7.86798824967779,45.,-5.39883144111852));
#2381=CARTESIAN_POINT('Ctrl Pts',(7.9824947259051,45.,-5.1918203382631));
#2382=CARTESIAN_POINT('Ctrl Pts',(8.08121256187279,45.,-5.01335280726856));
#2383=CARTESIAN_POINT('Ctrl Pts',(8.17410335334182,45.,-4.83175928768986));
#2384=CARTESIAN_POINT('Ctrl Pts',(8.26092519433883,45.,-4.64725898662009));
#2385=CARTESIAN_POINT('Ctrl Pts',(8.36219161296124,45.,-4.43206331109028));
#2386=CARTESIAN_POINT('Ctrl Pts',(8.45520276629434,45.,-4.21291276147568));
#2387=CARTESIAN_POINT('Ctrl Pts',(8.53981040856658,45.,-3.99030525416064));
#2388=CARTESIAN_POINT('Ctrl Pts',(8.59665735341837,45.,-3.84073771685459));
#2389=CARTESIAN_POINT('Ctrl Pts',(8.64970960699275,45.,-3.68960940383798));
#2390=CARTESIAN_POINT('Ctrl Pts',(8.69890895412056,45.,-3.53707128039485));
#2391=CARTESIAN_POINT('Ctrl Pts',(8.72270044824481,45.,-3.46330790588921));
#2392=CARTESIAN_POINT('Ctrl Pts',(8.74559080574173,45.,-3.3892148678861));
#2393=CARTESIAN_POINT('Ctrl Pts',(8.7675725338815,45.,-3.31480934982417));
#2394=CARTESIAN_POINT('Ctrl Pts',(8.77949150735313,45.,-3.27446505158319));
#2395=CARTESIAN_POINT('Ctrl Pts',(8.79114332934598,45.,-3.23402888447453));
#2396=CARTESIAN_POINT('Ctrl Pts',(8.8025267317107,45.,-3.1935036021721));
#2397=CARTESIAN_POINT('Ctrl Pts',(8.81133430920196,45.,-3.16214834011619));
#2398=CARTESIAN_POINT('Ctrl Pts',(8.81998193988626,45.,-3.13073677160126));
#2399=CARTESIAN_POINT('Ctrl Pts',(8.82846273309912,45.,-3.09929408851133));
#2400=CARTESIAN_POINT('Ctrl Pts',(8.89170464001909,45.,-2.8648236578123));
#2401=CARTESIAN_POINT('Ctrl Pts',(8.94575069035005,45.,-2.62835790463321));
#2402=CARTESIAN_POINT('Ctrl Pts',(8.99053207496929,45.,-2.39044371599531));
#2403=CARTESIAN_POINT('Ctrl Pts',(9.03364530193902,45.,-2.16139210222143));
#2404=CARTESIAN_POINT('Ctrl Pts',(9.06817097102272,45.,-1.93099719325438));
#2405=CARTESIAN_POINT('Ctrl Pts',(9.09399530006495,45.,-1.69973979136219));
#2406=CARTESIAN_POINT('Ctrl Pts',(9.11965031028529,45.,-1.4699986430298));
#2407=CARTESIAN_POINT('Ctrl Pts',(9.13671771662914,45.,-1.23940563245482));
#2408=CARTESIAN_POINT('Ctrl Pts',(9.14503481417138,45.,-1.00843512538746));
#2409=CARTESIAN_POINT('Ctrl Pts',(9.15322115216552,45.,-0.781095884993957));
#2410=CARTESIAN_POINT('Ctrl Pts',(9.15293009506108,45.,-0.553390358718681));
#2411=CARTESIAN_POINT('Ctrl Pts',(9.14395731064666,45.,-0.325782663116329));
#2412=CARTESIAN_POINT('Ctrl Pts',(9.14262850170696,45.,-0.292075496344971));
#2413=CARTESIAN_POINT('Ctrl Pts',(9.14110920019023,45.,-0.258370505321425));
#2414=CARTESIAN_POINT('Ctrl Pts',(9.13939865006831,45.,-0.224669231435872));
#2415=CARTESIAN_POINT('Ctrl Pts',(9.13012297708699,45.,-0.0419198389384713));
#2416=CARTESIAN_POINT('Ctrl Pts',(9.11522503821911,45.,0.14072108681428));
#2417=CARTESIAN_POINT('Ctrl Pts',(9.09473363660735,45.,0.322996905220999));
#2418=CARTESIAN_POINT('Ctrl Pts',(9.09164692830403,45.,0.350453898784973));
#2419=CARTESIAN_POINT('Ctrl Pts',(9.08843307014533,45.,0.377904216033525));
#2420=CARTESIAN_POINT('Ctrl Pts',(9.08509274902241,45.,0.405341867768496));
#2421=CARTESIAN_POINT('Ctrl Pts',(9.05757406505959,45.,0.631382430633727));
#2422=CARTESIAN_POINT('Ctrl Pts',(9.02155082630274,45.,0.8559633865654));
#2423=CARTESIAN_POINT('Ctrl Pts',(8.97721704840652,45.,1.07862945770795));
#2424=CARTESIAN_POINT('Ctrl Pts',(8.93261920343414,45.,1.30262180378482));
#2425=CARTESIAN_POINT('Ctrl Pts',(8.87961130051142,45.,1.52467704175065));
#2426=CARTESIAN_POINT('Ctrl Pts',(8.81833974637923,45.,1.74431927113137));
#2427=CARTESIAN_POINT('Ctrl Pts',(8.75742672734993,45.,1.96267624750314));
#2428=CARTESIAN_POINT('Ctrl Pts',(8.68834618240698,45.,2.17864897606736));
#2429=CARTESIAN_POINT('Ctrl Pts',(8.61119569625253,45.,2.39174822053491));
#2430=CARTESIAN_POINT('Ctrl Pts',(8.53482738754564,45.,2.60268699354697));
#2431=CARTESIAN_POINT('Ctrl Pts',(8.45055163369256,45.,2.81081079317698));
#2432=CARTESIAN_POINT('Ctrl Pts',(8.35842217426372,45.,3.01561538382729));
#2433=CARTESIAN_POINT('Ctrl Pts',(8.28753426787271,45.,3.17319981708538));
#2434=CARTESIAN_POINT('Ctrl Pts',(8.21199584704275,45.,3.32881864220737));
#2435=CARTESIAN_POINT('Ctrl Pts',(8.13181628415644,45.,3.48222695383455));
#2436=CARTESIAN_POINT('Ctrl Pts',(8.0993237733946,45.,3.54439518021375));
#2437=CARTESIAN_POINT('Ctrl Pts',(8.06606892700961,45.,3.60620021819093));
#2438=CARTESIAN_POINT('Ctrl Pts',(8.03205179306798,45.,3.66762504989399));
#2439=CARTESIAN_POINT('Ctrl Pts',(8.01861917136475,45.,3.69188037160532));
#2440=CARTESIAN_POINT('Ctrl Pts',(8.00506802565308,45.,3.71607569903615));
#2441=CARTESIAN_POINT('Ctrl Pts',(7.99140494406997,45.,3.74019861583174));
#2442=CARTESIAN_POINT('Ctrl Pts',(7.954286843999,45.,3.80573264885172));
#2443=CARTESIAN_POINT('Ctrl Pts',(7.91633035409155,45.,3.87075466021892));
#2444=CARTESIAN_POINT('Ctrl Pts',(7.87753966913352,45.,3.93524680765856));
#2445=CARTESIAN_POINT('Ctrl Pts',(7.76193465756903,45.,4.12744798839675));
#2446=CARTESIAN_POINT('Ctrl Pts',(7.63892347026305,45.,4.31494561075607));
#2447=CARTESIAN_POINT('Ctrl Pts',(7.50887120863908,45.,4.49739270928649));
#2448=CARTESIAN_POINT('Ctrl Pts',(7.37879294464931,45.,4.67987628589223));
#2449=CARTESIAN_POINT('Ctrl Pts',(7.24167024941347,45.,4.85730777140775));
#2450=CARTESIAN_POINT('Ctrl Pts',(7.09783316402638,45.,5.02930179609914));
#2451=CARTESIAN_POINT('Ctrl Pts',(7.02081476546183,45.,5.1213969905252));
#2452=CARTESIAN_POINT('Ctrl Pts',(6.94187071255061,45.,5.21193250309575));
#2453=CARTESIAN_POINT('Ctrl Pts',(6.86104833276023,45.,5.30084398271182));
#2454=CARTESIAN_POINT('Ctrl Pts',(6.80964955872099,45.,5.35738699792782));
#2455=CARTESIAN_POINT('Ctrl Pts',(6.75749109105661,45.,5.4132731320621));
#2456=CARTESIAN_POINT('Ctrl Pts',(6.70458469660652,45.,5.46848500091397));
#2457=CARTESIAN_POINT('Ctrl Pts',(6.67608423266968,45.,5.49822741472716));
#2458=CARTESIAN_POINT('Ctrl Pts',(6.6473634914492,45.,5.52777732149824));
#2459=CARTESIAN_POINT('Ctrl Pts',(6.61844474043241,45.,5.55711147688668));
#2460=CARTESIAN_POINT('Ctrl Pts',(6.46336228884445,45.,5.71442161556659));
#2461=CARTESIAN_POINT('Ctrl Pts',(6.30248733943361,45.,5.86563803038862));
#2462=CARTESIAN_POINT('Ctrl Pts',(6.13615501528826,45.,6.01040908229138));
#2463=CARTESIAN_POINT('Ctrl Pts',(5.9708428792477,45.,6.15429219070012));
#2464=CARTESIAN_POINT('Ctrl Pts',(5.80013956192607,45.,6.29180912897664));
#2465=CARTESIAN_POINT('Ctrl Pts',(5.62434758681219,45.,6.42257083706617));
#2466=CARTESIAN_POINT('Ctrl Pts',(5.45141071777549,45.,6.55120879322));
#2467=CARTESIAN_POINT('Ctrl Pts',(5.27354861862496,45.,6.67330942495468));
#2468=CARTESIAN_POINT('Ctrl Pts',(5.09103156727162,45.,6.78845522656403));
#2469=CARTESIAN_POINT('Ctrl Pts',(5.03390930374484,45.,6.82449234624551));
#2470=CARTESIAN_POINT('Ctrl Pts',(4.97633098657697,45.,6.85984787423826));
#2471=CARTESIAN_POINT('Ctrl Pts',(4.91830465822575,45.,6.89450798018791));
#2472=CARTESIAN_POINT('Origin',(0.,45.,0.));
#2473=CARTESIAN_POINT('Origin',(0.,80.,0.));
#2474=UNCERTAINTY_MEASURE_WITH_UNIT(LENGTH_MEASURE(0.01),#2478,
'DISTANCE_ACCURACY_VALUE',
'Maximum model space distance between geometric entities at asserted c
onnectivities');
#2475=UNCERTAINTY_MEASURE_WITH_UNIT(LENGTH_MEASURE(0.01),#2478,
'DISTANCE_ACCURACY_VALUE',
'Maximum model space distance between geometric entities at asserted c
onnectivities');
#2476=(
GEOMETRIC_REPRESENTATION_CONTEXT(3)
GLOBAL_UNCERTAINTY_ASSIGNED_CONTEXT((#2474))
GLOBAL_UNIT_ASSIGNED_CONTEXT((#2478,#2479,#2480))
REPRESENTATION_CONTEXT('','3D')
);
#2477=(
GEOMETRIC_REPRESENTATION_CONTEXT(3)
GLOBAL_UNCERTAINTY_ASSIGNED_CONTEXT((#2475))
GLOBAL_UNIT_ASSIGNED_CONTEXT((#2478,#2479,#2480))
REPRESENTATION_CONTEXT('','3D')
);
#2478=(
LENGTH_UNIT()
NAMED_UNIT(*)
SI_UNIT(.MILLI.,.METRE.)
);
#2479=(
NAMED_UNIT(*)
PLANE_ANGLE_UNIT()
SI_UNIT($,.RADIAN.)
);
#2480=(
NAMED_UNIT(*)
SI_UNIT($,.STERADIAN.)
SOLID_ANGLE_UNIT()
);
#2481=SHAPE_DEFINITION_REPRESENTATION(#2482,#2483);
#2482=PRODUCT_DEFINITION_SHAPE('',$,#2485);
#2483=SHAPE_REPRESENTATION('',(#344),#2476);
#2484=PRODUCT_DEFINITION_CONTEXT('part definition',#2489,'design');
#2485=PRODUCT_DEFINITION('BusStop852','BusStop852 v12',#2486,#2484);
#2486=PRODUCT_DEFINITION_FORMATION('',$,#2491);
#2487=PRODUCT_RELATED_PRODUCT_CATEGORY('BusStop852 v12',
'BusStop852 v12',(#2491));
#2488=APPLICATION_PROTOCOL_DEFINITION('international standard',
'automotive_design',2009,#2489);
#2489=APPLICATION_CONTEXT(
'Core Data for Automotive Mechanical Design Process');
#2490=PRODUCT_CONTEXT('part definition',#2489,'mechanical');
#2491=PRODUCT('BusStop852','BusStop852 v12',$,(#2490));
#2492=PRESENTATION_STYLE_ASSIGNMENT((#2496));
#2493=PRESENTATION_STYLE_ASSIGNMENT((#2497));
#2494=PRESENTATION_STYLE_ASSIGNMENT((#2498));
#2495=PRESENTATION_STYLE_ASSIGNMENT((#2499));
#2496=SURFACE_STYLE_USAGE(.BOTH.,#2500);
#2497=SURFACE_STYLE_USAGE(.BOTH.,#2501);
#2498=SURFACE_STYLE_USAGE(.BOTH.,#2502);
#2499=SURFACE_STYLE_USAGE(.BOTH.,#2503);
#2500=SURFACE_SIDE_STYLE('',(#2504));
#2501=SURFACE_SIDE_STYLE('',(#2505));
#2502=SURFACE_SIDE_STYLE('',(#2506));
#2503=SURFACE_SIDE_STYLE('',(#2507));
#2504=SURFACE_STYLE_FILL_AREA(#2508);
#2505=SURFACE_STYLE_FILL_AREA(#2509);
#2506=SURFACE_STYLE_FILL_AREA(#2510);
#2507=SURFACE_STYLE_FILL_AREA(#2511);
#2508=FILL_AREA_STYLE('Steel - Satin',(#2512));
#2509=FILL_AREA_STYLE('ABS (White)',(#2513));
#2510=FILL_AREA_STYLE('Aluminum - Anodized Rough (Grey)',(#2514));
#2511=FILL_AREA_STYLE('Plastic - Translucent Glossy (Red)',(#2515));
#2512=FILL_AREA_STYLE_COLOUR('Steel - Satin',#2516);
#2513=FILL_AREA_STYLE_COLOUR('ABS (White)',#2517);
#2514=FILL_AREA_STYLE_COLOUR('Aluminum - Anodized Rough (Grey)',#2518);
#2515=FILL_AREA_STYLE_COLOUR('Plastic - Translucent Glossy (Red)',#2519);
#2516=COLOUR_RGB('Steel - Satin',0.627450980392157,0.627450980392157,0.627450980392157);
#2517=COLOUR_RGB('ABS (White)',0.964705882352941,0.964705882352941,0.952941176470588);
#2518=COLOUR_RGB('Aluminum - Anodized Rough (Grey)',0.537254901960784,0.537254901960784,
0.537254901960784);
#2519=COLOUR_RGB('Plastic - Translucent Glossy (Red)',0.768627450980392,
0.207843137254902,0.152941176470588);
ENDSEC;
END-ISO-10303-21;
