ISO-10303-21;
HEADER;
/* Generated by software containing ST-Developer
 * from STEP Tools, Inc. (www.steptools.com) 
 */

FILE_DESCRIPTION(
/* description */ (''),
/* implementation_level */ '2;1');

FILE_NAME(
/* name */ 'BusStop852 Bottom.step',
/* time_stamp */ '2026-07-30T16:51:44+08:00',
/* author */ (''),
/* organization */ (''),
/* preprocessor_version */ 'ST-DEVELOPER v20.1',
/* originating_system */ 'Autodesk Translation Framework v15.8.0.0',
/* authorisation */ '');

FILE_SCHEMA (('AUTOMOTIVE_DESIGN { 1 0 10303 214 3 1 1 }'));
ENDSEC;

DATA;
#10=MECHANICAL_DESIGN_GEOMETRIC_PRESENTATION_REPRESENTATION('',(#34,#35),
#1369);
#11=SHAPE_REPRESENTATION_RELATIONSHIP('SRR','None',#1375,#12);
#12=ADVANCED_BREP_SHAPE_REPRESENTATION('',(#36,#37),#1368);
#13=CONICAL_SURFACE('',#265,29.9187652273909,0.677459674091894);
#14=FACE_BOUND('',#71,.T.);
#15=FACE_BOUND('',#74,.T.);
#16=B_SPLINE_SURFACE_WITH_KNOTS('',3,3,((#771,#772,#773,#774,#775,#776,
#777,#778,#779,#780,#781,#782,#783,#784,#785,#786,#787,#788,#789,#790,#791,
#792,#793,#794,#795,#796,#797,#798,#799,#800,#801,#802,#803),(#804,#805,
#806,#807,#808,#809,#810,#811,#812,#813,#814,#815,#816,#817,#818,#819,#820,
#821,#822,#823,#824,#825,#826,#827,#828,#829,#830,#831,#832,#833,#834,#835,
#836),(#837,#838,#839,#840,#841,#842,#843,#844,#845,#846,#847,#848,#849,
#850,#851,#852,#853,#854,#855,#856,#857,#858,#859,#860,#861,#862,#863,#864,
#865,#866,#867,#868,#869),(#870,#871,#872,#873,#874,#875,#876,#877,#878,
#879,#880,#881,#882,#883,#884,#885,#886,#887,#888,#889,#890,#891,#892,#893,
#894,#895,#896,#897,#898,#899,#900,#901,#902)),.UNSPECIFIED.,.F.,.F.,.F.,
(4,4),(4,1,1,1,1,1,1,1,1,1,1,1,1,1,1,1,1,1,1,1,1,1,1,1,1,1,1,1,1,1,4),(0.,
0.160128097159743),(11.863341980782,12.34929530175,12.835248622718,13.3212019436861,
13.8071552646541,14.2931085856221,14.7790619065901,15.2650152275581,15.7509685485262,
16.2369218694942,16.7228751904622,17.2088285114302,17.6947818323982,18.1807351533662,
18.6666884743343,19.1526417953023,19.6385951162703,20.1245484372383,20.6105017582064,
21.0964550791744,21.5824084001424,22.0683617211104,22.5543150420784,23.0402683630465,
23.5262216840145,24.0121750049825,24.4981283259505,24.9840816469185,25.4700349678866,
25.9559882888546,26.4419416098226),.UNSPECIFIED.);
#17=B_SPLINE_SURFACE_WITH_KNOTS('',3,3,((#1067,#1068,#1069,#1070,#1071,
#1072,#1073,#1074,#1075,#1076,#1077,#1078,#1079,#1080,#1081,#1082,#1083,
#1084,#1085,#1086,#1087,#1088,#1089,#1090,#1091,#1092,#1093,#1094,#1095,
#1096,#1097,#1098,#1099),(#1100,#1101,#1102,#1103,#1104,#1105,#1106,#1107,
#1108,#1109,#1110,#1111,#1112,#1113,#1114,#1115,#1116,#1117,#1118,#1119,
#1120,#1121,#1122,#1123,#1124,#1125,#1126,#1127,#1128,#1129,#1130,#1131,
#1132),(#1133,#1134,#1135,#1136,#1137,#1138,#1139,#1140,#1141,#1142,#1143,
#1144,#1145,#1146,#1147,#1148,#1149,#1150,#1151,#1152,#1153,#1154,#1155,
#1156,#1157,#1158,#1159,#1160,#1161,#1162,#1163,#1164,#1165),(#1166,#1167,
#1168,#1169,#1170,#1171,#1172,#1173,#1174,#1175,#1176,#1177,#1178,#1179,
#1180,#1181,#1182,#1183,#1184,#1185,#1186,#1187,#1188,#1189,#1190,#1191,
#1192,#1193,#1194,#1195,#1196,#1197,#1198)),.UNSPECIFIED.,.F.,.F.,.F.,(4,
4),(4,1,1,1,1,1,1,1,1,1,1,1,1,1,1,1,1,1,1,1,1,1,1,1,1,1,1,1,1,1,4),(0.,
0.160128097159743),(14.3987628868447,14.8847162078127,15.3706695287808,
15.8566228497488,16.3425761707168,16.8285294916848,17.3144828126528,17.8004361336209,
18.2863894545889,18.7723427755569,19.2582960965249,19.7442494174929,20.230202738461,
20.716156059429,21.202109380397,21.688062701365,22.174016022333,22.6599693433011,
23.1459226642691,23.6318759852371,24.1178293062051,24.6037826271731,25.0897359481412,
25.5756892691092,26.0616425900772,26.5475959110452,27.0335492320133,27.5195025529813,
28.0054558739493,28.4914091949173,28.9773625158853),.UNSPECIFIED.);
#18=B_SPLINE_CURVE_WITH_KNOTS('',3,(#337,#338,#339,#340,#341,#342,#343,
#344,#345,#346,#347,#348,#349,#350,#351,#352,#353,#354,#355,#356,#357,#358,
#359,#360,#361),.UNSPECIFIED.,.F.,.F.,(4,3,3,3,3,3,3,3,4),(-3.84462128716697,
-3.40167324677614,-2.91571992580812,-2.4297666048401,-1.94381328387208,
-1.45785996290406,-0.971906641936041,-0.48595332096802,0.),
 .UNSPECIFIED.);
#19=B_SPLINE_CURVE_WITH_KNOTS('',3,(#364,#365,#366,#367,#368,#369,#370,
#371,#372,#373,#374,#375,#376,#377,#378,#379,#380,#381,#382,#383,#384,#385,
#386,#387,#388,#389,#390,#391,#392,#393,#394,#395,#396,#397,#398,#399,#400),
 .UNSPECIFIED.,.F.,.F.,(4,3,3,3,3,3,3,3,3,3,3,3,4),(2.01222901468143,2.42976660484011,
2.91571992580813,3.40167324677614,3.88762656774417,4.37357988871219,4.8595332096802,
5.34548653064823,5.83143985161625,6.31739317258427,6.80334649355229,7.2892998145203,
7.59238568828384),.UNSPECIFIED.);
#20=B_SPLINE_CURVE_WITH_KNOTS('',3,(#409,#410,#411,#412,#413,#414,#415,
#416,#417,#418,#419,#420,#421,#422,#423,#424,#425,#426,#427),
 .UNSPECIFIED.,.F.,.F.,(4,3,3,3,3,3,4),(-12.5663706143592,-12.1488330242005,
-11.6628797032325,-11.1769263822645,-10.6909730612965,-10.2050197403284,
-10.1278065943466),.UNSPECIFIED.);
#21=B_SPLINE_CURVE_WITH_KNOTS('',3,(#431,#432,#433,#434,#435,#436,#437),
 .UNSPECIFIED.,.F.,.F.,(4,3,4),(13.8755709954634,14.0926463080726,14.5785996290406),
 .UNSPECIFIED.);
#22=B_SPLINE_CURVE_WITH_KNOTS('',3,(#444,#445,#446,#447,#448,#449,#450,
#451,#452,#453,#454,#455,#456),.UNSPECIFIED.,.F.,.F.,(4,1,1,1,1,1,1,1,1,
1,4),(21.9911485751286,22.0683617211104,22.5543150420784,23.0402683630465,
23.5262216840145,24.0121750049825,24.4981283259505,24.9840816469185,25.4700349678866,
25.9559882888546,26.4419416098226),.UNSPECIFIED.);
#23=B_SPLINE_CURVE_WITH_KNOTS('',3,(#459,#460,#461,#462,#463,#464,#465,
#466,#467,#468,#469,#470,#471,#472),.UNSPECIFIED.,.F.,.F.,(4,1,1,1,1,1,
1,1,1,1,1,4),(21.9911485751286,22.174016022333,22.6599693433011,23.1459226642691,
23.6318759852371,24.1178293062051,24.6037826271731,25.0897359481412,25.5756892691092,
26.0616425900772,26.5475959110452,26.9651335012039),.UNSPECIFIED.);
#24=B_SPLINE_CURVE_WITH_KNOTS('',3,(#478,#479,#480,#481,#482,#483),
 .UNSPECIFIED.,.F.,.F.,(4,1,1,4),(14.3987628868447,14.8847162078127,15.3706695287808,
15.707963267949),.UNSPECIFIED.);
#25=B_SPLINE_CURVE_WITH_KNOTS('',3,(#486,#487,#488,#489,#490,#491,#492),
 .UNSPECIFIED.,.F.,.F.,(4,1,1,1,4),(13.8755709954634,14.2931085856221,14.7790619065901,
15.2650152275581,15.707963267949),.UNSPECIFIED.);
#26=B_SPLINE_CURVE_WITH_KNOTS('',3,(#494,#495,#496,#497,#498,#499,#500,
#501,#502,#503,#504,#505,#506,#507,#508,#509,#510,#511,#512,#513,#514,#515,
#516,#517,#518,#519,#520,#521,#522,#523,#524,#525,#526,#527,#528,#529,#530,
#531,#532,#533,#534,#535,#536,#537,#538,#539,#540,#541,#542,#543,#544,#545,
#546,#547,#548,#549,#550,#551,#552,#553,#554,#555,#556,#557,#558,#559,#560,
#561,#562,#563,#564,#565,#566,#567,#568,#569,#570,#571,#572,#573,#574,#575,
#576,#577,#578,#579,#580,#581,#582,#583,#584,#585,#586,#587,#588,#589,#590,
#591,#592,#593,#594,#595,#596,#597,#598,#599,#600,#601,#602,#603,#604,#605,
#606,#607,#608,#609,#610,#611,#612,#613,#614),.UNSPECIFIED.,.F.,.F.,(4,
3,3,3,3,3,3,3,3,3,3,3,3,3,3,3,3,3,3,3,3,3,3,3,3,3,3,3,3,3,3,3,3,3,3,3,3,
3,3,3,4),(-1.91521047076732,-1.84827804998934,-1.78053592617955,-1.7427860315373,
-1.71145226466234,-1.7025401166734,-1.63363022011777,-1.5644844613712,-1.52151061520639,
-1.50058587561036,-1.49182113522987,-1.47853676904158,-1.41008852999589,
-1.34063692588977,-1.27052307679351,-1.20033999308024,-1.15648488072361,
-1.14274398962117,-1.13500728070026,-1.06350776700063,-1.02491954365373,
-0.95400760736536,-0.882439220690486,-0.810682382956181,-0.778743274327426,
-0.77093055422345,-0.762890277758967,-0.690267662526768,-0.616960686955947,
-0.555169513926141,-0.482175083561736,-0.430593795776443,-0.408026982370377,
-0.395672827694803,-0.384809851636884,-0.311454784192444,-0.236886556628277,
-0.16207824713579,-0.0876461134467731,-0.0695247812793887,0.),
 .UNSPECIFIED.);
#27=B_SPLINE_CURVE_WITH_KNOTS('',3,(#615,#616,#617,#618,#619,#620,#621,
#622,#623,#624,#625,#626,#627,#628,#629,#630,#631,#632,#633,#634,#635,#636,
#637,#638,#639,#640,#641,#642,#643,#644,#645,#646,#647,#648,#649,#650,#651,
#652,#653,#654,#655,#656,#657,#658,#659,#660,#661,#662,#663,#664,#665,#666,
#667,#668,#669,#670,#671,#672,#673,#674,#675,#676,#677,#678,#679,#680,#681,
#682,#683,#684,#685,#686,#687,#688,#689,#690,#691,#692,#693,#694,#695,#696,
#697,#698,#699,#700,#701,#702,#703,#704,#705,#706,#707,#708,#709,#710,#711,
#712,#713,#714,#715,#716,#717,#718,#719,#720,#721,#722,#723,#724,#725,#726,
#727,#728,#729,#730,#731,#732,#733,#734,#735),.UNSPECIFIED.,.F.,.F.,(4,
3,3,3,3,3,3,3,3,3,3,3,3,3,3,3,3,3,3,3,3,3,3,3,3,3,3,3,3,3,3,3,3,3,3,3,3,
3,3,3,4),(-1.90928723960738,-1.83458118797353,-1.75970656341172,-1.71656083400379,
-1.69397015405703,-1.68039621552949,-1.6689860510354,-1.59514133318792,
-1.52175891142393,-1.47284289344737,-1.4525628476473,-1.44002704828687,
-1.4239268754708,-1.3516332580939,-1.27886061165777,-1.20616963575906,-1.13455396488165,
-1.08931080582026,-1.07490413393408,-1.06382011128263,-0.992733543305763,
-0.953581328636088,-0.882294183438281,-0.811092065313467,-0.740503785523998,
-0.710312820901168,-0.702050863642079,-0.63233507155448,-0.563005811912508,
-0.498976068541355,-0.429283519929605,-0.383167938189211,-0.362474754032781,
-0.349879002136824,-0.340763018414471,-0.270661980312468,-0.202508129342559,
-0.131433497674509,-0.0648493823307195,-0.0603588660064595,0.),
 .UNSPECIFIED.);
#28=B_SPLINE_CURVE_WITH_KNOTS('',3,(#737,#738,#739,#740,#741,#742,#743,
#744,#745,#746,#747,#748,#749,#750,#751,#752,#753),.UNSPECIFIED.,.F.,.F.,
(4,1,1,1,1,1,1,1,1,1,1,1,1,1,4),(15.707963267949,15.7509685485262,16.2369218694942,
16.7228751904622,17.2088285114302,17.6947818323982,18.1807351533662,18.6666884743343,
19.1526417953023,19.6385951162703,20.1245484372383,20.6105017582064,21.0964550791744,
21.5824084001424,21.9911485751286),.UNSPECIFIED.);
#29=B_SPLINE_CURVE_WITH_KNOTS('',3,(#754,#755,#756,#757,#758,#759,#760,
#761,#762,#763,#764,#765,#766,#767,#768,#769,#770),.UNSPECIFIED.,.F.,.F.,
(4,1,1,1,1,1,1,1,1,1,1,1,1,1,4),(15.707963267949,15.8566228497488,16.3425761707168,
16.8285294916848,17.3144828126528,17.8004361336209,18.2863894545889,18.7723427755569,
19.2582960965249,19.7442494174929,20.230202738461,20.716156059429,21.202109380397,
21.688062701365,21.9911485751286),.UNSPECIFIED.);
#30=B_SPLINE_CURVE_WITH_KNOTS('',3,(#903,#904,#905,#906,#907,#908,#909,
#910,#911,#912,#913,#914,#915,#916,#917,#918,#919,#920,#921,#922,#923,#924,
#925,#926,#927,#928,#929,#930,#931,#932,#933,#934,#935,#936,#937,#938,#939,
#940,#941,#942,#943,#944,#945,#946,#947,#948,#949,#950,#951,#952,#953,#954,
#955,#956,#957,#958,#959,#960,#961,#962,#963,#964,#965,#966,#967,#968,#969,
#970,#971,#972,#973,#974,#975,#976,#977,#978,#979,#980,#981,#982,#983,#984,
#985,#986,#987,#988,#989,#990,#991,#992,#993,#994,#995,#996,#997,#998,#999,
#1000,#1001,#1002,#1003,#1004,#1005,#1006,#1007,#1008,#1009,#1010,#1011,
#1012,#1013,#1014,#1015,#1016,#1017,#1018,#1019,#1020,#1021,#1022,#1023),
 .UNSPECIFIED.,.F.,.F.,(4,3,3,3,3,3,3,3,3,3,3,3,3,3,3,3,3,3,3,3,3,3,3,3,
3,3,3,3,3,3,3,3,3,3,3,3,3,3,3,3,4),(0.,0.0662524246577647,0.133535305504524,
0.201546126524945,0.269787734588386,0.311392164217393,0.345989486805374,
0.35360324830337,0.42307656423245,0.436205453104413,0.504905708911269,0.57435249476869,
0.644109398285375,0.674663866641315,0.694605671209011,0.702124695186148,
0.710098049398011,0.780731790332543,0.852019588831558,0.888545145132889,
0.959432137163731,1.03062857168608,1.05421712904614,1.06743712894222,1.07514826008918,
1.14714959414612,1.21973966001653,1.29247388572615,1.35679595825593,1.41719675515274,
1.43622823264011,1.44579431065853,1.45464980397034,1.52772770034464,1.6014975961717,
1.66112378048638,1.67487727252066,1.68604902307375,1.76302567825208,1.84000233343041,
1.90928723960742),.UNSPECIFIED.);
#31=B_SPLINE_CURVE_WITH_KNOTS('',3,(#1024,#1025,#1026,#1027,#1028,#1029,
#1030,#1031,#1032,#1033,#1034,#1035,#1036,#1037,#1038,#1039,#1040,#1041,
#1042,#1043,#1044,#1045,#1046,#1047,#1048,#1049,#1050,#1051,#1052,#1053,
#1054,#1055,#1056,#1057,#1058,#1059,#1060,#1061,#1062,#1063,#1064,#1065,
#1066),.UNSPECIFIED.,.F.,.F.,(4,3,3,3,3,3,3,3,3,3,3,3,3,3,4),(-10.1278065943466,
-9.71906641936041,-9.23311309839239,-8.74715977742437,-8.26120645645634,
-7.77525313548833,-7.28929981452031,-6.80334649355228,-6.31739317258426,
-5.83143985161624,-5.34548653064822,-4.8595332096802,-4.37357988871218,
-3.88762656774416,-3.84462128716697),.UNSPECIFIED.);
#32=B_SPLINE_CURVE_WITH_KNOTS('',3,(#1199,#1200,#1201,#1202,#1203,#1204,
#1205,#1206,#1207,#1208,#1209,#1210,#1211,#1212,#1213,#1214,#1215,#1216,
#1217,#1218,#1219,#1220,#1221,#1222,#1223,#1224,#1225,#1226,#1227,#1228,
#1229,#1230,#1231,#1232,#1233,#1234,#1235,#1236,#1237,#1238,#1239,#1240,
#1241),.UNSPECIFIED.,.F.,.F.,(4,3,3,3,3,3,3,3,3,3,3,3,3,3,4),(7.59238568828384,
7.77525313548833,8.26120645645635,8.74715977742437,9.23311309839239,9.71906641936041,
10.2050197403284,10.6909730612965,11.1769263822645,11.6628797032325,12.1488330242005,
12.6347863451685,13.1207396661366,13.6066929871046,13.8755709954634),
 .UNSPECIFIED.);
#33=B_SPLINE_CURVE_WITH_KNOTS('',3,(#1242,#1243,#1244,#1245,#1246,#1247,
#1248,#1249,#1250,#1251,#1252,#1253,#1254,#1255,#1256,#1257,#1258,#1259,
#1260,#1261,#1262,#1263,#1264,#1265,#1266,#1267,#1268,#1269,#1270,#1271,
#1272,#1273,#1274,#1275,#1276,#1277,#1278,#1279,#1280,#1281,#1282,#1283,
#1284,#1285,#1286,#1287,#1288,#1289,#1290,#1291,#1292,#1293,#1294,#1295,
#1296,#1297,#1298,#1299,#1300,#1301,#1302,#1303,#1304,#1305,#1306,#1307,
#1308,#1309,#1310,#1311,#1312,#1313,#1314,#1315,#1316,#1317,#1318,#1319,
#1320,#1321,#1322,#1323,#1324,#1325,#1326,#1327,#1328,#1329,#1330,#1331,
#1332,#1333,#1334,#1335,#1336,#1337,#1338,#1339,#1340,#1341,#1342,#1343,
#1344,#1345,#1346,#1347,#1348,#1349,#1350,#1351,#1352,#1353,#1354,#1355,
#1356),.UNSPECIFIED.,.F.,.F.,(4,3,3,3,3,3,3,3,3,3,3,3,3,3,3,3,3,3,3,3,3,
3,3,3,3,3,3,3,3,3,3,3,3,3,3,3,3,3,4),(0.,0.0740906701907574,0.148789605941631,
0.223549224354306,0.297404073715551,0.344977540042238,0.380657639787254,
0.390294552316648,0.398189628898163,0.471270048406282,0.487697939022301,
0.560921823901262,0.634205383536758,0.706993287410768,0.770165250081207,
0.778183216179828,0.849903304276639,0.92123043281684,0.959681138092522,
1.03146447725812,1.10275555124531,1.12593092490917,1.13943368504867,1.14722890680311,
1.21749188719646,1.28765772323236,1.35692686616097,1.41568777039844,1.47056784564,
1.49865135453722,1.50690044702163,1.57601634998201,1.64569435556924,1.69795285975966,
1.70857552609292,1.71909031615975,1.78690934424534,1.85472837233093,1.91521047076734),
 .UNSPECIFIED.);
#34=STYLED_ITEM('',(#1386),#36);
#35=STYLED_ITEM('',(#1386),#37);
#36=MANIFOLD_SOLID_BREP('Bottom',#242);
#37=MANIFOLD_SOLID_BREP('Bottom(Curved)',#243);
#38=PLANE('',#248);
#39=PLANE('',#249);
#40=PLANE('',#260);
#41=PLANE('',#263);
#42=PLANE('',#267);
#43=FACE_OUTER_BOUND('',#58,.T.);
#44=FACE_OUTER_BOUND('',#59,.T.);
#45=FACE_OUTER_BOUND('',#60,.T.);
#46=FACE_OUTER_BOUND('',#61,.T.);
#47=FACE_OUTER_BOUND('',#62,.T.);
#48=FACE_OUTER_BOUND('',#63,.T.);
#49=FACE_OUTER_BOUND('',#64,.T.);
#50=FACE_OUTER_BOUND('',#65,.T.);
#51=FACE_OUTER_BOUND('',#66,.T.);
#52=FACE_OUTER_BOUND('',#67,.T.);
#53=FACE_OUTER_BOUND('',#68,.T.);
#54=FACE_OUTER_BOUND('',#69,.T.);
#55=FACE_OUTER_BOUND('',#70,.T.);
#56=FACE_OUTER_BOUND('',#72,.T.);
#57=FACE_OUTER_BOUND('',#73,.T.);
#58=EDGE_LOOP('',(#154,#155,#156,#157));
#59=EDGE_LOOP('',(#158));
#60=EDGE_LOOP('',(#159));
#61=EDGE_LOOP('',(#160,#161,#162,#163));
#62=EDGE_LOOP('',(#164,#165,#166,#167,#168,#169,#170,#171));
#63=EDGE_LOOP('',(#172,#173,#174,#175));
#64=EDGE_LOOP('',(#176,#177,#178,#179));
#65=EDGE_LOOP('',(#180,#181,#182,#183,#184));
#66=EDGE_LOOP('',(#185,#186,#187,#188));
#67=EDGE_LOOP('',(#189,#190,#191,#192,#193,#194,#195,#196));
#68=EDGE_LOOP('',(#197,#198,#199,#200,#201,#202,#203,#204));
#69=EDGE_LOOP('',(#205,#206,#207,#208));
#70=EDGE_LOOP('',(#209));
#71=EDGE_LOOP('',(#210,#211,#212,#213));
#72=EDGE_LOOP('',(#214,#215,#216,#217));
#73=EDGE_LOOP('',(#218));
#74=EDGE_LOOP('',(#219));
#75=LINE('',#328,#82);
#76=LINE('',#335,#83);
#77=LINE('',#405,#84);
#78=LINE('',#429,#85);
#79=LINE('',#442,#86);
#80=LINE('',#476,#87);
#81=LINE('',#1364,#88);
#82=VECTOR('',#274,40.);
#83=VECTOR('',#283,9.86290960129429);
#84=VECTOR('',#290,9.86290960129429);
#85=VECTOR('',#293,9.86290960129429);
#86=VECTOR('',#298,10.14625);
#87=VECTOR('',#303,10.14625);
#88=VECTOR('',#320,29.9187652273909);
#89=CIRCLE('',#246,40.);
#90=CIRCLE('',#247,40.);
#91=CIRCLE('',#251,8.7595);
#92=CIRCLE('',#253,8.7595);
#93=CIRCLE('',#254,8.7595);
#94=CIRCLE('',#255,8.7595);
#95=CIRCLE('',#257,10.14625);
#96=CIRCLE('',#259,10.14625);
#97=CIRCLE('',#264,19.8629096012943);
#98=CIRCLE('',#266,39.9746208534876);
#99=VERTEX_POINT('',#325);
#100=VERTEX_POINT('',#327);
#101=VERTEX_POINT('',#333);
#102=VERTEX_POINT('',#334);
#103=VERTEX_POINT('',#336);
#104=VERTEX_POINT('',#362);
#105=VERTEX_POINT('',#402);
#106=VERTEX_POINT('',#404);
#107=VERTEX_POINT('',#406);
#108=VERTEX_POINT('',#408);
#109=VERTEX_POINT('',#428);
#110=VERTEX_POINT('',#430);
#111=VERTEX_POINT('',#440);
#112=VERTEX_POINT('',#441);
#113=VERTEX_POINT('',#443);
#114=VERTEX_POINT('',#457);
#115=VERTEX_POINT('',#474);
#116=VERTEX_POINT('',#475);
#117=VERTEX_POINT('',#477);
#118=VERTEX_POINT('',#484);
#119=VERTEX_POINT('',#1359);
#120=VERTEX_POINT('',#1362);
#121=EDGE_CURVE('',#99,#99,#89,.T.);
#122=EDGE_CURVE('',#99,#100,#75,.T.);
#123=EDGE_CURVE('',#100,#100,#90,.T.);
#124=EDGE_CURVE('',#101,#102,#76,.T.);
#125=EDGE_CURVE('',#102,#103,#18,.T.);
#126=EDGE_CURVE('',#104,#103,#91,.F.);
#127=EDGE_CURVE('',#104,#101,#19,.T.);
#128=EDGE_CURVE('',#105,#105,#92,.T.);
#129=EDGE_CURVE('',#105,#106,#77,.T.);
#130=EDGE_CURVE('',#106,#107,#93,.T.);
#131=EDGE_CURVE('',#107,#108,#20,.T.);
#132=EDGE_CURVE('',#109,#108,#78,.T.);
#133=EDGE_CURVE('',#109,#110,#21,.T.);
#134=EDGE_CURVE('',#110,#106,#94,.T.);
#135=EDGE_CURVE('',#111,#112,#79,.T.);
#136=EDGE_CURVE('',#112,#113,#22,.T.);
#137=EDGE_CURVE('',#114,#113,#95,.T.);
#138=EDGE_CURVE('',#111,#114,#23,.T.);
#139=EDGE_CURVE('',#115,#116,#80,.T.);
#140=EDGE_CURVE('',#117,#115,#24,.T.);
#141=EDGE_CURVE('',#118,#117,#96,.T.);
#142=EDGE_CURVE('',#118,#116,#25,.T.);
#143=EDGE_CURVE('',#110,#114,#26,.T.);
#144=EDGE_CURVE('',#113,#107,#27,.T.);
#145=EDGE_CURVE('',#116,#112,#28,.T.);
#146=EDGE_CURVE('',#115,#111,#29,.T.);
#147=EDGE_CURVE('',#103,#118,#30,.T.);
#148=EDGE_CURVE('',#108,#102,#31,.T.);
#149=EDGE_CURVE('',#101,#109,#32,.T.);
#150=EDGE_CURVE('',#117,#104,#33,.T.);
#151=EDGE_CURVE('',#119,#119,#97,.T.);
#152=EDGE_CURVE('',#120,#120,#98,.T.);
#153=EDGE_CURVE('',#120,#119,#81,.T.);
#154=ORIENTED_EDGE('',*,*,#121,.F.);
#155=ORIENTED_EDGE('',*,*,#122,.T.);
#156=ORIENTED_EDGE('',*,*,#123,.F.);
#157=ORIENTED_EDGE('',*,*,#122,.F.);
#158=ORIENTED_EDGE('',*,*,#123,.T.);
#159=ORIENTED_EDGE('',*,*,#121,.T.);
#160=ORIENTED_EDGE('',*,*,#124,.T.);
#161=ORIENTED_EDGE('',*,*,#125,.T.);
#162=ORIENTED_EDGE('',*,*,#126,.F.);
#163=ORIENTED_EDGE('',*,*,#127,.T.);
#164=ORIENTED_EDGE('',*,*,#128,.T.);
#165=ORIENTED_EDGE('',*,*,#129,.T.);
#166=ORIENTED_EDGE('',*,*,#130,.T.);
#167=ORIENTED_EDGE('',*,*,#131,.T.);
#168=ORIENTED_EDGE('',*,*,#132,.F.);
#169=ORIENTED_EDGE('',*,*,#133,.T.);
#170=ORIENTED_EDGE('',*,*,#134,.T.);
#171=ORIENTED_EDGE('',*,*,#129,.F.);
#172=ORIENTED_EDGE('',*,*,#135,.T.);
#173=ORIENTED_EDGE('',*,*,#136,.T.);
#174=ORIENTED_EDGE('',*,*,#137,.F.);
#175=ORIENTED_EDGE('',*,*,#138,.F.);
#176=ORIENTED_EDGE('',*,*,#139,.F.);
#177=ORIENTED_EDGE('',*,*,#140,.F.);
#178=ORIENTED_EDGE('',*,*,#141,.F.);
#179=ORIENTED_EDGE('',*,*,#142,.T.);
#180=ORIENTED_EDGE('',*,*,#134,.F.);
#181=ORIENTED_EDGE('',*,*,#143,.T.);
#182=ORIENTED_EDGE('',*,*,#137,.T.);
#183=ORIENTED_EDGE('',*,*,#144,.T.);
#184=ORIENTED_EDGE('',*,*,#130,.F.);
#185=ORIENTED_EDGE('',*,*,#139,.T.);
#186=ORIENTED_EDGE('',*,*,#145,.T.);
#187=ORIENTED_EDGE('',*,*,#135,.F.);
#188=ORIENTED_EDGE('',*,*,#146,.F.);
#189=ORIENTED_EDGE('',*,*,#144,.F.);
#190=ORIENTED_EDGE('',*,*,#136,.F.);
#191=ORIENTED_EDGE('',*,*,#145,.F.);
#192=ORIENTED_EDGE('',*,*,#142,.F.);
#193=ORIENTED_EDGE('',*,*,#147,.F.);
#194=ORIENTED_EDGE('',*,*,#125,.F.);
#195=ORIENTED_EDGE('',*,*,#148,.F.);
#196=ORIENTED_EDGE('',*,*,#131,.F.);
#197=ORIENTED_EDGE('',*,*,#143,.F.);
#198=ORIENTED_EDGE('',*,*,#133,.F.);
#199=ORIENTED_EDGE('',*,*,#149,.F.);
#200=ORIENTED_EDGE('',*,*,#127,.F.);
#201=ORIENTED_EDGE('',*,*,#150,.F.);
#202=ORIENTED_EDGE('',*,*,#140,.T.);
#203=ORIENTED_EDGE('',*,*,#146,.T.);
#204=ORIENTED_EDGE('',*,*,#138,.T.);
#205=ORIENTED_EDGE('',*,*,#132,.T.);
#206=ORIENTED_EDGE('',*,*,#148,.T.);
#207=ORIENTED_EDGE('',*,*,#124,.F.);
#208=ORIENTED_EDGE('',*,*,#149,.T.);
#209=ORIENTED_EDGE('',*,*,#151,.F.);
#210=ORIENTED_EDGE('',*,*,#150,.T.);
#211=ORIENTED_EDGE('',*,*,#126,.T.);
#212=ORIENTED_EDGE('',*,*,#147,.T.);
#213=ORIENTED_EDGE('',*,*,#141,.T.);
#214=ORIENTED_EDGE('',*,*,#152,.F.);
#215=ORIENTED_EDGE('',*,*,#153,.T.);
#216=ORIENTED_EDGE('',*,*,#151,.T.);
#217=ORIENTED_EDGE('',*,*,#153,.F.);
#218=ORIENTED_EDGE('',*,*,#152,.T.);
#219=ORIENTED_EDGE('',*,*,#128,.F.);
#220=CYLINDRICAL_SURFACE('',#245,40.);
#221=CYLINDRICAL_SURFACE('',#250,8.7595);
#222=CYLINDRICAL_SURFACE('',#252,8.7595);
#223=CYLINDRICAL_SURFACE('',#256,10.14625);
#224=CYLINDRICAL_SURFACE('',#258,10.14625);
#225=CYLINDRICAL_SURFACE('',#261,10.14625);
#226=CYLINDRICAL_SURFACE('',#262,8.7595);
#227=ADVANCED_FACE('',(#43),#220,.T.);
#228=ADVANCED_FACE('',(#44),#38,.T.);
#229=ADVANCED_FACE('',(#45),#39,.F.);
#230=ADVANCED_FACE('',(#46),#221,.F.);
#231=ADVANCED_FACE('',(#47),#222,.F.);
#232=ADVANCED_FACE('',(#48),#223,.F.);
#233=ADVANCED_FACE('',(#49),#224,.F.);
#234=ADVANCED_FACE('',(#50),#40,.T.);
#235=ADVANCED_FACE('',(#51),#225,.F.);
#236=ADVANCED_FACE('',(#52),#16,.F.);
#237=ADVANCED_FACE('',(#53),#17,.F.);
#238=ADVANCED_FACE('',(#54),#226,.F.);
#239=ADVANCED_FACE('',(#55,#14),#41,.T.);
#240=ADVANCED_FACE('',(#56),#13,.T.);
#241=ADVANCED_FACE('',(#57,#15),#42,.T.);
#242=CLOSED_SHELL('',(#227,#228,#229));
#243=CLOSED_SHELL('',(#230,#231,#232,#233,#234,#235,#236,#237,#238,#239,
#240,#241));
#244=AXIS2_PLACEMENT_3D('',#323,#268,#269);
#245=AXIS2_PLACEMENT_3D('',#324,#270,#271);
#246=AXIS2_PLACEMENT_3D('',#326,#272,#273);
#247=AXIS2_PLACEMENT_3D('',#329,#275,#276);
#248=AXIS2_PLACEMENT_3D('',#330,#277,#278);
#249=AXIS2_PLACEMENT_3D('',#331,#279,#280);
#250=AXIS2_PLACEMENT_3D('',#332,#281,#282);
#251=AXIS2_PLACEMENT_3D('',#363,#284,#285);
#252=AXIS2_PLACEMENT_3D('',#401,#286,#287);
#253=AXIS2_PLACEMENT_3D('',#403,#288,#289);
#254=AXIS2_PLACEMENT_3D('',#407,#291,#292);
#255=AXIS2_PLACEMENT_3D('',#438,#294,#295);
#256=AXIS2_PLACEMENT_3D('',#439,#296,#297);
#257=AXIS2_PLACEMENT_3D('',#458,#299,#300);
#258=AXIS2_PLACEMENT_3D('',#473,#301,#302);
#259=AXIS2_PLACEMENT_3D('',#485,#304,#305);
#260=AXIS2_PLACEMENT_3D('',#493,#306,#307);
#261=AXIS2_PLACEMENT_3D('',#736,#308,#309);
#262=AXIS2_PLACEMENT_3D('',#1357,#310,#311);
#263=AXIS2_PLACEMENT_3D('',#1358,#312,#313);
#264=AXIS2_PLACEMENT_3D('',#1360,#314,#315);
#265=AXIS2_PLACEMENT_3D('',#1361,#316,#317);
#266=AXIS2_PLACEMENT_3D('',#1363,#318,#319);
#267=AXIS2_PLACEMENT_3D('',#1365,#321,#322);
#268=DIRECTION('axis',(0.,0.,1.));
#269=DIRECTION('refdir',(1.,0.,0.));
#270=DIRECTION('center_axis',(0.,1.,0.));
#271=DIRECTION('ref_axis',(1.,0.,0.));
#272=DIRECTION('center_axis',(0.,1.,0.));
#273=DIRECTION('ref_axis',(1.,0.,0.));
#274=DIRECTION('',(0.,-1.,0.));
#275=DIRECTION('center_axis',(0.,-1.,0.));
#276=DIRECTION('ref_axis',(1.,0.,0.));
#277=DIRECTION('center_axis',(0.,-1.,0.));
#278=DIRECTION('ref_axis',(1.,0.,0.));
#279=DIRECTION('center_axis',(0.,-1.,0.));
#280=DIRECTION('ref_axis',(1.,0.,0.));
#281=DIRECTION('center_axis',(0.,-1.,0.));
#282=DIRECTION('ref_axis',(0.344318647514318,0.,-0.938852847348247));
#283=DIRECTION('',(0.,1.,0.));
#284=DIRECTION('center_axis',(0.,1.,0.));
#285=DIRECTION('ref_axis',(0.,0.,-1.));
#286=DIRECTION('center_axis',(0.,-1.,0.));
#287=DIRECTION('ref_axis',(0.,0.,-1.));
#288=DIRECTION('center_axis',(0.,-1.,0.));
#289=DIRECTION('ref_axis',(0.,0.,-1.));
#290=DIRECTION('',(0.,1.,0.));
#291=DIRECTION('center_axis',(0.,1.,0.));
#292=DIRECTION('ref_axis',(0.,0.,-1.));
#293=DIRECTION('',(0.,1.,0.));
#294=DIRECTION('center_axis',(0.,1.,0.));
#295=DIRECTION('ref_axis',(0.,0.,-1.));
#296=DIRECTION('center_axis',(0.,-1.,0.));
#297=DIRECTION('ref_axis',(3.67394039744206E-16,0.,-1.));
#298=DIRECTION('',(5.99903913064743E-32,-1.,-1.22464679914735E-16));
#299=DIRECTION('center_axis',(0.,1.,0.));
#300=DIRECTION('ref_axis',(3.67394039744206E-16,0.,-1.));
#301=DIRECTION('center_axis',(0.,-1.,0.));
#302=DIRECTION('ref_axis',(0.793289986782513,0.,0.60884398401446));
#303=DIRECTION('',(5.99903913064743E-32,-1.,-1.22464679914735E-16));
#304=DIRECTION('center_axis',(0.,-1.,0.));
#305=DIRECTION('ref_axis',(3.67394039744206E-16,0.,-1.));
#306=DIRECTION('center_axis',(0.,1.,0.));
#307=DIRECTION('ref_axis',(0.,0.,1.));
#308=DIRECTION('center_axis',(0.,-1.,0.));
#309=DIRECTION('ref_axis',(3.67394039744206E-16,0.,-1.));
#310=DIRECTION('center_axis',(0.,-1.,0.));
#311=DIRECTION('ref_axis',(0.,0.,-1.));
#312=DIRECTION('center_axis',(0.,1.,0.));
#313=DIRECTION('ref_axis',(0.,0.,1.));
#314=DIRECTION('center_axis',(0.,-1.,0.));
#315=DIRECTION('ref_axis',(1.,0.,0.));
#316=DIRECTION('center_axis',(0.,-1.,0.));
#317=DIRECTION('ref_axis',(0.,0.,-1.));
#318=DIRECTION('center_axis',(0.,-1.,0.));
#319=DIRECTION('ref_axis',(1.,0.,0.));
#320=DIRECTION('',(7.67627851853698E-17,0.779167547306224,-0.626815709140097));
#321=DIRECTION('center_axis',(0.,-1.,0.));
#322=DIRECTION('ref_axis',(0.,0.,-1.));
#323=CARTESIAN_POINT('',(0.,0.,0.));
#324=CARTESIAN_POINT('Origin',(0.,0.,0.));
#325=CARTESIAN_POINT('',(-40.,25.,-4.89858719658941E-15));
#326=CARTESIAN_POINT('Origin',(0.,25.,0.));
#327=CARTESIAN_POINT('',(-40.,0.,-4.89858719658941E-15));
#328=CARTESIAN_POINT('',(-40.,0.,4.89858719658941E-15));
#329=CARTESIAN_POINT('Origin',(0.,0.,0.));
#330=CARTESIAN_POINT('Origin',(0.,0.,0.));
#331=CARTESIAN_POINT('Origin',(0.,25.,0.));
#332=CARTESIAN_POINT('Origin',(0.,37.530575310229,0.));
#333=CARTESIAN_POINT('',(-0.000134572888847833,47.8103015156514,8.75899832347878));
#334=CARTESIAN_POINT('',(-0.000111669065864239,48.5008491048066,8.76004722900459));
#335=CARTESIAN_POINT('',(-1.07272936371312E-15,37.530575310229,8.7595));
#336=CARTESIAN_POINT('',(-5.66328965963186,50.030575310229,-6.68251378458038));
#337=CARTESIAN_POINT('Ctrl Pts',(-0.000111669065864239,48.5008491048066,
8.76004722900459));
#338=CARTESIAN_POINT('Ctrl Pts',(1.29297090214317,48.5595969132742,8.75920172692979));
#339=CARTESIAN_POINT('Ctrl Pts',(2.5864200402527,48.6183447217417,8.46895453629435));
#340=CARTESIAN_POINT('Ctrl Pts',(3.75465740291034,48.6770925302093,7.91475830305683));
#341=CARTESIAN_POINT('Ctrl Pts',(5.036317494603,48.7415440911626,7.30675583899329));
#342=CARTESIAN_POINT('Ctrl Pts',(6.16727222130571,48.8059956521159,6.38106331214983));
#343=CARTESIAN_POINT('Ctrl Pts',(7.01658339869502,48.8704472130692,5.24484855333739));
#344=CARTESIAN_POINT('Ctrl Pts',(7.86589457608434,48.9348987740226,4.10863379452495));
#345=CARTESIAN_POINT('Ctrl Pts',(8.43356220416027,48.9993503349759,2.76189680374354));
#346=CARTESIAN_POINT('Ctrl Pts',(8.65388383387274,49.0638018959292,1.36054816034011));
#347=CARTESIAN_POINT('Ctrl Pts',(8.8742054635852,49.1282534568825,-0.0408004830633144));
#348=CARTESIAN_POINT('Ctrl Pts',(8.74718109493419,49.1927050178359,-1.49676077908874));
#349=CARTESIAN_POINT('Ctrl Pts',(8.2874816785237,49.2571565787892,-2.83877392330528));
#350=CARTESIAN_POINT('Ctrl Pts',(7.82778226211321,49.3216081397425,-4.18078706752183));
#351=CARTESIAN_POINT('Ctrl Pts',(7.03540779794325,49.3860597006958,-5.40885305992948));
#352=CARTESIAN_POINT('Ctrl Pts',(6.00216667282319,49.4505112616491,-6.38080248724664));
#353=CARTESIAN_POINT('Ctrl Pts',(4.96892554770313,49.5149628226024,-7.35275191456381));
#354=CARTESIAN_POINT('Ctrl Pts',(3.69481776163298,49.5794143835558,-8.06858477679048));
#355=CARTESIAN_POINT('Ctrl Pts',(2.32719400096563,49.6438659445091,-8.44541269833029));
#356=CARTESIAN_POINT('Ctrl Pts',(0.959570240298285,49.7083175054624,-8.82224061987011));
#357=CARTESIAN_POINT('Ctrl Pts',(-0.501569494966262,49.7727690664157,-8.86006360072308));
#358=CARTESIAN_POINT('Ctrl Pts',(-1.88666865611285,49.8372206273691,-8.5544730933758));
#359=CARTESIAN_POINT('Ctrl Pts',(-3.27176781725945,49.9016721883224,-8.24888258602853));
#360=CARTESIAN_POINT('Ctrl Pts',(-4.58082640428809,49.9661237492757,-7.59987859048102));
#361=CARTESIAN_POINT('Ctrl Pts',(-5.66328965963189,50.030575310229,-6.68251378458036));
#362=CARTESIAN_POINT('',(-5.66341655853785,50.030575310229,6.68290846316101));
#363=CARTESIAN_POINT('Origin',(0.,50.030575310229,0.));
#364=CARTESIAN_POINT('Ctrl Pts',(-5.66341655853785,50.030575310229,6.68290846316101));
#365=CARTESIAN_POINT('Ctrl Pts',(-6.59268142888391,49.9751976673953,5.89400740157665));
#366=CARTESIAN_POINT('Ctrl Pts',(-7.35679803622186,49.9198200245616,4.90957915292499));
#367=CARTESIAN_POINT('Ctrl Pts',(-7.88720412077569,49.8644423817279,3.81219157893269));
#368=CARTESIAN_POINT('Ctrl Pts',(-8.50452003274574,49.7999908207746,2.53499127759471));
#369=CARTESIAN_POINT('Ctrl Pts',(-8.80526123666573,49.7355392598213,1.1047808977406));
#370=CARTESIAN_POINT('Ctrl Pts',(-8.75459798865542,49.671087698868,-0.31287442570283));
#371=CARTESIAN_POINT('Ctrl Pts',(-8.70393474064511,49.6066361379147,-1.73052974914626));
#372=CARTESIAN_POINT('Ctrl Pts',(-8.30186704070451,49.5421845769613,-3.13563001617901));
#373=CARTESIAN_POINT('Ctrl Pts',(-7.59494829195752,49.477733016008,-4.3655021257149));
#374=CARTESIAN_POINT('Ctrl Pts',(-6.88802954321051,49.4132814550547,-5.5953742352508));
#375=CARTESIAN_POINT('Ctrl Pts',(-5.87625974565711,49.3488298941014,-6.65001818728985));
#376=CARTESIAN_POINT('Ctrl Pts',(-4.67676853331792,49.284378333148,-7.40734020490472));
#377=CARTESIAN_POINT('Ctrl Pts',(-3.47727732097874,49.2199267721947,-8.16466222251959));
#378=CARTESIAN_POINT('Ctrl Pts',(-2.09006469385377,49.1554752112414,-8.6246623057103));
#379=CARTESIAN_POINT('Ctrl Pts',(-0.675729457317767,49.0910236502881,-8.73408523570368));
#380=CARTESIAN_POINT('Ctrl Pts',(0.738605779218216,49.0265720893348,-8.84350816569707));
#381=CARTESIAN_POINT('Ctrl Pts',(2.18006362516525,48.9621205283815,-8.60235394249315));
#382=CARTESIAN_POINT('Ctrl Pts',(3.48176728043734,48.8976689674281,-8.03854146199874));
#383=CARTESIAN_POINT('Ctrl Pts',(4.78347093570945,48.8332174064748,-7.47472898150433));
#384=CARTESIAN_POINT('Ctrl Pts',(5.94542040030662,48.7687658455215,-6.58825824371941));
#385=CARTESIAN_POINT('Ctrl Pts',(6.83309660681396,48.7043142845682,-5.48175564351991));
#386=CARTESIAN_POINT('Ctrl Pts',(7.72077281332129,48.6398627236149,-4.37525304332042));
#387=CARTESIAN_POINT('Ctrl Pts',(8.3341757617388,48.5754111626615,-3.04871858070635));
#388=CARTESIAN_POINT('Ctrl Pts',(8.60229199264266,48.5109596017082,-1.65572512593915));
#389=CARTESIAN_POINT('Ctrl Pts',(8.87040822354652,48.4465080407549,-0.262731671171952));
#390=CARTESIAN_POINT('Ctrl Pts',(8.79323773693674,48.3820564798016,1.19672077574838));
#391=CARTESIAN_POINT('Ctrl Pts',(8.37971448891951,48.3176049188483,2.55367160390399));
#392=CARTESIAN_POINT('Ctrl Pts',(7.96619124090228,48.253153357895,3.9106224320596));
#393=CARTESIAN_POINT('Ctrl Pts',(7.21631523147761,48.1887017969416,5.16507164145048));
#394=CARTESIAN_POINT('Ctrl Pts',(6.21689955715126,48.1242502359883,6.1717917493748));
#395=CARTESIAN_POINT('Ctrl Pts',(5.21748388282492,48.059798675035,7.17851185729911));
#396=CARTESIAN_POINT('Ctrl Pts',(3.96852854359689,47.9953471140816,7.93750286375688));
#397=CARTESIAN_POINT('Ctrl Pts',(2.61462496718544,47.9308955531283,8.36089646842768));
#398=CARTESIAN_POINT('Ctrl Pts',(1.77020425691882,47.890697540636,8.62496426070436));
#399=CARTESIAN_POINT('Ctrl Pts',(0.884959370452352,47.8504995281437,8.75848686393871));
#400=CARTESIAN_POINT('Ctrl Pts',(-0.000134572888847833,47.8103015156514,
8.75899832347878));
#401=CARTESIAN_POINT('Origin',(0.,37.530575310229,0.));
#402=CARTESIAN_POINT('',(-1.07272936371312E-15,25.030575310229,8.7595));
#403=CARTESIAN_POINT('Origin',(0.,25.030575310229,0.));
#404=CARTESIAN_POINT('',(-1.07272936371312E-15,45.030575310229,8.7595));
#405=CARTESIAN_POINT('',(-1.07272936371312E-15,37.530575310229,8.7595));
#406=CARTESIAN_POINT('',(-5.66341663208838,45.030575310229,-6.68290857760298));
#407=CARTESIAN_POINT('Origin',(0.,45.030575310229,0.));
#408=CARTESIAN_POINT('',(-0.000173267199495841,46.0008491048066,8.75980396682189));
#409=CARTESIAN_POINT('Ctrl Pts',(-5.66341663208838,45.030575310229,-6.68290857760298));
#410=CARTESIAN_POINT('Ctrl Pts',(-6.59268149874744,45.0859529530627,-5.89400750794058));
#411=CARTESIAN_POINT('Ctrl Pts',(-7.35679818234101,45.1413305958964,-4.90957924246661));
#412=CARTESIAN_POINT('Ctrl Pts',(-7.88720429197273,45.1967082387301,-3.81219164831147));
#413=CARTESIAN_POINT('Ctrl Pts',(-8.50452023312983,45.2611597996834,-2.53499132350681));
#414=CARTESIAN_POINT('Ctrl Pts',(-8.80526139691359,45.3256113606367,-1.10478091566105));
#415=CARTESIAN_POINT('Ctrl Pts',(-8.75459813625545,45.3900629215901,0.312874433216504));
#416=CARTESIAN_POINT('Ctrl Pts',(-8.70393487559731,45.4545144825434,1.73052978209404));
#417=CARTESIAN_POINT('Ctrl Pts',(-8.30186719049726,45.5189660434967,3.13563007200338));
#418=CARTESIAN_POINT('Ctrl Pts',(-7.59494843446138,45.58341760445,4.36550220328762));
#419=CARTESIAN_POINT('Ctrl Pts',(-6.88802967842549,45.6478691654033,5.59537433457186));
#420=CARTESIAN_POINT('Ctrl Pts',(-5.87625985145378,45.7123207263567,6.65001830723101));
#421=CARTESIAN_POINT('Ctrl Pts',(-4.67676861471002,45.77677228731,7.40734033877469));
#422=CARTESIAN_POINT('Ctrl Pts',(-3.47727737796624,45.8412238482633,8.16466237031838));
#423=CARTESIAN_POINT('Ctrl Pts',(-2.09006473145041,45.9056754092166,8.62466246074657));
#424=CARTESIAN_POINT('Ctrl Pts',(-0.675729470867091,45.9701269701699,8.73408539249335));
#425=CARTESIAN_POINT('Ctrl Pts',(-0.451005674916512,45.9803676817155,8.75147160725549));
#426=CARTESIAN_POINT('Ctrl Pts',(-0.225597140175929,45.990608393261,8.76000713458603));
#427=CARTESIAN_POINT('Ctrl Pts',(-0.000173267199495841,46.0008491048066,
8.75980396682189));
#428=CARTESIAN_POINT('',(-9.23546466125617E-5,45.3103015156514,8.75881373269106));
#429=CARTESIAN_POINT('',(-1.07272936371312E-15,37.530575310229,8.7595));
#430=CARTESIAN_POINT('',(-5.66328965963186,45.030575310229,6.68251378458038));
#431=CARTESIAN_POINT('Ctrl Pts',(-9.23546466125617E-5,45.3103015156514,
8.75881373269106));
#432=CARTESIAN_POINT('Ctrl Pts',(-0.634049207074132,45.2815110081306,8.75896373222555));
#433=CARTESIAN_POINT('Ctrl Pts',(-1.26794620606738,45.2527205006097,8.69098161559396));
#434=CARTESIAN_POINT('Ctrl Pts',(-1.88666983179303,45.2239299930889,8.55447430001999));
#435=CARTESIAN_POINT('Ctrl Pts',(-3.27176884221844,45.1594784321356,8.24888366171912));
#436=CARTESIAN_POINT('Ctrl Pts',(-4.58082640428816,45.0950268711823,7.59987859048097));
#437=CARTESIAN_POINT('Ctrl Pts',(-5.66328965963196,45.030575310229,6.6825137845803));
#438=CARTESIAN_POINT('Origin',(0.,45.030575310229,0.));
#439=CARTESIAN_POINT('Origin',(0.,55.5514895906053,0.));
#440=CARTESIAN_POINT('',(-0.000155877638425839,47.0096610298527,10.1456689011469));
#441=CARTESIAN_POINT('',(-0.000200697793655148,46.8014895906053,10.1466020889739));
#442=CARTESIAN_POINT('',(-4.97022903433953E-15,55.5514895906053,10.14625));
#443=CARTESIAN_POINT('',(9.80105895983763,45.030575310229,-2.62404884258783));
#444=CARTESIAN_POINT('Ctrl Pts',(-0.000200697793654586,46.8014895906053,
10.1466020889739));
#445=CARTESIAN_POINT('Ctrl Pts',(-0.261312287631764,46.7912488790598,10.146837421005));
#446=CARTESIAN_POINT('Ctrl Pts',(-2.16564197355762,46.7165566065609,10.0747263179393));
#447=CARTESIAN_POINT('Ctrl Pts',(-5.63460607465047,46.5774127731087,8.92441687965476));
#448=CARTESIAN_POINT('Ctrl Pts',(-9.15044702684361,46.3840580902487,5.25959077967427));
#449=CARTESIAN_POINT('Ctrl Pts',(-10.5476087084281,46.1907034073888,0.376949481714604));
#450=CARTESIAN_POINT('Ctrl Pts',(-9.50255076001513,45.9973487245288,-4.59294800693374));
#451=CARTESIAN_POINT('Ctrl Pts',(-6.25733515311197,45.8039940416688,-8.4994433230454));
#452=CARTESIAN_POINT('Ctrl Pts',(-1.56317017163566,45.6106393588089,-10.4378762737245));
#453=CARTESIAN_POINT('Ctrl Pts',(3.49264272934823,45.4172846759489,-9.95974145853785));
#454=CARTESIAN_POINT('Ctrl Pts',(7.74028825579459,45.2239299930889,-7.1750476073242));
#455=CARTESIAN_POINT('Ctrl Pts',(9.37600387669169,45.0950268711823,-4.21166789276664));
#456=CARTESIAN_POINT('Ctrl Pts',(9.80105895983763,45.030575310229,-2.62404884258783));
#457=CARTESIAN_POINT('',(9.80105895983763,45.030575310229,2.62404884258781));
#458=CARTESIAN_POINT('Origin',(0.,45.030575310229,0.));
#459=CARTESIAN_POINT('Ctrl Pts',(-0.000155877638425214,47.0096610298527,
10.1456689011469));
#460=CARTESIAN_POINT('Ctrl Pts',(-0.618722266453183,46.9854074813917,10.1460263453291));
#461=CARTESIAN_POINT('Ctrl Pts',(-2.88083881547043,46.8967023719774,9.94220373432092));
#462=CARTESIAN_POINT('Ctrl Pts',(-6.54433461661319,46.7435457016097,8.28044004237835));
#463=CARTESIAN_POINT('Ctrl Pts',(-9.65408969888105,46.5501910187498,4.26527288954698));
#464=CARTESIAN_POINT('Ctrl Pts',(-10.5285391903787,46.3568363358898,-0.737474713423958));
#465=CARTESIAN_POINT('Ctrl Pts',(-8.96521201091262,46.1634816530299,-5.56946751790409));
#466=CARTESIAN_POINT('Ctrl Pts',(-5.32608322841072,45.9701269701699,-9.1119070472028));
#467=CARTESIAN_POINT('Ctrl Pts',(-0.453750429265134,45.7767722873099,-10.5445772273366));
#468=CARTESIAN_POINT('Ctrl Pts',(4.52363560316728,45.58341760445,-9.53575861909287));
#469=CARTESIAN_POINT('Ctrl Pts',(8.45363710575851,45.39006292159,-6.31903134335529));
#470=CARTESIAN_POINT('Ctrl Pts',(10.333676282044,45.2057821568497,-1.8588183673297));
#471=CARTESIAN_POINT('Ctrl Pts',(10.1654350835826,45.0859529530627,1.26011072754334));
#472=CARTESIAN_POINT('Ctrl Pts',(9.80144021698823,45.030575310229,2.62434081084323));
#473=CARTESIAN_POINT('Origin',(0.,55.5514895906053,0.));
#474=CARTESIAN_POINT('',(-0.000230951716215788,49.5096610298527,10.1459272681124));
#475=CARTESIAN_POINT('',(-0.000129347823487872,49.3014895906053,10.1468838629246));
#476=CARTESIAN_POINT('',(-4.97022903433953E-15,55.5514895906053,10.14625));
#477=CARTESIAN_POINT('',(9.80105895983763,50.030575310229,2.62404884258782));
#478=CARTESIAN_POINT('Ctrl Pts',(9.80105895983764,50.030575310229,2.6240488425878));
#479=CARTESIAN_POINT('Ctrl Pts',(9.37600387669169,49.9661237492757,4.21166789276663));
#480=CARTESIAN_POINT('Ctrl Pts',(7.74029162694081,49.837220627369,7.17504830253281));
#481=CARTESIAN_POINT('Ctrl Pts',(3.92577987828606,49.6635825339103,9.67578306218429));
#482=CARTESIAN_POINT('Ctrl Pts',(1.14058943187332,49.5543960014048,10.1450102239721));
#483=CARTESIAN_POINT('Ctrl Pts',(-0.000230951716215372,49.5096610298527,
10.1459272681124));
#484=CARTESIAN_POINT('',(9.80144036252675,50.030575310229,-2.62434087124803));
#485=CARTESIAN_POINT('Origin',(0.,50.030575310229,0.));
#486=CARTESIAN_POINT('Ctrl Pts',(9.80144036252676,50.030575310229,-2.62434087124803));
#487=CARTESIAN_POINT('Ctrl Pts',(10.1654352202805,49.9751976673953,-1.26011078269137));
#488=CARTESIAN_POINT('Ctrl Pts',(10.3336765517965,49.8553684636083,1.85881845572445));
#489=CARTESIAN_POINT('Ctrl Pts',(8.45363721345173,49.671087698868,6.31903143220672));
#490=CARTESIAN_POINT('Ctrl Pts',(4.63956647065474,49.4834367684938,9.44086884983092));
#491=CARTESIAN_POINT('Ctrl Pts',(1.49766607864261,49.3602373990729,10.1459045061775));
#492=CARTESIAN_POINT('Ctrl Pts',(-0.000129347823488099,49.3014895906053,
10.1468838629246));
#493=CARTESIAN_POINT('Origin',(1.55412950504571E-15,45.030575310229,0.));
#494=CARTESIAN_POINT('Ctrl Pts',(-5.66328965963196,45.030575310229,6.6825137845803));
#495=CARTESIAN_POINT('Ctrl Pts',(-5.50534233398681,45.030575310229,6.83924787834946));
#496=CARTESIAN_POINT('Ctrl Pts',(-5.3414861054956,45.030575310229,6.98964996022822));
#497=CARTESIAN_POINT('Ctrl Pts',(-5.17221140394829,45.030575310229,7.13356034419613));
#498=CARTESIAN_POINT('Ctrl Pts',(-5.00088893186677,45.030575310229,7.27921165838672));
#499=CARTESIAN_POINT('Ctrl Pts',(-4.82401567258212,45.030575310229,7.41821369314757));
#500=CARTESIAN_POINT('Ctrl Pts',(-4.64205525734483,45.030575310229,7.55037127500075));
#501=CARTESIAN_POINT('Ctrl Pts',(-4.54065621465238,45.030575310229,7.62401725051133));
#502=CARTESIAN_POINT('Ctrl Pts',(-4.43767665956212,45.030575310229,7.69553720409735));
#503=CARTESIAN_POINT('Ctrl Pts',(-4.33319166039984,45.030575310229,7.7648926749587));
#504=CARTESIAN_POINT('Ctrl Pts',(-4.24646536257283,45.030575310229,7.82246020398275));
#505=CARTESIAN_POINT('Ctrl Pts',(-4.15870180270986,45.030575310229,7.87853643662091));
#506=CARTESIAN_POINT('Ctrl Pts',(-4.06994223877731,45.030575310229,7.93309742706098));
#507=CARTESIAN_POINT('Ctrl Pts',(-4.04469668268579,45.030575310229,7.94861600876121));
#508=CARTESIAN_POINT('Ctrl Pts',(-4.01937251972653,45.030575310229,7.96401074905871));
#509=CARTESIAN_POINT('Ctrl Pts',(-3.99397832510741,45.030575310229,7.97927665546146));
#510=CARTESIAN_POINT('Ctrl Pts',(-3.79762708335405,45.030575310229,8.09731464499524));
#511=CARTESIAN_POINT('Ctrl Pts',(-3.5969639280498,45.030575310229,8.20773216869651));
#512=CARTESIAN_POINT('Ctrl Pts',(-3.39247250952947,45.030575310229,8.31033396429822));
#513=CARTESIAN_POINT('Ctrl Pts',(-3.18728116550627,45.030575310229,8.41328694145026));
#514=CARTESIAN_POINT('Ctrl Pts',(-2.97823476658343,45.030575310229,8.50837101709527));
#515=CARTESIAN_POINT('Ctrl Pts',(-2.76578620185424,45.030575310229,8.59535051259092));
#516=CARTESIAN_POINT('Ctrl Pts',(-2.63375016516734,45.030575310229,8.64940796349868));
#517=CARTESIAN_POINT('Ctrl Pts',(-2.50039933930371,45.030575310229,8.70033417466207));
#518=CARTESIAN_POINT('Ctrl Pts',(-2.36583693543531,45.030575310229,8.74806403297001));
#519=CARTESIAN_POINT('Ctrl Pts',(-2.30031607771261,45.030575310229,8.77130456052759));
#520=CARTESIAN_POINT('Ctrl Pts',(-2.2345079114512,45.030575310229,8.79378716371361));
#521=CARTESIAN_POINT('Ctrl Pts',(-2.16842405910396,45.030575310229,8.81550371296304));
#522=CARTESIAN_POINT('Ctrl Pts',(-2.14074353259092,45.030575310229,8.82460011845272));
#523=CARTESIAN_POINT('Ctrl Pts',(-2.11302290196003,45.030575310229,8.83355938607806));
#524=CARTESIAN_POINT('Ctrl Pts',(-2.08526595151881,45.030575310229,8.84238026236055));
#525=CARTESIAN_POINT('Ctrl Pts',(-2.04319585269966,45.030575310229,8.85574971148868));
#526=CARTESIAN_POINT('Ctrl Pts',(-2.00104023315727,45.030575310229,8.86880193360729));
#527=CARTESIAN_POINT('Ctrl Pts',(-1.95880248555214,45.030575310229,8.88153572983502));
#528=CARTESIAN_POINT('Ctrl Pts',(-1.74117076689511,45.030575310229,8.94714713468491));
#529=CARTESIAN_POINT('Ctrl Pts',(-1.52136126949536,45.030575310229,9.00430822514799));
#530=CARTESIAN_POINT('Ctrl Pts',(-1.29988991776172,45.030575310229,9.05313115756248));
#531=CARTESIAN_POINT('Ctrl Pts',(-1.07517207467471,45.030575310229,9.10266977273544));
#532=CARTESIAN_POINT('Ctrl Pts',(-0.848742758632511,45.030575310229,9.14362416969493));
#533=CARTESIAN_POINT('Ctrl Pts',(-0.621112080610372,45.030575310229,9.17606568413954));
#534=CARTESIAN_POINT('Ctrl Pts',(-0.391310865592532,45.030575310229,9.20881653960932));
#535=CARTESIAN_POINT('Ctrl Pts',(-0.16028465399581,45.030575310229,9.23289155545953));
#536=CARTESIAN_POINT('Ctrl Pts',(0.0714620780296086,45.030575310229,9.24831517017972));
#537=CARTESIAN_POINT('Ctrl Pts',(0.303437650668395,45.030575310229,9.26375401510153));
#538=CARTESIAN_POINT('Ctrl Pts',(0.536135832103399,45.030575310229,9.27052446977596));
#539=CARTESIAN_POINT('Ctrl Pts',(0.769061280808391,45.030575310229,9.26860030479872));
#540=CARTESIAN_POINT('Ctrl Pts',(0.914608771503009,45.030575310229,9.2673979570704));
#541=CARTESIAN_POINT('Ctrl Pts',(1.06024517641345,45.030575310229,9.26279970449606));
#542=CARTESIAN_POINT('Ctrl Pts',(1.20584997255308,45.030575310229,9.25478881774717));
#543=CARTESIAN_POINT('Ctrl Pts',(1.25147155553932,45.030575310229,9.25227880884432));
#544=CARTESIAN_POINT('Ctrl Pts',(1.29709003210692,45.030575310229,9.24943371407064));
#545=CARTESIAN_POINT('Ctrl Pts',(1.34270168091497,45.030575310229,9.24625285529355));
#546=CARTESIAN_POINT('Ctrl Pts',(1.3683829884517,45.030575310229,9.24446189586498));
#547=CARTESIAN_POINT('Ctrl Pts',(1.39406119948615,45.030575310229,9.24256452116021));
#548=CARTESIAN_POINT('Ctrl Pts',(1.41972269884885,45.030575310229,9.24056174074395));
#549=CARTESIAN_POINT('Ctrl Pts',(1.65687582739404,45.030575310229,9.22205285960675));
#550=CARTESIAN_POINT('Ctrl Pts',(1.89289259593307,45.030575310229,9.19452590551761));
#551=CARTESIAN_POINT('Ctrl Pts',(2.12724341861116,45.030575310229,9.15805600473733));
#552=CARTESIAN_POINT('Ctrl Pts',(2.25372234719551,45.030575310229,9.1383732320312));
#553=CARTESIAN_POINT('Ctrl Pts',(2.37971635719797,45.030575310229,9.11608474943631));
#554=CARTESIAN_POINT('Ctrl Pts',(2.50514388341142,45.030575310229,9.09119630926905));
#555=CARTESIAN_POINT('Ctrl Pts',(2.73563671195388,45.030575310229,9.04545988166546));
#556=CARTESIAN_POINT('Ctrl Pts',(2.96421660705436,45.030575310229,8.99094668514202));
#557=CARTESIAN_POINT('Ctrl Pts',(3.19046740350851,45.030575310229,8.92795758009275));
#558=CARTESIAN_POINT('Ctrl Pts',(3.41881266290578,45.030575310229,8.86438536838303));
#559=CARTESIAN_POINT('Ctrl Pts',(3.64478610482264,45.030575310229,8.79217945677242));
#560=CARTESIAN_POINT('Ctrl Pts',(3.86795632854694,45.030575310229,8.71159591361286));
#561=CARTESIAN_POINT('Ctrl Pts',(4.09171419532214,45.030575310229,8.63080018103857));
#562=CARTESIAN_POINT('Ctrl Pts',(4.31265469088952,45.030575310229,8.54158244172976));
#563=CARTESIAN_POINT('Ctrl Pts',(4.53033014028943,45.030575310229,8.4441501496541));
#564=CARTESIAN_POINT('Ctrl Pts',(4.62721790797422,45.030575310229,8.40078284614951));
#565=CARTESIAN_POINT('Ctrl Pts',(4.72345859143292,45.030575310229,8.35578745904161));
#566=CARTESIAN_POINT('Ctrl Pts',(4.81901139037604,45.030575310229,8.30917922588321));
#567=CARTESIAN_POINT('Ctrl Pts',(4.84238484396773,45.030575310229,8.2977782477144));
#568=CARTESIAN_POINT('Ctrl Pts',(4.86571713307629,45.030575310229,8.28628075551773));
#569=CARTESIAN_POINT('Ctrl Pts',(4.88900765133473,45.030575310229,8.27468695576843));
#570=CARTESIAN_POINT('Ctrl Pts',(4.91297653839413,45.030575310229,8.2627554704448));
#571=CARTESIAN_POINT('Ctrl Pts',(4.93689304085358,45.030575310229,8.25072603140868));
#572=CARTESIAN_POINT('Ctrl Pts',(4.96075404719413,45.030575310229,8.23860038019869));
#573=CARTESIAN_POINT('Ctrl Pts',(5.17627507935983,45.030575310229,8.12907721813415));
#574=CARTESIAN_POINT('Ctrl Pts',(5.3873360670933,45.030575310229,8.01167561999862));
#575=CARTESIAN_POINT('Ctrl Pts',(5.5935106391509,45.030575310229,7.88672012549719));
#576=CARTESIAN_POINT('Ctrl Pts',(5.80162810047925,45.030575310229,7.7605871109594));
#577=CARTESIAN_POINT('Ctrl Pts',(6.00476725427701,45.030575310229,7.6267569889187));
#578=CARTESIAN_POINT('Ctrl Pts',(6.2024811547167,45.030575310229,7.48551109266577));
#579=CARTESIAN_POINT('Ctrl Pts',(6.36913615224369,45.030575310229,7.36645353303855));
#580=CARTESIAN_POINT('Ctrl Pts',(6.5319365782081,45.030575310229,7.24212610638496));
#581=CARTESIAN_POINT('Ctrl Pts',(6.6906051097738,45.030575310229,7.112670209163));
#582=CARTESIAN_POINT('Ctrl Pts',(6.87804157538043,45.030575310229,6.9597428732396));
#583=CARTESIAN_POINT('Ctrl Pts',(7.05971316246045,45.030575310229,6.79965969977364));
#584=CARTESIAN_POINT('Ctrl Pts',(7.23535837507351,45.030575310229,6.63284695537738));
#585=CARTESIAN_POINT('Ctrl Pts',(7.35947751970789,45.030575310229,6.51496924700972));
#586=CARTESIAN_POINT('Ctrl Pts',(7.48058684231905,45.030575310229,6.39373014559713));
#587=CARTESIAN_POINT('Ctrl Pts',(7.59858412509258,45.030575310229,6.26926796529486));
#588=CARTESIAN_POINT('Ctrl Pts',(7.65020793630599,45.030575310229,6.21481576141261));
#589=CARTESIAN_POINT('Ctrl Pts',(7.70123596866389,45.030575310229,6.15974652027456));
#590=CARTESIAN_POINT('Ctrl Pts',(7.75165909975014,45.030575310229,6.10407129286164));
#591=CARTESIAN_POINT('Ctrl Pts',(7.77926313712384,45.030575310229,6.07359200636777));
#592=CARTESIAN_POINT('Ctrl Pts',(7.8066858798377,45.030575310229,6.04293110086265));
#593=CARTESIAN_POINT('Ctrl Pts',(7.8339257846787,45.030575310229,6.0120903515978));
#594=CARTESIAN_POINT('Ctrl Pts',(7.85787776212098,45.030575310229,5.98497216102385));
#595=CARTESIAN_POINT('Ctrl Pts',(7.88169133649705,45.030575310229,5.95771140721653));
#596=CARTESIAN_POINT('Ctrl Pts',(7.90534636907772,45.030575310229,5.93033161149959));
#597=CARTESIAN_POINT('Ctrl Pts',(8.06508312087609,45.030575310229,5.74544242913165));
#598=CARTESIAN_POINT('Ctrl Pts',(8.21774975954831,45.030575310229,5.55495399452916));
#599=CARTESIAN_POINT('Ctrl Pts',(8.36313356979875,45.030575310229,5.359357035607));
#600=CARTESIAN_POINT('Ctrl Pts',(8.51092176527838,45.030575310229,5.1605252568098));
#601=CARTESIAN_POINT('Ctrl Pts',(8.65118474094613,45.030575310229,4.95641421455049));
#602=CARTESIAN_POINT('Ctrl Pts',(8.78367087058509,45.030575310229,4.74749377929578));
#603=CARTESIAN_POINT('Ctrl Pts',(8.91658355623212,45.030575310229,4.53790069802814));
#604=CARTESIAN_POINT('Ctrl Pts',(9.04166969319699,45.030575310229,4.32346671664839));
#605=CARTESIAN_POINT('Ctrl Pts',(9.15864002419787,45.030575310229,4.10462738011419));
#606=CARTESIAN_POINT('Ctrl Pts',(9.27502216641938,45.030575310229,3.88688848367562));
#607=CARTESIAN_POINT('Ctrl Pts',(9.38337032622835,45.030575310229,3.66478789603124));
#608=CARTESIAN_POINT('Ctrl Pts',(9.4833584282007,45.030575310229,3.43872388953234));
#609=CARTESIAN_POINT('Ctrl Pts',(9.50770164555622,45.030575310229,3.38368608865494));
#610=CARTESIAN_POINT('Ctrl Pts',(9.53154912614446,45.030575310229,3.3284132401921));
#611=CARTESIAN_POINT('Ctrl Pts',(9.55489574981852,45.030575310229,3.27291086870411));
#612=CARTESIAN_POINT('Ctrl Pts',(9.64446802240631,45.030575310229,3.05996900534956));
#613=CARTESIAN_POINT('Ctrl Pts',(9.72667071862898,45.030575310229,2.84364963608171));
#614=CARTESIAN_POINT('Ctrl Pts',(9.80144021698821,45.030575310229,2.6243408108433));
#615=CARTESIAN_POINT('Ctrl Pts',(9.80105895983762,45.030575310229,-2.62404884258786));
#616=CARTESIAN_POINT('Ctrl Pts',(9.72028484116811,45.030575310229,-2.86031971309156));
#617=CARTESIAN_POINT('Ctrl Pts',(9.63070129815653,45.030575310229,-3.09327892052748));
#618=CARTESIAN_POINT('Ctrl Pts',(9.53261474655029,45.030575310229,-3.32250211497066));
#619=CARTESIAN_POINT('Ctrl Pts',(9.43430686431772,45.030575310229,-3.55224254763216));
#620=CARTESIAN_POINT('Ctrl Pts',(9.32745716261906,45.030575310229,-3.77823063775266));
#621=CARTESIAN_POINT('Ctrl Pts',(9.21232943857191,45.030575310229,-4.00001199213503));
#622=CARTESIAN_POINT('Ctrl Pts',(9.14598827615329,45.030575310229,-4.12781120795622));
#623=CARTESIAN_POINT('Ctrl Pts',(9.07689758454054,45.030575310229,-4.2542130224476));
#624=CARTESIAN_POINT('Ctrl Pts',(9.00510189347478,45.030575310229,-4.37912532435473));
#625=CARTESIAN_POINT('Ctrl Pts',(8.96751037513264,45.030575310229,-4.44452817818338));
#626=CARTESIAN_POINT('Ctrl Pts',(8.92917722185499,45.030575310229,-4.50952261942126));
#627=CARTESIAN_POINT('Ctrl Pts',(8.8901083948692,45.030575310229,-4.57409495270311));
#628=CARTESIAN_POINT('Ctrl Pts',(8.86663332209148,45.030575310229,-4.61289417807452));
#629=CARTESIAN_POINT('Ctrl Pts',(8.8428926374618,45.030575310229,-4.65154099989353));
#630=CARTESIAN_POINT('Ctrl Pts',(8.81888758575004,45.030575310229,-4.69003238656988));
#631=CARTESIAN_POINT('Ctrl Pts',(8.79870909531674,45.030575310229,-4.72238799601158));
#632=CARTESIAN_POINT('Ctrl Pts',(8.77834301111589,45.030575310229,-4.75463491407917));
#633=CARTESIAN_POINT('Ctrl Pts',(8.75780000677023,45.030575310229,-4.78675604790396));
#634=CARTESIAN_POINT('Ctrl Pts',(8.62484904358038,45.030575310229,-4.99463877084455));
#635=CARTESIAN_POINT('Ctrl Pts',(8.48440058074234,45.030575310229,-5.19740265536285));
#636=CARTESIAN_POINT('Ctrl Pts',(8.33671665103734,45.030575310229,-5.39461176430134));
#637=CARTESIAN_POINT('Ctrl Pts',(8.1899572790297,45.030575310229,-5.59058626904135));
#638=CARTESIAN_POINT('Ctrl Pts',(8.03605232180205,45.030575310229,-5.78107579683847));
#639=CARTESIAN_POINT('Ctrl Pts',(7.87522330460757,45.030575310229,-5.96561576823588));
#640=CARTESIAN_POINT('Ctrl Pts',(7.76801622548527,45.030575310229,-6.08862834183698));
#641=CARTESIAN_POINT('Ctrl Pts',(7.65773176917599,45.030575310229,-6.20899650812042));
#642=CARTESIAN_POINT('Ctrl Pts',(7.54442806497909,45.030575310229,-6.32657194356449));
#643=CARTESIAN_POINT('Ctrl Pts',(7.49745358902049,45.030575310229,-6.37531743255565));
#644=CARTESIAN_POINT('Ctrl Pts',(7.44996008696205,45.030575310229,-6.42358278645937));
#645=CARTESIAN_POINT('Ctrl Pts',(7.40195143583465,45.030575310229,-6.47135695493434));
#646=CARTESIAN_POINT('Ctrl Pts',(7.37227562424965,45.030575310229,-6.50088782466303));
#647=CARTESIAN_POINT('Ctrl Pts',(7.3423989426831,45.030575310229,-6.53023482802583));
#648=CARTESIAN_POINT('Ctrl Pts',(7.31234553607087,45.030575310229,-6.5593730319578));
#649=CARTESIAN_POINT('Ctrl Pts',(7.2737468774408,45.030575310229,-6.59679626324651));
#650=CARTESIAN_POINT('Ctrl Pts',(7.2348507235096,45.030575310229,-6.63388120569307));
#651=CARTESIAN_POINT('Ctrl Pts',(7.19565993694442,45.030575310229,-6.67062358269181));
#652=CARTESIAN_POINT('Ctrl Pts',(7.01968395451174,45.030575310229,-6.83560562199108));
#653=CARTESIAN_POINT('Ctrl Pts',(6.83777034047747,45.030575310229,-6.9936839240176));
#654=CARTESIAN_POINT('Ctrl Pts',(6.65039268985708,45.030575310229,-7.14465982603157));
#655=CARTESIAN_POINT('Ctrl Pts',(6.46177344498597,45.030575310229,-7.29663611849402));
#656=CARTESIAN_POINT('Ctrl Pts',(6.26761691625622,45.030575310229,-7.4414159016735));
#657=CARTESIAN_POINT('Ctrl Pts',(6.06837532475757,45.030575310229,-7.57875355115891));
#658=CARTESIAN_POINT('Ctrl Pts',(5.86935733606372,45.030575310229,-7.71593707075911));
#659=CARTESIAN_POINT('Ctrl Pts',(5.66526507010373,45.030575310229,-7.84569542491555));
#660=CARTESIAN_POINT('Ctrl Pts',(5.45652775457418,45.030575310229,-7.96773664819772));
#661=CARTESIAN_POINT('Ctrl Pts',(5.25087825401405,45.030575310229,-8.08797253679318));
#662=CARTESIAN_POINT('Ctrl Pts',(5.04071950922276,45.030575310229,-8.20071807140288));
#663=CARTESIAN_POINT('Ctrl Pts',(4.82645027644015,45.030575310229,-8.30564528443168));
#664=CARTESIAN_POINT('Ctrl Pts',(4.69108581134508,45.030575310229,-8.37193299116916));
#665=CARTESIAN_POINT('Ctrl Pts',(4.55408061733057,45.030575310229,-8.43509936783255));
#666=CARTESIAN_POINT('Ctrl Pts',(4.41553439251962,45.030575310229,-8.4950510269954));
#667=CARTESIAN_POINT('Ctrl Pts',(4.37141744659171,45.030575310229,-8.51414129170081));
#668=CARTESIAN_POINT('Ctrl Pts',(4.32714424569148,45.030575310229,-8.53290553131279));
#669=CARTESIAN_POINT('Ctrl Pts',(4.28271801232913,45.030575310229,-8.55134054587489));
#670=CARTESIAN_POINT('Ctrl Pts',(4.24853791988324,45.030575310229,-8.56552384376635));
#671=CARTESIAN_POINT('Ctrl Pts',(4.21426223261583,45.030575310229,-8.57951420944811));
#672=CARTESIAN_POINT('Ctrl Pts',(4.17992187098339,45.030575310229,-8.59329852212069));
#673=CARTESIAN_POINT('Ctrl Pts',(3.95968247520646,45.030575310229,-8.68170320249953));
#674=CARTESIAN_POINT('Ctrl Pts',(3.73658805424678,45.030575310229,-8.76172071202031));
#675=CARTESIAN_POINT('Ctrl Pts',(3.51106078451042,45.030575310229,-8.8331205036825));
#676=CARTESIAN_POINT('Ctrl Pts',(3.38684755647194,45.030575310229,-8.87244523196926));
#677=CARTESIAN_POINT('Ctrl Pts',(3.26189598738363,45.030575310229,-8.9091549682518));
#678=CARTESIAN_POINT('Ctrl Pts',(3.13627468301429,45.030575310229,-8.94320471152982));
#679=CARTESIAN_POINT('Ctrl Pts',(2.90754728559707,45.030575310229,-9.00520143415427));
#680=CARTESIAN_POINT('Ctrl Pts',(2.67659968059655,45.030575310229,-9.05838279478605));
#681=CARTESIAN_POINT('Ctrl Pts',(2.44394497433793,45.030575310229,-9.10274137903352));
#682=CARTESIAN_POINT('Ctrl Pts',(2.21156776479539,45.030575310229,-9.14704705499618));
#683=CARTESIAN_POINT('Ctrl Pts',(1.97748683639505,45.030575310229,-9.18255094006234));
#684=CARTESIAN_POINT('Ctrl Pts',(1.74221523226668,45.030575310229,-9.20919385460633));
#685=CARTESIAN_POINT('Ctrl Pts',(1.50897192074582,45.030575310229,-9.23560707875987));
#686=CARTESIAN_POINT('Ctrl Pts',(1.27455773163242,45.030575310229,-9.25331135447492));
#687=CARTESIAN_POINT('Ctrl Pts',(1.03948418781111,45.030575310229,-9.26219929894333));
#688=CARTESIAN_POINT('Ctrl Pts',(0.938942043046575,45.030575310229,-9.26600071778816));
#689=CARTESIAN_POINT('Ctrl Pts',(0.838279483494425,45.030575310229,-9.2681887367825));
#690=CARTESIAN_POINT('Ctrl Pts',(0.737537631196499,45.030575310229,-9.26875220762617));
#691=CARTESIAN_POINT('Ctrl Pts',(0.709968956651483,45.030575310229,-9.26890640515134));
#692=CARTESIAN_POINT('Ctrl Pts',(0.682392788653229,45.030575310229,-9.2689389285148));
#693=CARTESIAN_POINT('Ctrl Pts',(0.654814850857566,45.030575310229,-9.26884954531208));
#694=CARTESIAN_POINT('Ctrl Pts',(0.422107549515371,45.030575310229,-9.26809531473671));
#695=CARTESIAN_POINT('Ctrl Pts',(0.189898222736046,45.030575310229,-9.25866835854781));
#696=CARTESIAN_POINT('Ctrl Pts',(-0.0413299674323463,45.030575310229,-9.24058185745342));
#697=CARTESIAN_POINT('Ctrl Pts',(-0.271276135333365,45.030575310229,-9.22259563520966));
#698=CARTESIAN_POINT('Ctrl Pts',(-0.500252665402144,45.030575310229,-9.19604551707883));
#699=CARTESIAN_POINT('Ctrl Pts',(-0.727778233120752,45.030575310229,-9.16089371442306));
#700=CARTESIAN_POINT('Ctrl Pts',(-0.937911786928081,45.030575310229,-9.1284289093075));
#701=CARTESIAN_POINT('Ctrl Pts',(-1.14680804381708,45.030575310229,-9.08862662203484));
#702=CARTESIAN_POINT('Ctrl Pts',(-1.35407602998563,45.030575310229,-9.04141937050977));
#703=CARTESIAN_POINT('Ctrl Pts',(-1.57967484455496,45.030575310229,-8.99003709879476));
#704=CARTESIAN_POINT('Ctrl Pts',(-1.80334546674113,45.030575310229,-8.92988223585191));
#705=CARTESIAN_POINT('Ctrl Pts',(-2.02460677245044,45.030575310229,-8.86114008153192));
#706=CARTESIAN_POINT('Ctrl Pts',(-2.17101544931296,45.030575310229,-8.81565337599881));
#707=CARTESIAN_POINT('Ctrl Pts',(-2.3163686966957,45.030575310229,-8.76640582059117));
#708=CARTESIAN_POINT('Ctrl Pts',(-2.46051928921501,45.030575310229,-8.71344125091409));
#709=CARTESIAN_POINT('Ctrl Pts',(-2.5252031692548,45.030575310229,-8.68967475913993));
#710=CARTESIAN_POINT('Ctrl Pts',(-2.58964479760403,45.030575310229,-8.66515973369178));
#711=CARTESIAN_POINT('Ctrl Pts',(-2.65383039000551,45.030575310229,-8.63989966469877));
#712=CARTESIAN_POINT('Ctrl Pts',(-2.69289957293417,45.030575310229,-8.62452409178039));
#713=CARTESIAN_POINT('Ctrl Pts',(-2.73187388733523,45.030575310229,-8.60887247130874));
#714=CARTESIAN_POINT('Ctrl Pts',(-2.77075016564116,45.030575310229,-8.59294554023057));
#715=CARTESIAN_POINT('Ctrl Pts',(-2.79888628035269,45.030575310229,-8.58141866627695));
#716=CARTESIAN_POINT('Ctrl Pts',(-2.82697273508697,45.030575310229,-8.56974681417549));
#717=CARTESIAN_POINT('Ctrl Pts',(-2.85498831506048,45.030575310229,-8.55793885714193));
#718=CARTESIAN_POINT('Ctrl Pts',(-3.07042543067941,45.030575310229,-8.46713680317524));
#719=CARTESIAN_POINT('Ctrl Pts',(-3.2819383334143,45.030575310229,-8.36818364890151));
#720=CARTESIAN_POINT('Ctrl Pts',(-3.48907144955801,45.030575310229,-8.26134899305108));
#721=CARTESIAN_POINT('Ctrl Pts',(-3.69045105691918,45.030575310229,-8.15748186910555));
#722=CARTESIAN_POINT('Ctrl Pts',(-3.88769128242286,45.030575310229,-8.04616440340946));
#723=CARTESIAN_POINT('Ctrl Pts',(-4.08034668154895,45.030575310229,-7.92759910882531));
#724=CARTESIAN_POINT('Ctrl Pts',(-4.28125846183548,45.030575310229,-7.80395261605554));
#725=CARTESIAN_POINT('Ctrl Pts',(-4.47718495711222,45.030575310229,-7.67242365385299));
#726=CARTESIAN_POINT('Ctrl Pts',(-4.66758027082782,45.030575310229,-7.53319674389245));
#727=CARTESIAN_POINT('Ctrl Pts',(-4.84594635211214,45.030575310229,-7.40276623142679));
#728=CARTESIAN_POINT('Ctrl Pts',(-5.01945818682346,45.030575310229,-7.26557906081582));
#729=CARTESIAN_POINT('Ctrl Pts',(-5.18762582720048,45.030575310229,-7.12175528850249));
#730=CARTESIAN_POINT('Ctrl Pts',(-5.19896726397449,45.030575310229,-7.11205563275044));
#731=CARTESIAN_POINT('Ctrl Pts',(-5.21028437686622,45.030575310229,-7.10232578112018));
#732=CARTESIAN_POINT('Ctrl Pts',(-5.22157700816392,45.030575310229,-7.09256576598701));
#733=CARTESIAN_POINT('Ctrl Pts',(-5.37336588279192,45.030575310229,-6.96137741188596));
#734=CARTESIAN_POINT('Ctrl Pts',(-5.52073416249287,45.030575310229,-6.82474029628248));
#735=CARTESIAN_POINT('Ctrl Pts',(-5.66341663208834,45.030575310229,-6.68290857760302));
#736=CARTESIAN_POINT('Origin',(0.,55.5514895906053,0.));
#737=CARTESIAN_POINT('Ctrl Pts',(-0.000129347823488099,49.3014895906053,
10.1468838629246));
#738=CARTESIAN_POINT('Ctrl Pts',(-0.145548464037581,49.2957858381196,10.1469789474669));
#739=CARTESIAN_POINT('Ctrl Pts',(-1.93413289434275,49.2256305246805,10.1092828888809));
#740=CARTESIAN_POINT('Ctrl Pts',(-5.3260833181678,49.091023650288,9.1119072136925));
#741=CARTESIAN_POINT('Ctrl Pts',(-8.96521217525672,48.8976689674282,5.56946761691287));
#742=CARTESIAN_POINT('Ctrl Pts',(-10.5285393782545,48.7043142845682,0.737474727241058));
#743=CARTESIAN_POINT('Ctrl Pts',(-9.65408987332006,48.5109596017082,-4.26527296653186));
#744=CARTESIAN_POINT('Ctrl Pts',(-6.54433473398454,48.3176049188483,-8.28044019123479));
#745=CARTESIAN_POINT('Ctrl Pts',(-1.91930547633608,48.1242502359883,-10.3783559834471));
#746=CARTESIAN_POINT('Ctrl Pts',(3.15011931288997,47.9308955531283,-10.0732693096782));
#747=CARTESIAN_POINT('Ctrl Pts',(7.4901661211638,47.7375408702684,-7.43581992170446));
#748=CARTESIAN_POINT('Ctrl Pts',(10.0959414266157,47.5441861874085,-3.07668223601304));
#749=CARTESIAN_POINT('Ctrl Pts',(10.3641043584542,47.3508315045485,1.99482971910845));
#750=CARTESIAN_POINT('Ctrl Pts',(8.23256496093586,47.1574768216885,6.6044594462186));
#751=CARTESIAN_POINT('Ctrl Pts',(4.40870894389022,46.9743628503742,9.52174334986679));
#752=CARTESIAN_POINT('Ctrl Pts',(1.38203539120619,46.8557004400131,10.1453563211144));
#753=CARTESIAN_POINT('Ctrl Pts',(-0.000200697793654586,46.8014895906053,
10.1466020889739));
#754=CARTESIAN_POINT('Ctrl Pts',(-0.000230951716215372,49.5096610298527,
10.1459272681124));
#755=CARTESIAN_POINT('Ctrl Pts',(-0.503038627753569,49.4899444404515,10.1463314481566));
#756=CARTESIAN_POINT('Ctrl Pts',(-2.64922226558501,49.405776290097,9.98939596174143));
#757=CARTESIAN_POINT('Ctrl Pts',(-6.25733521683156,49.2571565787892,8.4994431716204));
#758=CARTESIAN_POINT('Ctrl Pts',(-9.50255048141712,49.0638018959292,4.59294792133001));
#759=CARTESIAN_POINT('Ctrl Pts',(-10.5476085693011,48.8704472130692,-0.376949470049001));
#760=CARTESIAN_POINT('Ctrl Pts',(-9.15044683614658,48.6770925302093,-5.25959068851388));
#761=CARTESIAN_POINT('Ctrl Pts',(-5.63460598618039,48.4837378473493,-8.92441671684067));
#762=CARTESIAN_POINT('Ctrl Pts',(-0.814123269826738,48.2903831644894,-10.5228900922868));
#763=CARTESIAN_POINT('Ctrl Pts',(4.19485840815951,48.0970284816294,-9.68489327608179));
#764=CARTESIAN_POINT('Ctrl Pts',(8.23256481440494,47.9036737987695,-6.60445932782552));
#765=CARTESIAN_POINT('Ctrl Pts',(10.3641041712339,47.7103191159095,-1.9948296829949));
#766=CARTESIAN_POINT('Ctrl Pts',(10.0959412453485,47.5169644330496,3.0766821805471));
#767=CARTESIAN_POINT('Ctrl Pts',(7.49016598627257,47.3236097501896,7.43581978798438));
#768=CARTESIAN_POINT('Ctrl Pts',(3.69451534806916,47.1545086157906,9.74243925432391));
#769=CARTESIAN_POINT('Ctrl Pts',(1.02506067840081,47.049859042345,10.1450764704878));
#770=CARTESIAN_POINT('Ctrl Pts',(-0.000155877638425214,47.0096610298527,
10.1456689011469));
#771=CARTESIAN_POINT('Ctrl Pts',(-5.66328965963189,50.030575310229,-6.68251378458036));
#772=CARTESIAN_POINT('Ctrl Pts',(-4.58082640428809,49.9661237492757,-7.59987859048102));
#773=CARTESIAN_POINT('Ctrl Pts',(-1.96270923023081,49.8372206273691,-8.89788658157604));
#774=CARTESIAN_POINT('Ctrl Pts',(2.42070997556283,49.6438659445091,-8.78441763901715));
#775=CARTESIAN_POINT('Ctrl Pts',(6.24303333377327,49.4505112616491,-6.63691905233714));
#776=CARTESIAN_POINT('Ctrl Pts',(8.62015672628318,49.2571565787892,-2.95272107511418));
#777=CARTESIAN_POINT('Ctrl Pts',(9.00122983223621,49.0638018959292,1.41515981296212));
#778=CARTESIAN_POINT('Ctrl Pts',(7.29822694800841,48.8704472130692,5.45537078530637));
#779=CARTESIAN_POINT('Ctrl Pts',(3.90536276790031,48.6770925302093,8.23244836583675));
#780=CARTESIAN_POINT('Ctrl Pts',(-0.391733602147594,48.4837378473493,9.1033855696876));
#781=CARTESIAN_POINT('Ctrl Pts',(-4.59813495877697,48.2903831644894,7.86652716405957));
#782=CARTESIAN_POINT('Ctrl Pts',(-7.73988183310693,48.0970284816294,4.80825443788082));
#783=CARTESIAN_POINT('Ctrl Pts',(-9.08953955242778,47.9036737987695,0.636679548923795));
#784=CARTESIAN_POINT('Ctrl Pts',(-8.33460640584916,47.7103191159095,-3.6823120414277));
#785=CARTESIAN_POINT('Ctrl Pts',(-5.64988050780708,47.5169644330496,-7.14870182137451));
#786=CARTESIAN_POINT('Ctrl Pts',(-1.65698226635121,47.3236097501896,-8.95988264008922));
#787=CARTESIAN_POINT('Ctrl Pts',(2.71957325329651,47.1302550673296,-8.69649402667253));
#788=CARTESIAN_POINT('Ctrl Pts',(6.46643933850775,46.9369003844697,-6.4195209662851));
#789=CARTESIAN_POINT('Ctrl Pts',(8.71606740681928,46.7435457016097,-2.65617327055377));
#790=CARTESIAN_POINT('Ctrl Pts',(8.94757887178809,46.5501910187498,1.72218414926997));
#791=CARTESIAN_POINT('Ctrl Pts',(7.10736999140743,46.3568363358898,5.70178760814604));
#792=CARTESIAN_POINT('Ctrl Pts',(3.62152153901778,46.1634816530299,8.36119987037086));
#793=CARTESIAN_POINT('Ctrl Pts',(-0.702852084934588,45.9701269701699,9.08466255117476));
#794=CARTESIAN_POINT('Ctrl Pts',(-4.86449002448203,45.77677228731,7.7046622798902));
#795=CARTESIAN_POINT('Ctrl Pts',(-7.89979950539722,45.58341760445,4.5407303619127));
#796=CARTESIAN_POINT('Ctrl Pts',(-9.10600256069736,45.3900629215901,0.325429492184707));
#797=CARTESIAN_POINT('Ctrl Pts',(-8.20377906934606,45.1967082387301,-3.96520173135258));
#798=CARTESIAN_POINT('Ctrl Pts',(-5.40210691375476,45.0033535558701,-7.33777245664321));
#799=CARTESIAN_POINT('Ctrl Pts',(-1.34952215039473,44.8099988730102,-9.01126792851449));
#800=CARTESIAN_POINT('Ctrl Pts',(3.01528190097088,44.6166441901502,-8.59848272081432));
#801=CARTESIAN_POINT('Ctrl Pts',(6.68237575228609,44.4232895072902,-6.1943899979161));
#802=CARTESIAN_POINT('Ctrl Pts',(8.09452812200378,44.2943863853836,-3.6360335007209));
#803=CARTESIAN_POINT('Ctrl Pts',(8.46148832905731,44.2299348244303,-2.26540404944172));
#804=CARTESIAN_POINT('Ctrl Pts',(-5.96214868642164,50.2974554721619,-7.03515856989028));
#805=CARTESIAN_POINT('Ctrl Pts',(-4.82256246289671,50.2330039112086,-8.00093388798086));
#806=CARTESIAN_POINT('Ctrl Pts',(-2.06628390249226,50.1041007893019,-9.36743941819155));
#807=CARTESIAN_POINT('Ctrl Pts',(2.54845393197632,49.910746106442,-9.2479825746454));
#808=CARTESIAN_POINT('Ctrl Pts',(6.5724861745218,49.717391423582,-6.9871577454067));
#809=CARTESIAN_POINT('Ctrl Pts',(9.07505340380181,49.5240367407221,-3.10853993657563));
#810=CARTESIAN_POINT('Ctrl Pts',(9.47623622414798,49.3306820578621,1.4898396033088));
#811=CARTESIAN_POINT('Ctrl Pts',(7.68336370315618,49.1373273750022,5.74325766760648));
#812=CARTESIAN_POINT('Ctrl Pts',(4.11145374791765,48.9439726921422,8.66688517811006));
#813=CARTESIAN_POINT('Ctrl Pts',(-0.412405884537313,48.7506180092822,9.58378285030728));
#814=CARTESIAN_POINT('Ctrl Pts',(-4.84078441190725,48.5572633264222,8.28165384727054));
#815=CARTESIAN_POINT('Ctrl Pts',(-8.14832528049019,48.3639086435624,5.06199216422484));
#816=CARTESIAN_POINT('Ctrl Pts',(-9.56920616103669,48.1705539607024,0.670277941696216));
#817=CARTESIAN_POINT('Ctrl Pts',(-8.77443422833946,47.9771992778424,-3.87663234979575));
#818=CARTESIAN_POINT('Ctrl Pts',(-5.9480319165329,47.7838445949825,-7.52594794466127));
#819=CARTESIAN_POINT('Ctrl Pts',(-1.74442333634617,47.5904899121225,-9.4327070878752));
#820=CARTESIAN_POINT('Ctrl Pts',(2.86308860649432,47.3971352292626,-9.15541912100775));
#821=CARTESIAN_POINT('Ctrl Pts',(6.80768159939309,47.2037805464026,-6.75828728475822));
#822=CARTESIAN_POINT('Ctrl Pts',(9.17602541341808,47.0104258635427,-2.79634292570686));
#823=CARTESIAN_POINT('Ctrl Pts',(9.41975403401014,46.8170711806827,1.8130660058828));
#824=CARTESIAN_POINT('Ctrl Pts',(7.48243498125025,46.6237164978227,6.00267822083689));
#825=CARTESIAN_POINT('Ctrl Pts',(3.8126338549503,46.4303618149628,8.80243106394114));
#826=CARTESIAN_POINT('Ctrl Pts',(-0.739942486927969,46.2370071321028,9.56407179420011));
#827=CARTESIAN_POINT('Ctrl Pts',(-5.12119537453818,46.0436524492428,8.11124714647838));
#828=CARTESIAN_POINT('Ctrl Pts',(-8.31668201254601,45.8502977663829,4.78035050116656));
#829=CARTESIAN_POINT('Ctrl Pts',(-9.58653794327426,45.656943083523,0.342602822028004));
#830=CARTESIAN_POINT('Ctrl Pts',(-8.63670296623575,45.463588400663,-4.17445048987963));
#831=CARTESIAN_POINT('Ctrl Pts',(-5.6871829935405,45.270233717803,-7.72499607877728));
#832=CARTESIAN_POINT('Ctrl Pts',(-1.42073815747504,45.0768790349431,-9.48680404358451));
#833=CARTESIAN_POINT('Ctrl Pts',(3.17440217709666,44.8835243520831,-9.05223563338883));
#834=CARTESIAN_POINT('Ctrl Pts',(7.03501325345559,44.6901696692232,-6.5212758677188));
#835=CARTESIAN_POINT('Ctrl Pts',(8.52168670689975,44.5612665473165,-3.82791163140281));
#836=CARTESIAN_POINT('Ctrl Pts',(8.90801187265075,44.4968149863632,-2.38495231382376));
#837=CARTESIAN_POINT('Ctrl Pts',(-6.2610077132114,50.5643356340948,-7.38780335520021));
#838=CARTESIAN_POINT('Ctrl Pts',(-5.06429852150532,50.4998840731415,-8.4019891854807));
#839=CARTESIAN_POINT('Ctrl Pts',(-2.16985857475371,50.3709809512349,-9.83699225480705));
#840=CARTESIAN_POINT('Ctrl Pts',(2.6761978883898,50.1776262683749,-9.71154751027365));
#841=CARTESIAN_POINT('Ctrl Pts',(6.90193901527032,49.9842715855149,-7.33739643847626));
#842=CARTESIAN_POINT('Ctrl Pts',(9.52995008132044,49.7909169026549,-3.26435879803707));
#843=CARTESIAN_POINT('Ctrl Pts',(9.95124261605976,49.597562219795,1.56451939365548));
#844=CARTESIAN_POINT('Ctrl Pts',(8.06850045830395,49.404207536935,6.0311445499066));
#845=CARTESIAN_POINT('Ctrl Pts',(4.31754472793499,49.2108528540751,9.10132199038337));
#846=CARTESIAN_POINT('Ctrl Pts',(-0.433078166927028,49.0174981712151,10.064180130927));
#847=CARTESIAN_POINT('Ctrl Pts',(-5.08343386503752,48.8241434883552,8.69678053048152));
#848=CARTESIAN_POINT('Ctrl Pts',(-8.55676872787346,48.6307888054952,5.31572989056885));
#849=CARTESIAN_POINT('Ctrl Pts',(-10.0488727696456,48.4374341226353,0.703876334468639));
#850=CARTESIAN_POINT('Ctrl Pts',(-9.21426205082976,48.2440794397753,-4.07095265816381));
#851=CARTESIAN_POINT('Ctrl Pts',(-6.24618332525872,48.0507247569154,-7.90319406794803));
#852=CARTESIAN_POINT('Ctrl Pts',(-1.83186440634112,47.8573700740554,-9.90553153566117));
#853=CARTESIAN_POINT('Ctrl Pts',(3.00660395969215,47.6640153911954,-9.61434421534297));
#854=CARTESIAN_POINT('Ctrl Pts',(7.14892386027845,47.4706607083355,-7.09705360323134));
#855=CARTESIAN_POINT('Ctrl Pts',(9.63598342001688,47.2773060254756,-2.93651258085995));
#856=CARTESIAN_POINT('Ctrl Pts',(9.89192919623219,47.0839513426156,1.90394786249562));
#857=CARTESIAN_POINT('Ctrl Pts',(7.85749997109305,46.8905966597556,6.30356883352774));
#858=CARTESIAN_POINT('Ctrl Pts',(4.00374617088283,46.6972419768956,9.24366225751143));
#859=CARTESIAN_POINT('Ctrl Pts',(-0.777032888921345,46.5038872940357,10.0434810372255));
#860=CARTESIAN_POINT('Ctrl Pts',(-5.37790072459433,46.3105326111757,8.51783201306657));
#861=CARTESIAN_POINT('Ctrl Pts',(-8.73356451969481,46.1171779283158,5.01997064042042));
#862=CARTESIAN_POINT('Ctrl Pts',(-10.0670733258512,45.9238232454558,0.359776151871305));
#863=CARTESIAN_POINT('Ctrl Pts',(-9.06962686312544,45.7304685625959,-4.38369924840669));
#864=CARTESIAN_POINT('Ctrl Pts',(-5.97225907332623,45.5371138797359,-8.11221970091133));
#865=CARTESIAN_POINT('Ctrl Pts',(-1.49195416455535,45.343759196876,-9.96234015865454));
#866=CARTESIAN_POINT('Ctrl Pts',(3.33352245322245,45.150404514016,-9.50598854596334));
#867=CARTESIAN_POINT('Ctrl Pts',(7.38765075462509,44.957049831156,-6.8481617375215));
#868=CARTESIAN_POINT('Ctrl Pts',(8.94884529179572,44.8281467092494,-4.01978976208473));
#869=CARTESIAN_POINT('Ctrl Pts',(9.35453541624419,44.7636951482961,-2.50450057820579));
#870=CARTESIAN_POINT('Ctrl Pts',(-6.55986674000115,50.8312157960277,-7.74044814051013));
#871=CARTESIAN_POINT('Ctrl Pts',(-5.30603458011394,50.7667642350744,-8.80304448298054));
#872=CARTESIAN_POINT('Ctrl Pts',(-2.27343324701517,50.6378611131677,-10.3065450914226));
#873=CARTESIAN_POINT('Ctrl Pts',(2.80394184480329,50.4445064303078,-10.1751124459019));
#874=CARTESIAN_POINT('Ctrl Pts',(7.23139185601884,50.2511517474478,-7.68763513154583));
#875=CARTESIAN_POINT('Ctrl Pts',(9.98484675883907,50.0577970645879,-3.42017765949851));
#876=CARTESIAN_POINT('Ctrl Pts',(10.4262490079715,49.8644423817279,1.63919918400216));
#877=CARTESIAN_POINT('Ctrl Pts',(8.45363721345173,49.671087698868,6.31903143220672));
#878=CARTESIAN_POINT('Ctrl Pts',(4.52363570795234,49.477733016008,9.53575880265667));
#879=CARTESIAN_POINT('Ctrl Pts',(-0.453750449316745,49.2843783331481,10.5445774115466));
#880=CARTESIAN_POINT('Ctrl Pts',(-5.3260833181678,49.091023650288,9.1119072136925));
#881=CARTESIAN_POINT('Ctrl Pts',(-8.96521217525672,48.8976689674282,5.56946761691287));
#882=CARTESIAN_POINT('Ctrl Pts',(-10.5285393782545,48.7043142845682,0.737474727241058));
#883=CARTESIAN_POINT('Ctrl Pts',(-9.65408987332006,48.5109596017082,-4.26527296653186));
#884=CARTESIAN_POINT('Ctrl Pts',(-6.54433473398454,48.3176049188483,-8.28044019123479));
#885=CARTESIAN_POINT('Ctrl Pts',(-1.91930547633608,48.1242502359883,-10.3783559834471));
#886=CARTESIAN_POINT('Ctrl Pts',(3.15011931288997,47.9308955531283,-10.0732693096782));
#887=CARTESIAN_POINT('Ctrl Pts',(7.4901661211638,47.7375408702684,-7.43581992170446));
#888=CARTESIAN_POINT('Ctrl Pts',(10.0959414266157,47.5441861874085,-3.07668223601304));
#889=CARTESIAN_POINT('Ctrl Pts',(10.3641043584542,47.3508315045485,1.99482971910845));
#890=CARTESIAN_POINT('Ctrl Pts',(8.23256496093586,47.1574768216885,6.6044594462186));
#891=CARTESIAN_POINT('Ctrl Pts',(4.19485848681536,46.9641221388286,9.68489345108171));
#892=CARTESIAN_POINT('Ctrl Pts',(-0.814123290914729,46.7707674559686,10.5228902802508));
#893=CARTESIAN_POINT('Ctrl Pts',(-5.63460607465047,46.5774127731087,8.92441687965476));
#894=CARTESIAN_POINT('Ctrl Pts',(-9.15044702684361,46.3840580902487,5.25959077967427));
#895=CARTESIAN_POINT('Ctrl Pts',(-10.5476087084281,46.1907034073888,0.376949481714604));
#896=CARTESIAN_POINT('Ctrl Pts',(-9.50255076001513,45.9973487245288,-4.59294800693374));
#897=CARTESIAN_POINT('Ctrl Pts',(-6.25733515311197,45.8039940416688,-8.4994433230454));
#898=CARTESIAN_POINT('Ctrl Pts',(-1.56317017163566,45.6106393588089,-10.4378762737245));
#899=CARTESIAN_POINT('Ctrl Pts',(3.49264272934823,45.4172846759489,-9.95974145853785));
#900=CARTESIAN_POINT('Ctrl Pts',(7.74028825579459,45.2239299930889,-7.1750476073242));
#901=CARTESIAN_POINT('Ctrl Pts',(9.37600387669169,45.0950268711823,-4.21166789276664));
#902=CARTESIAN_POINT('Ctrl Pts',(9.80105895983763,45.030575310229,-2.62404884258783));
#903=CARTESIAN_POINT('Ctrl Pts',(-5.66328965963189,50.030575310229,-6.68251378458036));
#904=CARTESIAN_POINT('Ctrl Pts',(-5.50653030433624,50.030575310229,-6.83806903308959));
#905=CARTESIAN_POINT('Ctrl Pts',(-5.34405659773947,50.030575310229,-6.98728186021542));
#906=CARTESIAN_POINT('Ctrl Pts',(-5.17637415185192,50.030575310229,-7.13001898084007));
#907=CARTESIAN_POINT('Ctrl Pts',(-5.00608365931487,50.030575310229,-7.27497616133583));
#908=CARTESIAN_POINT('Ctrl Pts',(-4.83042076542974,50.030575310229,-7.41325504521097));
#909=CARTESIAN_POINT('Ctrl Pts',(-4.64986709994972,50.030575310229,-7.54469063233525));
#910=CARTESIAN_POINT('Ctrl Pts',(-4.46736000642158,50.030575310229,-7.67754823413716));
#911=CARTESIAN_POINT('Ctrl Pts',(-4.27985529092347,50.030575310229,-7.8034140986623));
#912=CARTESIAN_POINT('Ctrl Pts',(-4.08780810170303,50.030575310229,-7.92208559952575));
#913=CARTESIAN_POINT('Ctrl Pts',(-3.89510922202723,50.030575310229,-8.04115979872991));
#914=CARTESIAN_POINT('Ctrl Pts',(-3.69783646400671,50.030575310229,-8.15299114789514));
#915=CARTESIAN_POINT('Ctrl Pts',(-3.49641471478673,50.030575310229,-8.25733625857205));
#916=CARTESIAN_POINT('Ctrl Pts',(-3.37361519072828,50.030575310229,-8.32095168232133));
#917=CARTESIAN_POINT('Ctrl Pts',(-3.24927288269855,50.030575310229,-8.38178376861803));
#918=CARTESIAN_POINT('Ctrl Pts',(-3.12347901841834,50.030575310229,-8.43976930840654));
#919=CARTESIAN_POINT('Ctrl Pts',(-3.01887162586664,50.030575310229,-8.48798879953742));
#920=CARTESIAN_POINT('Ctrl Pts',(-2.91326037175827,50.030575310229,-8.53423974177865));
#921=CARTESIAN_POINT('Ctrl Pts',(-2.80669612253629,50.030575310229,-8.57848225227739));
#922=CARTESIAN_POINT('Ctrl Pts',(-2.78324474777381,50.030575310229,-8.58821861040606));
#923=CARTESIAN_POINT('Ctrl Pts',(-2.75975583777292,50.030575310229,-8.59785410181844));
#924=CARTESIAN_POINT('Ctrl Pts',(-2.73623172525952,50.030575310229,-8.60738782358334));
#925=CARTESIAN_POINT('Ctrl Pts',(-2.52158117427686,50.030575310229,-8.69438020761423));
#926=CARTESIAN_POINT('Ctrl Pts',(-2.30395748007241,50.030575310229,-8.77292100018604));
#927=CARTESIAN_POINT('Ctrl Pts',(-2.08385033923592,50.030575310229,-8.84282838058179));
#928=CARTESIAN_POINT('Ctrl Pts',(-2.04225505688438,50.030575310229,-8.85603929784221));
#929=CARTESIAN_POINT('Ctrl Pts',(-2.00057097809389,50.030575310229,-8.86894178940598));
#930=CARTESIAN_POINT('Ctrl Pts',(-1.95880126492251,50.030575310229,-8.88153447705744));
#931=CARTESIAN_POINT('Ctrl Pts',(-1.74023059928294,50.030575310229,-8.94742892337258));
#932=CARTESIAN_POINT('Ctrl Pts',(-1.51931739344362,50.030575310229,-9.00484407567859));
#933=CARTESIAN_POINT('Ctrl Pts',(-1.29656993263401,50.030575310229,-9.05386085836475));
#934=CARTESIAN_POINT('Ctrl Pts',(-1.07140199068896,50.030575310229,-9.1034102810073));
#935=CARTESIAN_POINT('Ctrl Pts',(-0.844359125007994,50.030575310229,-9.14437799376271));
#936=CARTESIAN_POINT('Ctrl Pts',(-0.615942519712698,50.030575310229,-9.17679962773838));
#937=CARTESIAN_POINT('Ctrl Pts',(-0.386505910077434,50.030575310229,-9.20936604193841));
#938=CARTESIAN_POINT('Ctrl Pts',(-0.155682616010321,50.030575310229,-9.23331001697778));
#939=CARTESIAN_POINT('Ctrl Pts',(0.0760339854537214,50.030575310229,-9.24861727846662));
#940=CARTESIAN_POINT('Ctrl Pts',(0.177528994693708,50.030575310229,-9.25532206628257));
#941=CARTESIAN_POINT('Ctrl Pts',(0.279195519192223,50.030575310229,-9.26036918861645));
#942=CARTESIAN_POINT('Ctrl Pts',(0.38099247613012,50.030575310229,-9.26375431732158));
#943=CARTESIAN_POINT('Ctrl Pts',(0.447431695336733,50.030575310229,-9.26596366929877));
#944=CARTESIAN_POINT('Ctrl Pts',(0.513926477971262,50.030575310229,-9.2674650220508));
#945=CARTESIAN_POINT('Ctrl Pts',(0.580465407029365,50.030575310229,-9.26825672659088));
#946=CARTESIAN_POINT('Ctrl Pts',(0.605553798669274,50.030575310229,-9.26855523746032));
#947=CARTESIAN_POINT('Ctrl Pts',(0.630648466308908,50.030575310229,-9.26875285728092));
#948=CARTESIAN_POINT('Ctrl Pts',(0.655748797389114,50.030575310229,-9.26884948455085));
#949=CARTESIAN_POINT('Ctrl Pts',(0.682365793311201,50.030575310229,-9.26895195043631));
#950=CARTESIAN_POINT('Ctrl Pts',(0.708980726781789,50.030575310229,-9.26894080597872));
#951=CARTESIAN_POINT('Ctrl Pts',(0.735588673233137,50.030575310229,-9.26881619255652));
#952=CARTESIAN_POINT('Ctrl Pts',(0.971301115764296,50.030575310229,-9.26771227669543));
#953=CARTESIAN_POINT('Ctrl Pts',(1.20656819425463,50.030575310229,-9.25770805307906));
#954=CARTESIAN_POINT('Ctrl Pts',(1.44086456083243,50.030575310229,-9.23888708751671));
#955=CARTESIAN_POINT('Ctrl Pts',(1.6773304756865,50.030575310229,-9.21989184271141));
#956=CARTESIAN_POINT('Ctrl Pts',(1.91280827218959,50.030575310229,-9.19191596528137));
#957=CARTESIAN_POINT('Ctrl Pts',(2.14677423969814,50.030575310229,-9.15499504292142));
#958=CARTESIAN_POINT('Ctrl Pts',(2.2666508146347,50.030575310229,-9.136077959539));
#959=CARTESIAN_POINT('Ctrl Pts',(2.38613070515319,50.030575310229,-9.11481179601815));
#960=CARTESIAN_POINT('Ctrl Pts',(2.50514424564892,50.030575310229,-9.09119609906768));
#961=CARTESIAN_POINT('Ctrl Pts',(2.73611983509876,50.030575310229,-9.04536392315995));
#962=CARTESIAN_POINT('Ctrl Pts',(2.96533927989313,50.030575310229,-8.99068548524057));
#963=CARTESIAN_POINT('Ctrl Pts',(3.19237950533919,50.030575310229,-8.92742501734285));
#964=CARTESIAN_POINT('Ctrl Pts',(3.42041082789662,50.030575310229,-8.86388839896618));
#965=CARTESIAN_POINT('Ctrl Pts',(3.64624448408038,50.030575310229,-8.79169448472295));
#966=CARTESIAN_POINT('Ctrl Pts',(3.86944260789335,50.030575310229,-8.71105916717717));
#967=CARTESIAN_POINT('Ctrl Pts',(3.94339184118771,50.030575310229,-8.68434335161793));
#968=CARTESIAN_POINT('Ctrl Pts',(4.01705165470188,50.030575310229,-8.65670050875745));
#969=CARTESIAN_POINT('Ctrl Pts',(4.09040571923132,50.030575310229,-8.62813729525162));
#970=CARTESIAN_POINT('Ctrl Pts',(4.1315163607451,50.030575310229,-8.61212929298954));
#971=CARTESIAN_POINT('Ctrl Pts',(4.17253096398755,50.030575310229,-8.59583219702737));
#972=CARTESIAN_POINT('Ctrl Pts',(4.21344661915714,50.030575310229,-8.57924710002317));
#973=CARTESIAN_POINT('Ctrl Pts',(4.23731242743676,50.030575310229,-8.56957313186207));
#974=CARTESIAN_POINT('Ctrl Pts',(4.26114260656368,50.030575310229,-8.55980193913911));
#975=CARTESIAN_POINT('Ctrl Pts',(4.28492617642024,50.030575310229,-8.54993819563058));
#976=CARTESIAN_POINT('Ctrl Pts',(4.50700108678978,50.030575310229,-8.45783722135396));
#977=CARTESIAN_POINT('Ctrl Pts',(4.72526752952754,50.030575310229,-8.35756857989611));
#978=CARTESIAN_POINT('Ctrl Pts',(4.93930154189105,50.030575310229,-8.24946872978134));
#979=CARTESIAN_POINT('Ctrl Pts',(5.15508564172019,50.030575310229,-8.14048498186625));
#980=CARTESIAN_POINT('Ctrl Pts',(5.36656843159641,50.030575310229,-8.02354126070062));
#981=CARTESIAN_POINT('Ctrl Pts',(5.57331103396047,50.030575310229,-7.89892896837729));
#982=CARTESIAN_POINT('Ctrl Pts',(5.78046421565049,50.030575310229,-7.77406920296229));
#983=CARTESIAN_POINT('Ctrl Pts',(5.98285899763388,50.030575310229,-7.6415101483209));
#984=CARTESIAN_POINT('Ctrl Pts',(6.1800400279937,50.030575310229,-7.50149469777144));
#985=CARTESIAN_POINT('Ctrl Pts',(6.35441587942484,50.030575310229,-7.37767288104533));
#986=CARTESIAN_POINT('Ctrl Pts',(6.52471433459734,50.030575310229,-7.24801886114401));
#987=CARTESIAN_POINT('Ctrl Pts',(6.69060542843328,50.030575310229,-7.11267015496807));
#988=CARTESIAN_POINT('Ctrl Pts',(6.84638327998083,50.030575310229,-6.98557273116857));
#989=CARTESIAN_POINT('Ctrl Pts',(6.99827481945471,50.030575310229,-6.85345338866343));
#990=CARTESIAN_POINT('Ctrl Pts',(7.14611778415269,50.030575310229,-6.71653977116952));
#991=CARTESIAN_POINT('Ctrl Pts',(7.19270111084494,50.030575310229,-6.67340013456006));
#992=CARTESIAN_POINT('Ctrl Pts',(7.23888237441588,50.030575310229,-6.62978438365454));
#993=CARTESIAN_POINT('Ctrl Pts',(7.2846561468233,50.030575310229,-6.58569926500421));
#994=CARTESIAN_POINT('Ctrl Pts',(7.30766410710053,50.030575310229,-6.56354009818492));
#995=CARTESIAN_POINT('Ctrl Pts',(7.33056911110681,50.030575310229,-6.54126234196312));
#996=CARTESIAN_POINT('Ctrl Pts',(7.35337045220734,50.030575310229,-6.51886683724355));
#997=CARTESIAN_POINT('Ctrl Pts',(7.37447807052567,50.030575310229,-6.49813490908271));
#998=CARTESIAN_POINT('Ctrl Pts',(7.39549048478399,50.030575310229,-6.47730832045388));
#999=CARTESIAN_POINT('Ctrl Pts',(7.41640538008905,50.030575310229,-6.456389853962));
#1000=CARTESIAN_POINT('Ctrl Pts',(7.58900068313605,50.030575310229,-6.28376508052739));
#1001=CARTESIAN_POINT('Ctrl Pts',(7.75499963502891,50.030575310229,-6.10484541852952));
#1002=CARTESIAN_POINT('Ctrl Pts',(7.91416720576332,50.030575310229,-5.92010809609979));
#1003=CARTESIAN_POINT('Ctrl Pts',(8.07484198835399,50.030575310229,-5.73362143313935));
#1004=CARTESIAN_POINT('Ctrl Pts',(8.22855586958685,50.030575310229,-5.54120599126856));
#1005=CARTESIAN_POINT('Ctrl Pts',(8.37503724030282,50.030575310229,-5.34330895923475));
#1006=CARTESIAN_POINT('Ctrl Pts',(8.49343411630563,50.030575310229,-5.18335421380529));
#1007=CARTESIAN_POINT('Ctrl Pts',(8.60710549091667,50.030575310229,-5.01981738415535));
#1008=CARTESIAN_POINT('Ctrl Pts',(8.71589070939945,50.030575310229,-4.85291695248959));
#1009=CARTESIAN_POINT('Ctrl Pts',(8.7409833201886,50.030575310229,-4.81441937321604));
#1010=CARTESIAN_POINT('Ctrl Pts',(8.76581589251525,50.030575310229,-4.77574277436425));
#1011=CARTESIAN_POINT('Ctrl Pts',(8.79038632388378,50.030575310229,-4.73688973427697));
#1012=CARTESIAN_POINT('Ctrl Pts',(8.81034450828863,50.030575310229,-4.70533000595473));
#1013=CARTESIAN_POINT('Ctrl Pts',(8.83012541821823,50.030575310229,-4.67366063411499));
#1014=CARTESIAN_POINT('Ctrl Pts',(8.84972493705542,50.030575310229,-4.64188843316504));
#1015=CARTESIAN_POINT('Ctrl Pts',(8.98477140054585,50.030575310229,-4.42296860093646));
#1016=CARTESIAN_POINT('Ctrl Pts',(9.11125860135776,50.030575310229,-4.19909255332454));
#1017=CARTESIAN_POINT('Ctrl Pts',(9.22889218726335,50.030575310229,-3.97076737880437));
#1018=CARTESIAN_POINT('Ctrl Pts',(9.34652577316894,50.030575310229,-3.7424422042842));
#1019=CARTESIAN_POINT('Ctrl Pts',(9.45530625306514,50.030575310229,-3.50966730718659));
#1020=CARTESIAN_POINT('Ctrl Pts',(9.55489590517574,50.030575310229,-3.27291092610191));
#1021=CARTESIAN_POINT('Ctrl Pts',(9.64453424665339,50.030575310229,-3.05981198575101));
#1022=CARTESIAN_POINT('Ctrl Pts',(9.72672644162279,50.030575310229,-2.84348668481027));
#1023=CARTESIAN_POINT('Ctrl Pts',(9.80144036252678,50.030575310229,-2.62434087124794));
#1024=CARTESIAN_POINT('Ctrl Pts',(-0.000173267199495841,46.0008491048066,
8.75980396682189));
#1025=CARTESIAN_POINT('Ctrl Pts',(1.19314416747774,46.0550599542144,8.75872846566975));
#1026=CARTESIAN_POINT('Ctrl Pts',(2.38689142309426,46.1092708036221,8.51276990422081));
#1027=CARTESIAN_POINT('Ctrl Pts',(3.4817673437573,46.1634816530299,8.03854160680072));
#1028=CARTESIAN_POINT('Ctrl Pts',(4.78347102314763,46.2279332139832,7.47472911629594));
#1029=CARTESIAN_POINT('Ctrl Pts',(5.94542050727754,46.2923847749365,6.58825836222098));
#1030=CARTESIAN_POINT('Ctrl Pts',(6.83309672940593,46.3568363358898,5.4817557420375));
#1031=CARTESIAN_POINT('Ctrl Pts',(7.72077295153432,46.4212878968431,4.37525312185402));
#1032=CARTESIAN_POINT('Ctrl Pts',(8.33417591166121,46.4857394577964,3.048718635562));
#1033=CARTESIAN_POINT('Ctrl Pts',(8.60229214756318,46.5501910187498,1.65572515577869));
#1034=CARTESIAN_POINT('Ctrl Pts',(8.87040838346515,46.6146425797031,0.262731675995384));
#1035=CARTESIAN_POINT('Ctrl Pts',(8.79323789514222,46.6790941406564,-1.19672079727919));
#1036=CARTESIAN_POINT('Ctrl Pts',(8.37971463959549,46.7435457016097,-2.55367164987171));
#1037=CARTESIAN_POINT('Ctrl Pts',(7.96619138404876,46.807997262563,-3.91062250246422));
#1038=CARTESIAN_POINT('Ctrl Pts',(7.21631536127826,46.8724488235164,-5.16507173437466));
#1039=CARTESIAN_POINT('Ctrl Pts',(6.21689966902446,46.9369003844697,-6.17179186039445));
#1040=CARTESIAN_POINT('Ctrl Pts',(5.21748397677067,47.001351945423,-7.17851198641424));
#1041=CARTESIAN_POINT('Ctrl Pts',(3.96852861503359,47.0658035063763,-7.93750300654338));
#1042=CARTESIAN_POINT('Ctrl Pts',(2.61462501422377,47.1302550673296,-8.36089661884407));
#1043=CARTESIAN_POINT('Ctrl Pts',(1.26072141341394,47.1947066282829,-8.78429023114476));
#1044=CARTESIAN_POINT('Ctrl Pts',(-0.198130426468633,47.2591581892363,-8.87208643561699));
#1045=CARTESIAN_POINT('Ctrl Pts',(-1.59303938665257,47.3236097501896,-8.61412106806732));
#1046=CARTESIAN_POINT('Ctrl Pts',(-2.9879483468365,47.3880613111429,-8.35615570051765));
#1047=CARTESIAN_POINT('Ctrl Pts',(-4.31891442732179,47.4525128720963,-7.75242876094608));
#1048=CARTESIAN_POINT('Ctrl Pts',(-5.43185178390479,47.5169644330496,-6.87283366116915));
#1049=CARTESIAN_POINT('Ctrl Pts',(-6.54478914048778,47.5814159940029,-5.99323856139223));
#1050=CARTESIAN_POINT('Ctrl Pts',(-7.43969777316847,47.6458675549562,-4.83777530140997));
#1051=CARTESIAN_POINT('Ctrl Pts',(-8.01297428060525,47.7103191159095,-3.54021173969359));
#1052=CARTESIAN_POINT('Ctrl Pts',(-8.58625078804203,47.7747706768628,-2.24264817797721));
#1053=CARTESIAN_POINT('Ctrl Pts',(-8.8378951702349,47.8392222378162,-0.80298431452671));
#1054=CARTESIAN_POINT('Ctrl Pts',(-8.7387744081112,47.9036737987695,0.612110098691373));
#1055=CARTESIAN_POINT('Ctrl Pts',(-8.6396536459875,47.9681253597228,2.02720451190947));
#1056=CARTESIAN_POINT('Ctrl Pts',(-8.18976773954721,48.0325769206761,3.41772947489515));
#1057=CARTESIAN_POINT('Ctrl Pts',(-7.44120030727208,48.0970284816294,4.62270407741778));
#1058=CARTESIAN_POINT('Ctrl Pts',(-6.69263287499694,48.1614800425827,5.82767867994041));
#1059=CARTESIAN_POINT('Ctrl Pts',(-5.64538391688696,48.2259316035361,6.84710292199999));
#1060=CARTESIAN_POINT('Ctrl Pts',(-4.4206925450604,48.2903831644894,7.56295811063445));
#1061=CARTESIAN_POINT('Ctrl Pts',(-3.19600117323385,48.3548347254427,8.27881329926891));
#1062=CARTESIAN_POINT('Ctrl Pts',(-1.79386738769072,48.419286286396,8.69109943447825));
#1063=CARTESIAN_POINT('Ctrl Pts',(-0.376617766577841,48.4837378473493,8.75208630144112));
#1064=CARTESIAN_POINT('Ctrl Pts',(-0.251195807360723,48.4894415998351,8.757483439833));
#1065=CARTESIAN_POINT('Ctrl Pts',(-0.125655465885128,48.4951453523209,8.76012931776138));
#1066=CARTESIAN_POINT('Ctrl Pts',(-0.000111669065864239,48.5008491048066,
8.76004722900459));
#1067=CARTESIAN_POINT('Ctrl Pts',(9.80105895983764,50.030575310229,2.6240488425878));
#1068=CARTESIAN_POINT('Ctrl Pts',(9.37600387669169,49.9661237492757,4.21166789276663));
#1069=CARTESIAN_POINT('Ctrl Pts',(7.74029162694081,49.837220627369,7.17504830253281));
#1070=CARTESIAN_POINT('Ctrl Pts',(3.49264242315702,49.6438659445091,9.95974126211124));
#1071=CARTESIAN_POINT('Ctrl Pts',(-1.56316962283279,49.4505112616491,10.4378761471325));
#1072=CARTESIAN_POINT('Ctrl Pts',(-6.25733521683156,49.2571565787892,8.4994431716204));
#1073=CARTESIAN_POINT('Ctrl Pts',(-9.50255048141712,49.0638018959292,4.59294792133001));
#1074=CARTESIAN_POINT('Ctrl Pts',(-10.5476085693011,48.8704472130692,-0.376949470049001));
#1075=CARTESIAN_POINT('Ctrl Pts',(-9.15044683614658,48.6770925302093,-5.25959068851388));
#1076=CARTESIAN_POINT('Ctrl Pts',(-5.63460598618039,48.4837378473493,-8.92441671684067));
#1077=CARTESIAN_POINT('Ctrl Pts',(-0.814123269826738,48.2903831644894,-10.5228900922868));
#1078=CARTESIAN_POINT('Ctrl Pts',(4.19485840815951,48.0970284816294,-9.68489327608179));
#1079=CARTESIAN_POINT('Ctrl Pts',(8.23256481440494,47.9036737987695,-6.60445932782552));
#1080=CARTESIAN_POINT('Ctrl Pts',(10.3641041712339,47.7103191159095,-1.9948296829949));
#1081=CARTESIAN_POINT('Ctrl Pts',(10.0959412453485,47.5169644330496,3.0766821805471));
#1082=CARTESIAN_POINT('Ctrl Pts',(7.49016598627257,47.3236097501896,7.43581978798438));
#1083=CARTESIAN_POINT('Ctrl Pts',(3.15011925621641,47.1302550673296,10.0732691284509));
#1084=CARTESIAN_POINT('Ctrl Pts',(-1.91930544166154,46.9369003844697,10.3783557967003));
#1085=CARTESIAN_POINT('Ctrl Pts',(-6.54433461661319,46.7435457016097,8.28044004237835));
#1086=CARTESIAN_POINT('Ctrl Pts',(-9.65408969888105,46.5501910187498,4.26527288954698));
#1087=CARTESIAN_POINT('Ctrl Pts',(-10.5285391903787,46.3568363358898,-0.737474713423958));
#1088=CARTESIAN_POINT('Ctrl Pts',(-8.96521201091262,46.1634816530299,-5.56946751790409));
#1089=CARTESIAN_POINT('Ctrl Pts',(-5.32608322841072,45.9701269701699,-9.1119070472028));
#1090=CARTESIAN_POINT('Ctrl Pts',(-0.453750429265134,45.7767722873099,-10.5445772273366));
#1091=CARTESIAN_POINT('Ctrl Pts',(4.52363560316728,45.58341760445,-9.53575861909287));
#1092=CARTESIAN_POINT('Ctrl Pts',(8.45363710575851,45.39006292159,-6.31903134335529));
#1093=CARTESIAN_POINT('Ctrl Pts',(10.4262487302393,45.1967082387301,-1.63919909562985));
#1094=CARTESIAN_POINT('Ctrl Pts',(9.98484672493536,45.0033535558701,3.42017749874956));
#1095=CARTESIAN_POINT('Ctrl Pts',(7.2313913328706,44.8099988730102,7.68763534017508));
#1096=CARTESIAN_POINT('Ctrl Pts',(2.80394198453265,44.6166441901502,10.1751121100267));
#1097=CARTESIAN_POINT('Ctrl Pts',(-2.27343562146345,44.4232895072902,10.3065475833972));
#1098=CARTESIAN_POINT('Ctrl Pts',(-5.30603458011402,44.2943863853836,8.80304448298049));
#1099=CARTESIAN_POINT('Ctrl Pts',(-6.55986674000122,44.2299348244303,7.74044814051007));
#1100=CARTESIAN_POINT('Ctrl Pts',(9.3545354162442,50.2974554721619,2.50450057820577));
#1101=CARTESIAN_POINT('Ctrl Pts',(8.94884529179573,50.2330039112086,4.01978976208471));
#1102=CARTESIAN_POINT('Ctrl Pts',(7.38765397218626,50.1041007893019,6.84816240105731));
#1103=CARTESIAN_POINT('Ctrl Pts',(3.33352216098091,49.910746106442,9.50598835848567));
#1104=CARTESIAN_POINT('Ctrl Pts',(-1.49195364075522,49.717391423582,9.96234003782986));
#1105=CARTESIAN_POINT('Ctrl Pts',(-5.97225913414285,49.5240367407221,8.11221955638506));
#1106=CARTESIAN_POINT('Ctrl Pts',(-9.06962659722,49.3306820578621,4.38369916670295));
#1107=CARTESIAN_POINT('Ctrl Pts',(-10.0670731930626,49.1373273750022,-0.359776140737171));
#1108=CARTESIAN_POINT('Ctrl Pts',(-8.73356433768569,48.9439726921423,-5.01997055341318));
#1109=CARTESIAN_POINT('Ctrl Pts',(-5.37790064015483,48.7506180092822,-8.51783185767007));
#1110=CARTESIAN_POINT('Ctrl Pts',(-0.777032868794095,48.5572633264223,-10.0434808578249));
#1111=CARTESIAN_POINT('Ctrl Pts',(4.00374609581044,48.3639086435623,-9.24366209048427));
#1112=CARTESIAN_POINT('Ctrl Pts',(7.85749983123789,48.1705539607024,-6.3035687205285));
#1113=CARTESIAN_POINT('Ctrl Pts',(9.89192901754137,47.9771992778424,-1.90394782802736));
#1114=CARTESIAN_POINT('Ctrl Pts',(9.63598324700796,47.7838445949825,2.93651252792097));
#1115=CARTESIAN_POINT('Ctrl Pts',(7.14892373153269,47.5904899121225,7.09705347560337));
#1116=CARTESIAN_POINT('Ctrl Pts',(3.00660390560056,47.3971352292625,9.61434404237212));
#1117=CARTESIAN_POINT('Ctrl Pts',(-1.83186437324631,47.2037805464026,9.90553135742228));
#1118=CARTESIAN_POINT('Ctrl Pts',(-6.24618321323466,47.0104258635426,7.9031939258733));
#1119=CARTESIAN_POINT('Ctrl Pts',(-9.21426188433797,46.8170711806827,4.07095258468626));
#1120=CARTESIAN_POINT('Ctrl Pts',(-10.0488725903292,46.6237164978227,-0.703876321281025));
#1121=CARTESIAN_POINT('Ctrl Pts',(-8.55676857101667,46.4303618149628,-5.31572979607078));
#1122=CARTESIAN_POINT('Ctrl Pts',(-5.08343377936966,46.2370071321028,-8.69678037157688));
#1123=CARTESIAN_POINT('Ctrl Pts',(-0.433078147788942,46.0436524492428,-10.0641799551093));
#1124=CARTESIAN_POINT('Ctrl Pts',(4.31754462792381,45.8502977663829,-9.10132181518249));
#1125=CARTESIAN_POINT('Ctrl Pts',(8.06850035551711,45.6569430835229,-6.03114446510313));
#1126=CARTESIAN_POINT('Ctrl Pts',(9.95124235098065,45.463588400663,-1.56451930930929));
#1127=CARTESIAN_POINT('Ctrl Pts',(9.52995004896133,45.270233717803,3.26435864461163));
#1128=CARTESIAN_POINT('Ctrl Pts',(6.90193851595604,45.0768790349431,7.33739663760064));
#1129=CARTESIAN_POINT('Ctrl Pts',(2.67619802175327,44.8835243520831,9.7115471897005));
#1130=CARTESIAN_POINT('Ctrl Pts',(-2.16986084102521,44.6901696692231,9.83699463325053));
#1131=CARTESIAN_POINT('Ctrl Pts',(-5.0642985215054,44.5612665473165,8.40198918548065));
#1132=CARTESIAN_POINT('Ctrl Pts',(-6.26100771321147,44.4968149863632,7.38780335520015));
#1133=CARTESIAN_POINT('Ctrl Pts',(8.90801187265076,50.5643356340948,2.38495231382373));
#1134=CARTESIAN_POINT('Ctrl Pts',(8.52168670689976,50.4998840731415,3.8279116314028));
#1135=CARTESIAN_POINT('Ctrl Pts',(7.0350163174317,50.3709809512348,6.52127649958182));
#1136=CARTESIAN_POINT('Ctrl Pts',(3.1744018988048,50.1776262683749,9.0522354548601));
#1137=CARTESIAN_POINT('Ctrl Pts',(-1.42073765867767,49.9842715855149,9.48680392852721));
#1138=CARTESIAN_POINT('Ctrl Pts',(-5.68718305145413,49.790916902655,7.72499594114972));
#1139=CARTESIAN_POINT('Ctrl Pts',(-8.63670271302288,49.597562219795,4.17445041207589));
#1140=CARTESIAN_POINT('Ctrl Pts',(-9.58653781682416,49.4042075369351,-0.342602811425341));
#1141=CARTESIAN_POINT('Ctrl Pts',(-8.3166818392248,49.2108528540751,-4.78035041831247));
#1142=CARTESIAN_POINT('Ctrl Pts',(-5.12119529412926,49.0174981712151,-8.11124699849948));
#1143=CARTESIAN_POINT('Ctrl Pts',(-0.73994246776146,48.8241434883552,-9.56407162336294));
#1144=CARTESIAN_POINT('Ctrl Pts',(3.81263378346137,48.6307888054952,-8.80243090488674));
#1145=CARTESIAN_POINT('Ctrl Pts',(7.48243484807084,48.4374341226353,-6.00267811323149));
#1146=CARTESIAN_POINT('Ctrl Pts',(9.41975386384884,48.2440794397753,-1.81306597305982));
#1147=CARTESIAN_POINT('Ctrl Pts',(9.17602524866746,48.0507247569154,2.79634287529484));
#1148=CARTESIAN_POINT('Ctrl Pts',(6.80768147679281,47.8573700740554,6.75828716322236));
#1149=CARTESIAN_POINT('Ctrl Pts',(2.86308855498471,47.6640153911954,9.15541895629338));
#1150=CARTESIAN_POINT('Ctrl Pts',(-1.74442330483108,47.4706607083355,9.43270691814425));
#1151=CARTESIAN_POINT('Ctrl Pts',(-5.94803180985612,47.2773060254755,7.52594780936824));
#1152=CARTESIAN_POINT('Ctrl Pts',(-8.77443406979488,47.0839513426156,3.87663227982554));
#1153=CARTESIAN_POINT('Ctrl Pts',(-9.56920599027962,46.8905966597556,-0.670277929138096));
#1154=CARTESIAN_POINT('Ctrl Pts',(-8.14832513112071,46.6972419768957,-5.06199207423748));
#1155=CARTESIAN_POINT('Ctrl Pts',(-4.8407843303286,46.5038872940357,-8.28165369595096));
#1156=CARTESIAN_POINT('Ctrl Pts',(-0.412405866312752,46.3105326111758,-9.58378268288202));
#1157=CARTESIAN_POINT('Ctrl Pts',(4.11145365268034,46.1171779283158,-8.66688501127212));
#1158=CARTESIAN_POINT('Ctrl Pts',(7.6833636052757,45.9238232454558,-5.74325758685096));
#1159=CARTESIAN_POINT('Ctrl Pts',(9.476235971722,45.7304685625959,-1.48983952298875));
#1160=CARTESIAN_POINT('Ctrl Pts',(9.07505337298732,45.5371138797359,3.1085397904737));
#1161=CARTESIAN_POINT('Ctrl Pts',(6.57248569904147,45.343759196876,6.98715793502619));
#1162=CARTESIAN_POINT('Ctrl Pts',(2.5484540589739,45.150404514016,9.24798226937429));
#1163=CARTESIAN_POINT('Ctrl Pts',(-2.06628606058697,44.957049831156,9.36744168310389));
#1164=CARTESIAN_POINT('Ctrl Pts',(-4.82256246289678,44.8281467092494,8.00093388798081));
#1165=CARTESIAN_POINT('Ctrl Pts',(-5.96214868642171,44.7636951482961,7.03515856989022));
#1166=CARTESIAN_POINT('Ctrl Pts',(8.46148832905732,50.8312157960277,2.2654040494417));
#1167=CARTESIAN_POINT('Ctrl Pts',(8.09452812200379,50.7667642350744,3.63603350072088));
#1168=CARTESIAN_POINT('Ctrl Pts',(6.68237866267715,50.6378611131678,6.19439059810631));
#1169=CARTESIAN_POINT('Ctrl Pts',(3.01528163662869,50.4445064303078,8.59848255123453));
#1170=CARTESIAN_POINT('Ctrl Pts',(-1.3495216766001,50.2511517474478,9.01126781922456));
#1171=CARTESIAN_POINT('Ctrl Pts',(-5.40210696876541,50.0577970645879,7.33777232591438));
#1172=CARTESIAN_POINT('Ctrl Pts',(-8.20377882882575,49.8644423817279,3.96520165744883));
#1173=CARTESIAN_POINT('Ctrl Pts',(-9.10600244058571,49.671087698868,-0.325429482113512));
#1174=CARTESIAN_POINT('Ctrl Pts',(-7.89979934076391,49.477733016008,-4.54073028321176));
#1175=CARTESIAN_POINT('Ctrl Pts',(-4.8644899481037,49.284378333148,-7.70466213932889));
#1176=CARTESIAN_POINT('Ctrl Pts',(-0.70285206672882,49.0910236502881,-9.08466238890099));
#1177=CARTESIAN_POINT('Ctrl Pts',(3.6215214711123,48.8976689674281,-8.36119971928923));
#1178=CARTESIAN_POINT('Ctrl Pts',(7.10736986490379,48.7043142845682,-5.70178750593448));
#1179=CARTESIAN_POINT('Ctrl Pts',(8.9475787101563,48.5109596017082,-1.72218411809228));
#1180=CARTESIAN_POINT('Ctrl Pts',(8.71606725032696,48.3176049188483,2.6561732226687));
#1181=CARTESIAN_POINT('Ctrl Pts',(6.46643922205294,48.1242502359883,6.41952085084136));
#1182=CARTESIAN_POINT('Ctrl Pts',(2.71957320436887,47.9308955531283,8.69649387021463));
#1183=CARTESIAN_POINT('Ctrl Pts',(-1.65698223641585,47.7375408702684,8.95988247886623));
#1184=CARTESIAN_POINT('Ctrl Pts',(-5.64988040647759,47.5441861874084,7.14870169286319));
#1185=CARTESIAN_POINT('Ctrl Pts',(-8.3346062552518,47.3508315045485,3.68231197496481));
#1186=CARTESIAN_POINT('Ctrl Pts',(-9.08953939023009,47.1574768216885,-0.636679536995162));
#1187=CARTESIAN_POINT('Ctrl Pts',(-7.73988169122475,46.9641221388286,-4.80825435240417));
#1188=CARTESIAN_POINT('Ctrl Pts',(-4.59813488128754,46.7707674559686,-7.86652702032504));
#1189=CARTESIAN_POINT('Ctrl Pts',(-0.391733584836559,46.5774127731087,-9.10338541065471));
#1190=CARTESIAN_POINT('Ctrl Pts',(3.90536267743686,46.3840580902487,-8.23244820736174));
#1191=CARTESIAN_POINT('Ctrl Pts',(7.2982268550343,46.1907034073887,-5.45537070859881));
#1192=CARTESIAN_POINT('Ctrl Pts',(9.00122959246334,45.9973487245288,-1.41515973666819));
#1193=CARTESIAN_POINT('Ctrl Pts',(8.62015669701331,45.8039940416688,2.95272093633577));
#1194=CARTESIAN_POINT('Ctrl Pts',(6.2430328821269,45.6106393588089,6.63691923245176));
#1195=CARTESIAN_POINT('Ctrl Pts',(2.42071009619452,45.4172846759489,8.78441734904807));
#1196=CARTESIAN_POINT('Ctrl Pts',(-1.96271128014873,45.2239299930889,8.89788873295726));
#1197=CARTESIAN_POINT('Ctrl Pts',(-4.58082640428816,45.0950268711823,7.59987859048097));
#1198=CARTESIAN_POINT('Ctrl Pts',(-5.66328965963196,45.030575310229,6.6825137845803));
#1199=CARTESIAN_POINT('Ctrl Pts',(-0.000134572888847833,47.8103015156514,
8.75899832347878));
#1200=CARTESIAN_POINT('Ctrl Pts',(-0.534157712750667,47.7860479671904,8.75930691357993));
#1201=CARTESIAN_POINT('Ctrl Pts',(-1.06812590425033,47.7617944187294,8.71119498449561));
#1202=CARTESIAN_POINT('Ctrl Pts',(-1.59303935796202,47.7375408702684,8.61412091309045));
#1203=CARTESIAN_POINT('Ctrl Pts',(-2.98794829310309,47.6730893093151,8.35615555019855));
#1204=CARTESIAN_POINT('Ctrl Pts',(-4.31891434979034,47.6086377483617,7.75242862153087));
#1205=CARTESIAN_POINT('Ctrl Pts',(-5.431851686263,47.5441861874084,6.8728335375473));
#1206=CARTESIAN_POINT('Ctrl Pts',(-6.54478902273566,47.4797346264551,5.99323845356373));
#1207=CARTESIAN_POINT('Ctrl Pts',(-7.43969763899373,47.4152830655018,4.83777521426427));
#1208=CARTESIAN_POINT('Ctrl Pts',(-8.01297413628582,47.3508315045485,3.54021167595454));
#1209=CARTESIAN_POINT('Ctrl Pts',(-8.5862506335779,47.2863799435952,2.24264813764482));
#1210=CARTESIAN_POINT('Ctrl Pts',(-8.837895011904,47.2219283826418,0.802984300324794));
#1211=CARTESIAN_POINT('Ctrl Pts',(-8.73877425123282,47.1574768216885,-0.612110087570032));
#1212=CARTESIAN_POINT('Ctrl Pts',(-8.63965349056164,47.0930252607352,-2.02720447546486));
#1213=CARTESIAN_POINT('Ctrl Pts',(-8.1897675908932,47.0285736997819,-3.4177294139345));
#1214=CARTESIAN_POINT('Ctrl Pts',(-7.44120017273611,46.9641221388286,-4.62270399448947));
#1215=CARTESIAN_POINT('Ctrl Pts',(-6.69263275457902,46.8996705778753,-5.82767857504446));
#1216=CARTESIAN_POINT('Ctrl Pts',(-5.64538381793328,46.8352190169219,-6.84710279768475));
#1217=CARTESIAN_POINT('Ctrl Pts',(-4.42069246686858,46.7707674559686,-7.56295797405984));
#1218=CARTESIAN_POINT('Ctrl Pts',(-3.19600111580388,46.7063158950153,-8.27881315043493));
#1219=CARTESIAN_POINT('Ctrl Pts',(-1.79386735032021,46.641864334062,-8.69109928054483));
#1220=CARTESIAN_POINT('Ctrl Pts',(-0.376617757199474,46.5774127731087,-8.75208614505094));
#1221=CARTESIAN_POINT('Ctrl Pts',(1.04063183592125,46.5129612121553,-8.81307300955705));
#1222=CARTESIAN_POINT('Ctrl Pts',(2.47299725667904,46.448509651202,-8.5227606084594));
#1223=CARTESIAN_POINT('Ctrl Pts',(3.75465732999084,46.3840580902487,-7.91475815811676));
#1224=CARTESIAN_POINT('Ctrl Pts',(5.03631740330266,46.3196065292954,-7.30675570777411));
#1225=CARTESIAN_POINT('Ctrl Pts',(6.16727212916847,46.255154968342,-6.38106320818646));
#1226=CARTESIAN_POINT('Ctrl Pts',(7.01658328167289,46.1907034073887,-5.24484846307087));
#1227=CARTESIAN_POINT('Ctrl Pts',(7.86589443417731,46.1262518464354,-4.10863371795527));
#1228=CARTESIAN_POINT('Ctrl Pts',(8.43356201332033,46.0618002854821,-2.76189672731173));
#1229=CARTESIAN_POINT('Ctrl Pts',(8.65388365365016,45.9973487245288,-1.36054811982264));
#1230=CARTESIAN_POINT('Ctrl Pts',(8.87420529398,45.9328971635754,0.0408004876664603));
#1231=CARTESIAN_POINT('Ctrl Pts',(8.74718099549665,45.8684456026221,1.49676071200111));
#1232=CARTESIAN_POINT('Ctrl Pts',(8.28748154377391,45.8039940416688,2.83877387352111));
#1233=CARTESIAN_POINT('Ctrl Pts',(7.82778209205117,45.7395424807155,4.1807870350411));
#1234=CARTESIAN_POINT('Ctrl Pts',(7.03540748708903,45.6750909197622,5.40885313374643));
#1235=CARTESIAN_POINT('Ctrl Pts',(6.00216638695256,45.6106393588089,6.38080253586515));
#1236=CARTESIAN_POINT('Ctrl Pts',(4.96892528681611,45.5461877978556,7.35275193798386));
#1237=CARTESIAN_POINT('Ctrl Pts',(3.69481769150533,45.4817362369022,8.06858464351596));
#1238=CARTESIAN_POINT('Ctrl Pts',(2.32719366445941,45.4172846759489,8.44541289360021));
#1239=CARTESIAN_POINT('Ctrl Pts',(1.5704871893533,45.3816236225164,8.65391199218477));
#1240=CARTESIAN_POINT('Ctrl Pts',(0.785151502968129,45.3459625690839,8.75862793737605));
#1241=CARTESIAN_POINT('Ctrl Pts',(-9.23546466125617E-5,45.3103015156514,
8.75881373269106));
#1242=CARTESIAN_POINT('Ctrl Pts',(9.80105895983764,50.030575310229,2.6240488425878));
#1243=CARTESIAN_POINT('Ctrl Pts',(9.72116721595162,50.030575310229,2.85773869504215));
#1244=CARTESIAN_POINT('Ctrl Pts',(9.63272164511726,50.030575310229,3.08800173620558));
#1245=CARTESIAN_POINT('Ctrl Pts',(9.53605624122227,50.030575310229,3.31445006998546));
#1246=CARTESIAN_POINT('Ctrl Pts',(9.43859723894447,50.030575310229,3.54275748699713));
#1247=CARTESIAN_POINT('Ctrl Pts',(9.3327825322167,50.030575310229,3.76718786357024));
#1248=CARTESIAN_POINT('Ctrl Pts',(9.21890584241732,50.030575310229,3.98732204835148));
#1249=CARTESIAN_POINT('Ctrl Pts',(9.10493664339295,50.030575310229,4.20763506202971));
#1250=CARTESIAN_POINT('Ctrl Pts',(8.98289195518462,50.030575310229,4.42364543659025));
#1251=CARTESIAN_POINT('Ctrl Pts',(8.85302353557995,50.030575310229,4.63490322291403));
#1252=CARTESIAN_POINT('Ctrl Pts',(8.72472683248898,50.030575310229,4.84360428796237));
#1253=CARTESIAN_POINT('Ctrl Pts',(8.58879417169311,50.030575310229,5.04766753817892));
#1254=CARTESIAN_POINT('Ctrl Pts',(8.44543312469158,50.030575310229,5.24662301624821));
#1255=CARTESIAN_POINT('Ctrl Pts',(8.35308736810184,50.030575310229,5.37477982407195));
#1256=CARTESIAN_POINT('Ctrl Pts',(8.25765868377534,50.030575310229,5.5008165325861));
#1257=CARTESIAN_POINT('Ctrl Pts',(8.15919596584806,50.030575310229,5.62459816401319));
#1258=CARTESIAN_POINT('Ctrl Pts',(8.0853489274026,50.030575310229,5.71743438758351));
#1259=CARTESIAN_POINT('Ctrl Pts',(8.00979513765318,50.030575310229,5.80900198209547));
#1260=CARTESIAN_POINT('Ctrl Pts',(7.93255356354278,50.030575310229,5.89924095744985));
#1261=CARTESIAN_POINT('Ctrl Pts',(7.91169122575072,50.030575310229,5.92361379044211));
#1262=CARTESIAN_POINT('Ctrl Pts',(7.89070575705023,50.030575310229,5.94788968556382));
#1263=CARTESIAN_POINT('Ctrl Pts',(7.86959751492025,50.030575310229,5.97206742595304));
#1264=CARTESIAN_POINT('Ctrl Pts',(7.85230450872048,50.030575310229,5.9918751300656));
#1265=CARTESIAN_POINT('Ctrl Pts',(7.83493551647586,50.030575310229,6.01160960146412));
#1266=CARTESIAN_POINT('Ctrl Pts',(7.81749145384072,50.030575310229,6.03126971339533));
#1267=CARTESIAN_POINT('Ctrl Pts',(7.65602127655495,50.030575310229,6.2132526508216));
#1268=CARTESIAN_POINT('Ctrl Pts',(7.48810622794793,50.030575310229,6.38888537835155));
#1269=CARTESIAN_POINT('Ctrl Pts',(7.31400609723574,50.030575310229,6.55776478166888));
#1270=CARTESIAN_POINT('Ctrl Pts',(7.27486978790932,50.030575310229,6.59572751346036));
#1271=CARTESIAN_POINT('Ctrl Pts',(7.23542078647405,50.030575310229,6.63334884678013));
#1272=CARTESIAN_POINT('Ctrl Pts',(7.19566178919002,50.030575310229,6.6706239431873));
#1273=CARTESIAN_POINT('Ctrl Pts',(7.01844437838075,50.030575310229,6.83676988559509));
#1274=CARTESIAN_POINT('Ctrl Pts',(6.83507054854243,50.030575310229,6.99604039849948));
#1275=CARTESIAN_POINT('Ctrl Pts',(6.64600143504083,50.030575310229,7.14819772933554));
#1276=CARTESIAN_POINT('Ctrl Pts',(6.4567782372082,50.030575310229,7.30047906276567));
#1277=CARTESIAN_POINT('Ctrl Pts',(6.26184984856553,50.030575310229,7.44563590941409));
#1278=CARTESIAN_POINT('Ctrl Pts',(6.06165348514423,50.030575310229,7.58338425384134));
#1279=CARTESIAN_POINT('Ctrl Pts',(5.86281115639934,50.030575310229,7.72020093281879));
#1280=CARTESIAN_POINT('Ctrl Pts',(5.65877125508291,50.030575310229,7.84970921562782));
#1281=CARTESIAN_POINT('Ctrl Pts',(5.44994676115821,50.030575310229,7.97158194645161));
#1282=CARTESIAN_POINT('Ctrl Pts',(5.26870987380783,50.030575310229,8.07735418596369));
#1283=CARTESIAN_POINT('Ctrl Pts',(5.08386859810317,50.030575310229,8.17737442122195));
#1284=CARTESIAN_POINT('Ctrl Pts',(4.89568873133926,50.030575310229,8.27139654029205));
#1285=CARTESIAN_POINT('Ctrl Pts',(4.87180440467954,50.030575310229,8.28333009643558));
#1286=CARTESIAN_POINT('Ctrl Pts',(4.84787418131735,50.030575310229,8.29516303454645));
#1287=CARTESIAN_POINT('Ctrl Pts',(4.82390150029652,50.030575310229,8.30689367059056));
#1288=CARTESIAN_POINT('Ctrl Pts',(4.60946771826471,50.030575310229,8.41182330488526));
#1289=CARTESIAN_POINT('Ctrl Pts',(4.39156565126648,50.030575310229,8.5086079681318));
#1290=CARTESIAN_POINT('Ctrl Pts',(4.170629775767,50.030575310229,8.5970231436829));
#1291=CARTESIAN_POINT('Ctrl Pts',(3.95090442392943,50.030575310229,8.68495388608418));
#1292=CARTESIAN_POINT('Ctrl Pts',(3.72817780297169,50.030575310229,8.76460681188875));
#1293=CARTESIAN_POINT('Ctrl Pts',(3.50286043459686,50.030575310229,8.83571269036019));
#1294=CARTESIAN_POINT('Ctrl Pts',(3.38139736854913,50.030575310229,8.87404412515128));
#1295=CARTESIAN_POINT('Ctrl Pts',(3.25918119024282,50.030575310229,8.90989091637814));
#1296=CARTESIAN_POINT('Ctrl Pts',(3.13627510255816,50.030575310229,8.94320467773668));
#1297=CARTESIAN_POINT('Ctrl Pts',(2.90682263050261,50.030575310229,9.00539789404665));
#1298=CARTESIAN_POINT('Ctrl Pts',(2.67496534014305,50.030575310229,9.05876579524672));
#1299=CARTESIAN_POINT('Ctrl Pts',(2.44121916905668,50.030575310229,9.10326063687255));
#1300=CARTESIAN_POINT('Ctrl Pts',(2.20907594792983,50.030575310229,9.14745034834695));
#1301=CARTESIAN_POINT('Ctrl Pts',(1.97506899984186,50.030575310229,9.18288819401281));
#1302=CARTESIAN_POINT('Ctrl Pts',(1.7397116214508,50.030575310229,9.20947693945691));
#1303=CARTESIAN_POINT('Ctrl Pts',(1.66320140939059,50.030575310229,9.21812043542992));
#1304=CARTESIAN_POINT('Ctrl Pts',(1.58654859144794,50.030575310229,9.22582838480609));
#1305=CARTESIAN_POINT('Ctrl Pts',(1.50977116215568,50.030575310229,9.23259630931318));
#1306=CARTESIAN_POINT('Ctrl Pts',(1.46503802313936,50.030575310229,9.23653953208866));
#1307=CARTESIAN_POINT('Ctrl Pts',(1.42026258717662,50.030575310229,9.24016364139872));
#1308=CARTESIAN_POINT('Ctrl Pts',(1.37544844946713,50.030575310229,9.24346766440259));
#1309=CARTESIAN_POINT('Ctrl Pts',(1.3495769878126,50.030575310229,9.24537509604848));
#1310=CARTESIAN_POINT('Ctrl Pts',(1.32369806706687,50.030575310229,9.24717542592573));
#1311=CARTESIAN_POINT('Ctrl Pts',(1.2978198178246,50.030575310229,9.24886816828629));
#1312=CARTESIAN_POINT('Ctrl Pts',(1.06456373141637,50.030575310229,9.26412586422341));
#1313=CARTESIAN_POINT('Ctrl Pts',(0.831176333097098,50.030575310229,9.27066080202242));
#1314=CARTESIAN_POINT('Ctrl Pts',(0.598148376262318,50.030575310229,9.26849416543999));
#1315=CARTESIAN_POINT('Ctrl Pts',(0.365442599770683,50.030575310229,9.2663305244111));
#1316=CARTESIAN_POINT('Ctrl Pts',(0.13309459882785,50.030575310229,9.25548928180932));
#1317=CARTESIAN_POINT('Ctrl Pts',(-0.0984038201024838,50.030575310229,9.23593976744284));
#1318=CARTESIAN_POINT('Ctrl Pts',(-0.326943775935506,50.030575310229,9.21664008854863));
#1319=CARTESIAN_POINT('Ctrl Pts',(-0.554656329014847,50.030575310229,9.18885313908661));
#1320=CARTESIAN_POINT('Ctrl Pts',(-0.781055833843337,50.030575310229,9.15250074406138));
#1321=CARTESIAN_POINT('Ctrl Pts',(-0.973110175216466,50.030575310229,9.12166306493662));
#1322=CARTESIAN_POINT('Ctrl Pts',(-1.16421962455565,50.030575310229,9.08466077842325));
#1323=CARTESIAN_POINT('Ctrl Pts',(-1.35407575589289,50.030575310229,9.04141924223755));
#1324=CARTESIAN_POINT('Ctrl Pts',(-1.53139295187668,50.030575310229,9.0010335676087));
#1325=CARTESIAN_POINT('Ctrl Pts',(-1.70761694298567,50.030575310229,8.95520505255675));
#1326=CARTESIAN_POINT('Ctrl Pts',(-1.88250753703818,50.030575310229,8.904009339432));
#1327=CARTESIAN_POINT('Ctrl Pts',(-1.9720034339096,50.030575310229,8.87781121089974));
#1328=CARTESIAN_POINT('Ctrl Pts',(-2.06114996745955,50.030575310229,8.85020736797447));
#1329=CARTESIAN_POINT('Ctrl Pts',(-2.1499135891207,50.030575310229,8.82120646951618));
#1330=CARTESIAN_POINT('Ctrl Pts',(-2.17598651779257,50.030575310229,8.81268790816444));
#1331=CARTESIAN_POINT('Ctrl Pts',(-2.20202307706413,50.030575310229,8.80404986211986));
#1332=CARTESIAN_POINT('Ctrl Pts',(-2.22801442234464,50.030575310229,8.79529540427762));
#1333=CARTESIAN_POINT('Ctrl Pts',(-2.4457856864703,50.030575310229,8.72194524365818));
#1334=CARTESIAN_POINT('Ctrl Pts',(-2.66055303462144,50.030575310229,8.64037194210467));
#1335=CARTESIAN_POINT('Ctrl Pts',(-2.87186420693623,50.030575310229,8.5508057272826));
#1336=CARTESIAN_POINT('Ctrl Pts',(-3.08489392100409,50.030575310229,8.46051109248087));
#1337=CARTESIAN_POINT('Ctrl Pts',(-3.29441166002481,50.030575310229,8.36209268869221));
#1338=CARTESIAN_POINT('Ctrl Pts',(-3.49992440837113,50.030575310229,8.25574176032931));
#1339=CARTESIAN_POINT('Ctrl Pts',(-3.65405896963086,50.030575310229,8.17597856405713));
#1340=CARTESIAN_POINT('Ctrl Pts',(-3.80594016973485,50.030575310229,8.09175237027267));
#1341=CARTESIAN_POINT('Ctrl Pts',(-3.95534591264622,50.030575310229,8.00312924104438));
#1342=CARTESIAN_POINT('Ctrl Pts',(-3.9857158472589,50.030575310229,7.98511468158109));
#1343=CARTESIAN_POINT('Ctrl Pts',(-4.01598345289897,50.030575310229,7.96691840534319));
#1344=CARTESIAN_POINT('Ctrl Pts',(-4.04614679364293,50.030575310229,7.94854090959504));
#1345=CARTESIAN_POINT('Ctrl Pts',(-4.07600381688803,50.030575310229,7.93035004266167));
#1346=CARTESIAN_POINT('Ctrl Pts',(-4.10575184147568,50.030575310229,7.9119857593514));
#1347=CARTESIAN_POINT('Ctrl Pts',(-4.13538424875181,50.030575310229,7.89345188627879));
#1348=CARTESIAN_POINT('Ctrl Pts',(-4.32650942086942,50.030575310229,7.7739108159905));
#1349=CARTESIAN_POINT('Ctrl Pts',(-4.51289348517378,50.030575310229,7.64727773856726));
#1350=CARTESIAN_POINT('Ctrl Pts',(-4.69408293819817,50.030575310229,7.5137403040044));
#1351=CARTESIAN_POINT('Ctrl Pts',(-4.87527239122255,50.030575310229,7.38020286944155));
#1352=CARTESIAN_POINT('Ctrl Pts',(-5.0512677815714,50.030575310229,7.23976072575558));
#1353=CARTESIAN_POINT('Ctrl Pts',(-5.22157692534186,50.030575310229,7.09256564766866));
#1354=CARTESIAN_POINT('Ctrl Pts',(-5.37346135496162,50.030575310229,6.96129471304287));
#1355=CARTESIAN_POINT('Ctrl Pts',(-5.52082282144792,50.030575310229,6.8246519761382));
#1356=CARTESIAN_POINT('Ctrl Pts',(-5.66341655853792,50.030575310229,6.68290846316095));
#1357=CARTESIAN_POINT('Origin',(0.,37.530575310229,0.));
#1358=CARTESIAN_POINT('Origin',(0.,50.030575310229,-19.8629096012943));
#1359=CARTESIAN_POINT('',(-2.43250486649783E-15,50.030575310229,19.8629096012943));
#1360=CARTESIAN_POINT('Origin',(0.,50.030575310229,0.));
#1361=CARTESIAN_POINT('Origin',(0.,37.530575310229,0.));
#1362=CARTESIAN_POINT('',(-4.89547914753526E-15,25.030575310229,39.9746208534876));
#1363=CARTESIAN_POINT('Origin',(0.,25.030575310229,0.));
#1364=CARTESIAN_POINT('',(-3.66399200701654E-15,37.530575310229,29.9187652273909));
#1365=CARTESIAN_POINT('Origin',(0.,25.030575310229,-9.86290960129429));
#1366=UNCERTAINTY_MEASURE_WITH_UNIT(LENGTH_MEASURE(0.01),#1370,
'DISTANCE_ACCURACY_VALUE',
'Maximum model space distance between geometric entities at asserted c
onnectivities');
#1367=UNCERTAINTY_MEASURE_WITH_UNIT(LENGTH_MEASURE(0.01),#1370,
'DISTANCE_ACCURACY_VALUE',
'Maximum model space distance between geometric entities at asserted c
onnectivities');
#1368=(
GEOMETRIC_REPRESENTATION_CONTEXT(3)
GLOBAL_UNCERTAINTY_ASSIGNED_CONTEXT((#1366))
GLOBAL_UNIT_ASSIGNED_CONTEXT((#1370,#1371,#1372))
REPRESENTATION_CONTEXT('','3D')
);
#1369=(
GEOMETRIC_REPRESENTATION_CONTEXT(3)
GLOBAL_UNCERTAINTY_ASSIGNED_CONTEXT((#1367))
GLOBAL_UNIT_ASSIGNED_CONTEXT((#1370,#1371,#1372))
REPRESENTATION_CONTEXT('','3D')
);
#1370=(
LENGTH_UNIT()
NAMED_UNIT(*)
SI_UNIT(.MILLI.,.METRE.)
);
#1371=(
NAMED_UNIT(*)
PLANE_ANGLE_UNIT()
SI_UNIT($,.RADIAN.)
);
#1372=(
NAMED_UNIT(*)
SI_UNIT($,.STERADIAN.)
SOLID_ANGLE_UNIT()
);
#1373=SHAPE_DEFINITION_REPRESENTATION(#1374,#1375);
#1374=PRODUCT_DEFINITION_SHAPE('',$,#1377);
#1375=SHAPE_REPRESENTATION('',(#244),#1368);
#1376=PRODUCT_DEFINITION_CONTEXT('part definition',#1381,'design');
#1377=PRODUCT_DEFINITION('BusStop852','BusStop852 v12',#1378,#1376);
#1378=PRODUCT_DEFINITION_FORMATION('',$,#1383);
#1379=PRODUCT_RELATED_PRODUCT_CATEGORY('BusStop852 v12',
'BusStop852 v12',(#1383));
#1380=APPLICATION_PROTOCOL_DEFINITION('international standard',
'automotive_design',2009,#1381);
#1381=APPLICATION_CONTEXT(
'Core Data for Automotive Mechanical Design Process');
#1382=PRODUCT_CONTEXT('part definition',#1381,'mechanical');
#1383=PRODUCT('BusStop852','BusStop852 v12',$,(#1382));
#1384=PRESENTATION_STYLE_ASSIGNMENT((#1388));
#1385=PRESENTATION_STYLE_ASSIGNMENT((#1389));
#1386=PRESENTATION_STYLE_ASSIGNMENT((#1390));
#1387=PRESENTATION_STYLE_ASSIGNMENT((#1391));
#1388=SURFACE_STYLE_USAGE(.BOTH.,#1392);
#1389=SURFACE_STYLE_USAGE(.BOTH.,#1393);
#1390=SURFACE_STYLE_USAGE(.BOTH.,#1394);
#1391=SURFACE_STYLE_USAGE(.BOTH.,#1395);
#1392=SURFACE_SIDE_STYLE('',(#1396));
#1393=SURFACE_SIDE_STYLE('',(#1397));
#1394=SURFACE_SIDE_STYLE('',(#1398));
#1395=SURFACE_SIDE_STYLE('',(#1399));
#1396=SURFACE_STYLE_FILL_AREA(#1400);
#1397=SURFACE_STYLE_FILL_AREA(#1401);
#1398=SURFACE_STYLE_FILL_AREA(#1402);
#1399=SURFACE_STYLE_FILL_AREA(#1403);
#1400=FILL_AREA_STYLE('Steel - Satin',(#1404));
#1401=FILL_AREA_STYLE('ABS (White)',(#1405));
#1402=FILL_AREA_STYLE('Aluminum - Anodized Rough (Grey)',(#1406));
#1403=FILL_AREA_STYLE('Plastic - Translucent Glossy (Red)',(#1407));
#1404=FILL_AREA_STYLE_COLOUR('Steel - Satin',#1408);
#1405=FILL_AREA_STYLE_COLOUR('ABS (White)',#1409);
#1406=FILL_AREA_STYLE_COLOUR('Aluminum - Anodized Rough (Grey)',#1410);
#1407=FILL_AREA_STYLE_COLOUR('Plastic - Translucent Glossy (Red)',#1411);
#1408=COLOUR_RGB('Steel - Satin',0.627450980392157,0.627450980392157,0.627450980392157);
#1409=COLOUR_RGB('ABS (White)',0.964705882352941,0.964705882352941,0.952941176470588);
#1410=COLOUR_RGB('Aluminum - Anodized Rough (Grey)',0.537254901960784,0.537254901960784,
0.537254901960784);
#1411=COLOUR_RGB('Plastic - Translucent Glossy (Red)',0.768627450980392,
0.207843137254902,0.152941176470588);
ENDSEC;
END-ISO-10303-21;
